symbol,group,bars,first,last,delisted
AAPL,survivor,2514,2016-07-25,2026-07-24,no
MSFT,survivor,2514,2016-07-25,2026-07-24,no
GOOGL,survivor,2514,2016-07-25,2026-07-24,no
AMZN,survivor,2514,2016-07-25,2026-07-24,no
META,survivor,2514,2016-07-25,2026-07-24,no
INTC,survivor,2514,2016-07-25,2026-07-24,no
CSCO,survivor,2514,2016-07-25,2026-07-24,no
ORCL,survivor,2514,2016-07-25,2026-07-24,no
IBM,survivor,2514,2016-07-25,2026-07-24,no
QCOM,survivor,2514,2016-07-25,2026-07-24,no
TXN,survivor,2514,2016-07-25,2026-07-24,no
AVGO,survivor,2514,2016-07-25,2026-07-24,no
ADBE,survivor,2514,2016-07-25,2026-07-24,no
CRM,survivor,2514,2016-07-25,2026-07-24,no
NVDA,survivor,2514,2016-07-25,2026-07-24,no
AMD,survivor,2514,2016-07-25,2026-07-24,no
MU,survivor,2514,2016-07-25,2026-07-24,no
HPQ,survivor,2514,2016-07-25,2026-07-24,no
HPE,survivor,2514,2016-07-25,2026-07-24,no
STX,survivor,2514,2016-07-25,2026-07-24,no
WDC,survivor,2514,2016-07-25,2026-07-24,no
NTAP,survivor,2514,2016-07-25,2026-07-24,no
AKAM,survivor,2514,2016-07-25,2026-07-24,no
EBAY,survivor,2514,2016-07-25,2026-07-24,no
PYPL,survivor,2514,2016-07-25,2026-07-24,no
NFLX,survivor,2514,2016-07-25,2026-07-24,no
DIS,survivor,2514,2016-07-25,2026-07-24,no
CMCSA,survivor,2514,2016-07-25,2026-07-24,no
T,survivor,2514,2016-07-25,2026-07-24,no
VZ,survivor,2514,2016-07-25,2026-07-24,no
TMUS,survivor,2514,2016-07-25,2026-07-24,no
JPM,survivor,2514,2016-07-25,2026-07-24,no
BAC,survivor,2514,2016-07-25,2026-07-24,no
WFC,survivor,2514,2016-07-25,2026-07-24,no
C,survivor,2514,2016-07-25,2026-07-24,no
GS,survivor,2514,2016-07-25,2026-07-24,no
MS,survivor,2514,2016-07-25,2026-07-24,no
USB,survivor,2514,2016-07-25,2026-07-24,no
PNC,survivor,2514,2016-07-25,2026-07-24,no
AXP,survivor,2514,2016-07-25,2026-07-24,no
SCHW,survivor,2514,2016-07-25,2026-07-24,no
BLK,survivor,2514,2016-07-25,2026-07-24,no
COF,survivor,2514,2016-07-25,2026-07-24,no
TRV,survivor,2514,2016-07-25,2026-07-24,no
ALL,survivor,2514,2016-07-25,2026-07-24,no
PGR,survivor,2514,2016-07-25,2026-07-24,no
MET,survivor,2514,2016-07-25,2026-07-24,no
PRU,survivor,2514,2016-07-25,2026-07-24,no
AIG,survivor,2514,2016-07-25,2026-07-24,no
JNJ,survivor,2514,2016-07-25,2026-07-24,no
PFE,survivor,2514,2016-07-25,2026-07-24,no
MRK,survivor,2514,2016-07-25,2026-07-24,no
ABBV,survivor,2514,2016-07-25,2026-07-24,no
AMGN,survivor,2514,2016-07-25,2026-07-24,no
GILD,survivor,2514,2016-07-25,2026-07-24,no
BIIB,survivor,2514,2016-07-25,2026-07-24,no
LLY,survivor,2514,2016-07-25,2026-07-24,no
BMY,survivor,2514,2016-07-25,2026-07-24,no
UNH,survivor,2514,2016-07-25,2026-07-24,no
CVS,survivor,2514,2016-07-25,2026-07-24,no
CI,survivor,2514,2016-07-25,2026-07-24,no
HUM,survivor,2514,2016-07-25,2026-07-24,no
ABT,survivor,2514,2016-07-25,2026-07-24,no
MDT,survivor,2514,2016-07-25,2026-07-24,no
SYK,survivor,2514,2016-07-25,2026-07-24,no
BSX,survivor,2514,2016-07-25,2026-07-24,no
BAX,survivor,2514,2016-07-25,2026-07-24,no
ZTS,survivor,2514,2016-07-25,2026-07-24,no
XOM,survivor,2514,2016-07-25,2026-07-24,no
CVX,survivor,2514,2016-07-25,2026-07-24,no
COP,survivor,2514,2016-07-25,2026-07-24,no
SLB,survivor,2514,2016-07-25,2026-07-24,no
HAL,survivor,2514,2016-07-25,2026-07-24,no
OXY,survivor,2514,2016-07-25,2026-07-24,no
PSX,survivor,2514,2016-07-25,2026-07-24,no
VLO,survivor,2514,2016-07-25,2026-07-24,no
MPC,survivor,2514,2016-07-25,2026-07-24,no
KMI,survivor,2514,2016-07-25,2026-07-24,no
WMB,survivor,2514,2016-07-25,2026-07-24,no
DVN,survivor,2514,2016-07-25,2026-07-24,no
APA,survivor,2514,2016-07-25,2026-07-24,no
BA,survivor,2514,2016-07-25,2026-07-24,no
CAT,survivor,2514,2016-07-25,2026-07-24,no
DE,survivor,2514,2016-07-25,2026-07-24,no
MMM,survivor,2514,2016-07-25,2026-07-24,no
HON,survivor,2514,2016-07-25,2026-07-24,no
GE,survivor,2514,2016-07-25,2026-07-24,no
UPS,survivor,2514,2016-07-25,2026-07-24,no
FDX,survivor,2514,2016-07-25,2026-07-24,no
LMT,survivor,2514,2016-07-25,2026-07-24,no
RTX,survivor,2514,2016-07-25,2026-07-24,no
NOC,survivor,2514,2016-07-25,2026-07-24,no
GD,survivor,2514,2016-07-25,2026-07-24,no
EMR,survivor,2514,2016-07-25,2026-07-24,no
ETN,survivor,2514,2016-07-25,2026-07-24,no
ITW,survivor,2514,2016-07-25,2026-07-24,no
CSX,survivor,2514,2016-07-25,2026-07-24,no
UNP,survivor,2514,2016-07-25,2026-07-24,no
NSC,survivor,2514,2016-07-25,2026-07-24,no
DAL,survivor,2514,2016-07-25,2026-07-24,no
UAL,survivor,2514,2016-07-25,2026-07-24,no
LUV,survivor,2514,2016-07-25,2026-07-24,no
PG,survivor,2514,2016-07-25,2026-07-24,no
KO,survivor,2514,2016-07-25,2026-07-24,no
PEP,survivor,2514,2016-07-25,2026-07-24,no
WMT,survivor,2514,2016-07-25,2026-07-24,no
COST,survivor,2514,2016-07-25,2026-07-24,no
TGT,survivor,2514,2016-07-25,2026-07-24,no
HD,survivor,2514,2016-07-25,2026-07-24,no
LOW,survivor,2514,2016-07-25,2026-07-24,no
MCD,survivor,2514,2016-07-25,2026-07-24,no
SBUX,survivor,2514,2016-07-25,2026-07-24,no
NKE,survivor,2514,2016-07-25,2026-07-24,no
KHC,survivor,2514,2016-07-25,2026-07-24,no
GIS,survivor,2514,2016-07-25,2026-07-24,no
CPB,survivor,2514,2016-07-25,2026-07-24,no
CL,survivor,2514,2016-07-25,2026-07-24,no
KMB,survivor,2514,2016-07-25,2026-07-24,no
MO,survivor,2514,2016-07-25,2026-07-24,no
PM,survivor,2514,2016-07-25,2026-07-24,no
MDLZ,survivor,2514,2016-07-25,2026-07-24,no
CLX,survivor,2514,2016-07-25,2026-07-24,no
SYY,survivor,2514,2016-07-25,2026-07-24,no
YUM,survivor,2514,2016-07-25,2026-07-24,no
M,survivor,2514,2016-07-25,2026-07-24,no
KSS,survivor,2514,2016-07-25,2026-07-24,no
BBY,survivor,2514,2016-07-25,2026-07-24,no
F,survivor,2514,2016-07-25,2026-07-24,no
GM,survivor,2514,2016-07-25,2026-07-24,no
COTY,survivor,2514,2016-07-25,2026-07-24,no
DD,survivor,2514,2016-07-25,2026-07-24,no
NEM,survivor,2514,2016-07-25,2026-07-24,no
FCX,survivor,2514,2016-07-25,2026-07-24,no
MOS,survivor,2514,2016-07-25,2026-07-24,no
NUE,survivor,2514,2016-07-25,2026-07-24,no
CLF,survivor,2514,2016-07-25,2026-07-24,no
DUK,survivor,2514,2016-07-25,2026-07-24,no
SO,survivor,2514,2016-07-25,2026-07-24,no
D,survivor,2514,2016-07-25,2026-07-24,no
NEE,survivor,2514,2016-07-25,2026-07-24,no
AEP,survivor,2514,2016-07-25,2026-07-24,no
EXC,survivor,2514,2016-07-25,2026-07-24,no
XEL,survivor,2514,2016-07-25,2026-07-24,no
SPG,survivor,2514,2016-07-25,2026-07-24,no
PLD,survivor,2514,2016-07-25,2026-07-24,no
AMT,survivor,2514,2016-07-25,2026-07-24,no
CCI,survivor,2514,2016-07-25,2026-07-24,no
O,survivor,2514,2016-07-25,2026-07-24,no
TWX,delisted_candidate,477,2016-07-25,2018-06-15,yes
ESRX,delisted_candidate,608,2016-07-25,2018-12-21,yes
AET,delisted_candidate,594,2016-07-25,2018-11-29,yes
ANDV,delisted_candidate,551,2016-07-25,2018-10-01,yes
SCG,delisted_candidate,614,2016-07-25,2018-12-31,yes
FOX,delisted_candidate,1852,2019-03-13,2026-07-24,no
SBNY,delisted_candidate,486,2024-08-15,2026-07-24,no
INFO,delisted_candidate,447,2024-10-10,2026-07-24,no
LB,delisted_candidate,519,2024-06-28,2026-07-24,no
