stop,symbol,fired,avg_cost,fire_price,trough_after,final_price,value,base_value
0.1,AAPL,False,0.0,0.0,0.0,0.0,98284.57242274065,98284.57242274065
0.1,MSFT,False,0.0,0.0,0.0,0.0,61714.94521113908,61714.94521113908
0.1,GOOGL,False,0.0,0.0,0.0,0.0,67149.26766796209,67149.26766796209
0.1,AMZN,False,0.0,0.0,0.0,0.0,47190.642890011084,47190.642890011084
0.1,META,True,146.2735873198348,125.86121291250001,88.136017,595.190002,8603.507158035163,40690.18972636435
0.1,INTC,True,29.893979550292766,26.531559584,18.129999,92.32,8873.545771774041,30882.4724539212
0.1,CSCO,False,0.0,0.0,0.0,0.0,47256.05257003731,47256.05257003731
0.1,ORCL,False,0.0,0.0,0.0,0.0,29735.62631854928,29735.62631854928
0.1,IBM,True,102.86005187999093,91.123985215,69.808029,214.190002,8858.025787904166,20823.439040250545
0.1,QCOM,True,52.438618507228206,45.581929634,40.342018,166.970001,8691.435256988498,31841.03734101703
0.1,TXN,False,0.0,0.0,0.0,0.0,44863.44438352435,44863.44438352435
0.1,AVGO,True,18.664697080372623,16.336895466,14.389032,381.920013,8750.152973644697,204621.59731572526
0.1,ADBE,False,0.0,0.0,0.0,0.0,16407.98433023784,16407.98433023784
0.1,CRM,False,0.0,0.0,0.0,0.0,19141.93272103302,19141.93272103302
0.1,NVDA,True,3.991100102700116,3.3145908755,3.146729,206.839996,8292.42762731245,518253.0898186835
0.1,AMD,True,12.326893629006552,10.754620000000001,9.53,521.950012,8720.461394024647,423423.79816744226
0.1,MU,False,0.0,0.0,0.0,0.0,339460.7154038176,339460.7154038176
0.1,HPQ,True,13.598323466212069,11.680587784500002,10.465102,25.75,8586.04945933996,18936.157875624416
0.1,HPE,True,10.919465466701556,9.844267404000002,6.474462,47.689999,9505.379605807826,44410.994697950075
0.1,STX,True,29.672512951560673,26.2993567435,21.728182,851.690002,8861.520015653748,287029.95374552667
0.1,WDC,True,58.61496308012713,52.477655046500004,21.678961,519.799988,8951.945167731765,88680.42572839791
0.1,NTAP,False,0.0,0.0,0.0,0.0,52671.05374208337,52671.05374208337
0.1,AKAM,True,64.30195851297728,58.41077900050001,59.380001,115.370003,9082.825804265616,17941.911205817516
0.1,EBAY,True,30.022908612007857,25.1704174955,23.122013,109.389999,8382.071777494246,36435.51010119278
0.1,PYPL,True,71.14713875690437,62.87376039350001,38.834023,56.150002,8836.145314912403,7892.095589655883
0.1,NFLX,False,0.0,0.0,0.0,0.0,45670.74052588194,45670.74052588194
0.1,DIS,True,99.34960773051924,97.663725709,76.905754,94.849998,9829.308135076677,9547.093357155049
0.1,CMCSA,True,28.57362059615818,25.566414398000003,21.92,22.299999,8945.808709112916,7804.400889608757
0.1,T,True,15.551321759695773,13.751221949500001,11.482008,24.129999,9129.447079440202,15599.402914194256
0.1,VZ,True,29.861360073874238,26.170038435,25.614536,46.380001,8762.172376030469,15531.77781764132
0.1,TMUS,True,63.11580461209456,56.4026935455,52.940437,180.089996,8935.38192401208,28533.26470395504
0.1,JPM,False,0.0,0.0,0.0,0.0,52727.14224235768,52727.14224235768
0.1,BAC,True,18.849772166646602,16.540851437,15.535213,62.049999,8772.44100926539,32918.16922317675
0.1,WFC,True,41.614648026493704,36.983776860999996,18.556761,86.309998,8886.000150105245,20740.29268373273
0.1,C,True,45.56638548648961,40.39465057100001,28.360432,132.190002,8863.913637164727,29010.420859296424
0.1,GS,True,182.59005680610773,160.9006804145,116.619804,1061.22998,8811.127189672783,58120.907488786186
0.1,MS,True,32.527668708885166,28.2265126835,22.917183,214.479996,8676.155963120436,65937.70919137936
0.1,USB,True,36.22371445111604,32.0920469495,21.920897,63.970001,8858.022275104207,17659.70220594788
0.1,PNC,True,86.72046792843167,82.0507111215,63.622101,250.990005,9460.516188913381,28942.418208252293
0.1,AXP,False,0.0,0.0,0.0,0.0,48108.75626943839,48108.75626943839
0.1,SCHW,True,34.854251235356315,28.285784033000002,26.071527,101.970001,8114.012790586602,29256.115792429115
0.1,BLK,True,318.3228697957964,300.856050723,320.309601,1055.670044,9450.28607680619,33163.49983515826
0.1,COF,True,71.25092671594814,62.609787446000006,37.968895,202.839996,8786.22429753128,28468.401093034234
0.1,TRV,True,99.15929183373146,76.5516060495,71.824463,387.26001,7719.063811857427,39054.33397500969
0.1,ALL,True,70.46996244562227,67.1965279285,67.075195,259.970001,9534.485133875558,36890.89535142073
0.1,PGR,False,0.0,0.0,0.0,0.0,58977.81609025851,58977.81609025851
0.1,MET,True,33.451810401643584,29.5493869155,19.124193,94.830002,8831.92465841801,28348.242101521875
0.1,PRU,True,68.66418816317841,62.1989779535,28.517078,119.959999,9057.430546893813,17470.53336084286
0.1,AIG,True,49.7136098189577,44.312946443,16.068785,79.059998,8912.639135310526,15903.08937289269
0.1,JNJ,False,0.0,0.0,0.0,0.0,26730.774023147005,26730.774023147005
0.1,PFE,False,0.0,0.0,0.0,0.0,12091.136560008772,12091.136560008772
0.1,MRK,True,45.73880715848274,40.16334828,39.404099,131.070007,8779.929074418857,28656.192660610675
0.1,ABBV,False,0.0,0.0,0.0,0.0,57904.62226787708,57904.62226787708
0.1,AMGN,False,0.0,0.0,0.0,0.0,30702.837618403602,30702.837618403602
0.1,GILD,True,52.435360264560785,45.735660730000006,46.187176,129.309998,8721.293600967423,24660.83904975019
0.1,BIIB,True,282.94709517403703,224.987455997,113.379997,202.190002,7950.573274099641,7145.858906084037
0.1,LLY,False,0.0,0.0,0.0,0.0,171311.2819100751,171311.2819100751
0.1,BMY,True,39.00001377786022,34.5124121615,32.760822,62.09,8848.051274558626,15920.507196140443
0.1,UNH,False,0.0,0.0,0.0,0.0,28434.737428304652,28434.737428304652
0.1,CVS,True,60.425549016463705,52.039771098,40.908737,107.739998,8611.213202038281,17830.205890333717
0.1,CI,True,149.5887807716782,131.9322238885,117.651283,289.570007,8818.660352060231,19357.735620693325
0.1,HUM,True,217.54485179953258,194.42355659150002,162.459671,389.320007,8936.17111589757,17896.079993598658
0.1,ABT,False,0.0,0.0,0.0,0.0,28153.66327097855,28153.66327097855
0.1,MDT,False,0.0,0.0,0.0,0.0,12819.971140996478,12819.971140996478
0.1,SYK,False,0.0,0.0,0.0,0.0,26697.048595009903,26697.048595009903
0.1,BSX,True,27.598815888159926,24.9275309995,25.200001,44.25,9030.289958994917,16033.296565807936
0.1,BAX,True,51.942123893429,46.845619473,15.791793,22.4,9017.810930626243,4312.492120260361
0.1,ZTS,False,0.0,0.0,0.0,0.0,13071.82347428929,13071.82347428929
0.1,XOM,True,56.43563567901218,50.888129207000006,23.823557,156.940002,9016.020645684826,27808.670906557065
0.1,CVX,True,72.53398874610711,65.48230746750001,41.19001,194.789993,9026.810079038902,26854.995343194107
0.1,COP,True,35.25982540914011,29.169540933500002,18.05689,120.260002,8271.323126273881,34106.80586320373
0.1,SLB,True,55.29651462488973,49.901830603,10.498685,52.419998,9023.407947140035,9479.801458662827
0.1,HAL,True,40.21548508639643,35.6387027345,4.136704,33.360001,8860.692009047458,8295.312347552557
0.1,OXY,True,57.96492002578659,52.01236081,8.285535,57.299999,9228.80668137662,10003.710079496308
0.1,PSX,True,56.733154222479115,51.179081658,32.679379,206.770004,9020.018196397328,36446.06171360599
0.1,VLO,True,45.03728504707337,37.666971093,25.557413,302.5,8362.398189330324,67166.5709164805
0.1,MPC,True,39.55943449915483,33.314945194500005,13.800982,309.23999,8420.22784608098,78170.98346201252
0.1,KMI,True,11.427195067578182,10.1515906655,6.90713,32.860001,8879.336184859942,28755.96400137778
0.1,WMB,True,18.568777684128182,16.6288464175,6.729476,74.0,8952.579809121939,39851.84230152753
0.1,DVN,True,26.212586090395895,21.542822200499998,3.924546,45.040001,8216.595694230758,17182.58581762077
0.1,APA,True,35.289926872793096,31.280809771,3.414926,36.150002,8862.531759767462,10243.716891312117
0.1,BA,True,170.65935609849748,132.44374000250002,95.010002,209.520004,7759.707823487803,12277.088627890626
0.1,CAT,False,0.0,0.0,0.0,0.0,103862.15042971764,103862.15042971764
0.1,DE,False,0.0,0.0,0.0,0.0,60319.985577835156,60319.985577835156
0.1,MMM,True,121.69716815709516,108.5865865465,66.199585,172.619995,8921.688028888962,14184.388808223548
0.1,HON,True,104.26685230495522,95.421471397,103.722954,243.149994,9150.659351709915,23319.970692972038
0.1,GE,True,48.435314203022145,41.184087655,26.567764,353.730011,8501.872720881534,73031.4269289759
0.1,UPS,True,77.24686210935525,68.978463515,66.312904,114.790001,8928.61366085654,14860.150673498745
0.1,FDX,True,131.6273154345547,114.03362066700001,65.074936,314.959991,8662.370539050286,23928.16338768214
0.1,LMT,False,0.0,0.0,0.0,0.0,27124.328164859977,27124.328164859977
0.1,RTX,True,61.561152978686714,54.478315216,40.774231,212.789993,8848.463107824038,34565.62827432273
0.1,NOC,False,0.0,0.0,0.0,0.0,25230.15397547657,25230.15397547657
0.1,GD,True,159.56738781099793,141.281879722,91.916733,386.75,8853.057314602627,24237.408740318046
0.1,EMR,True,47.51287145751641,42.60763052750001,33.264557,147.940002,8966.54511095864,31136.826182412573
0.1,ETN,True,64.11801641417507,56.8208983385,51.991882,404.070007,8860.923920331721,63019.729804159855
0.1,ITW,True,109.94417109939317,99.161596399,101.281784,283.019989,9018.26818015251,25742.154965554342
0.1,CSX,False,0.0,0.0,0.0,0.0,35502.59584902849,35502.59584902849
0.1,UNP,False,0.0,0.0,0.0,0.0,35085.248366293934,35085.248366293934
0.1,NSC,False,0.0,0.0,0.0,0.0,37074.774268745,37074.774268745
0.1,DAL,True,44.941526019595365,37.1822445775,18.523201,85.059998,8272.35918987041,18926.81569444531
0.1,UAL,True,77.72482266731646,69.46525,19.92,118.269997,8936.331423363974,15216.502648867789
0.1,LUV,True,54.70385816163264,48.7947774065,20.949883,45.080002,8918.805484711304,8240.735391423914
0.1,PG,True,67.34446438048819,61.032953257500004,57.09713,147.410004,9061.801793577435,21888.95633160746
0.1,KO,False,0.0,0.0,0.0,0.0,24900.962905788216,24900.962905788216
0.1,PEP,True,85.87768946658622,76.6615910295,74.379417,136.639999,8925.834374057995,15911.000848848484
0.1,WMT,False,0.0,0.0,0.0,0.0,50018.07111648722,50018.07111648722
0.1,COST,True,149.56469282938258,134.2016526065,133.373367,935.030029,9485.40819125647,64113.3910756559
0.1,TGT,False,0.0,0.0,0.0,0.0,30252.492280501294,30252.492280501294
0.1,HD,False,0.0,0.0,0.0,0.0,26838.999940491765,26838.999940491765
0.1,LOW,True,70.85640186838157,61.122073675,57.638363,207.639999,8625.189315756754,29304.338567134568
0.1,MCD,False,0.0,0.0,0.0,0.0,21222.55335534794,21222.55335534794
0.1,SBUX,True,49.858438021236864,44.734239691000006,40.69912,103.25,8971.24768969856,20708.63109590825
0.1,NKE,True,47.63878260493135,43.4988147125,40.75,41.700001,9129.91733504074,8753.372508659239
0.1,KHC,True,58.59422685574463,52.279675086000005,14.81279,25.67,8921.325268444849,4380.977679456025
0.1,GIS,True,41.63640170716007,37.24373381750001,27.335236,36.029999,8943.792520643347,8653.485297170635
0.1,CPB,True,41.8203370305167,37.337600860500004,19.667662,21.84,8926.901003513685,5222.339548354942
0.1,CL,True,59.809702530290494,53.1499987065,48.136723,90.75,8885.517815329762,15173.12345000209
0.1,KMB,True,91.82405794395096,82.4225890895,73.184837,109.699997,8975.143173699687,11946.759864060945
0.1,MO,True,36.93552787159121,33.237103135,18.844017,72.989998,8997.327248315927,19761.46063317533
0.1,PM,True,72.84907103427193,65.40685621200001,44.215275,193.0,8977.406352117967,26493.131245174412
0.1,MDLZ,True,36.33159190053401,32.732793416,30.648256,60.52,9008.081315456744,16657.679125563023
0.1,CLX,True,100.5340350044581,89.76637835800001,86.120003,95.550003,8927.954095398576,9504.244308483481
0.1,SYY,True,42.77368633767804,40.7227654315,26.189621,83.110001,9519.34914144469,19430.170302340975
0.1,YUM,True,62.17392090820492,52.8728133685,50.266762,148.919998,8503.017857674233,23952.164480646006
0.1,M,True,17.403593079877556,15.602908643000001,3.654823,23.379999,8962.464573499292,13434.006927588136
0.1,KSS,True,27.08508744156508,23.467960150000003,5.86608,17.940001,8662.685767812392,6623.571379898545
0.1,BBY,True,40.95013970738295,40.8928463485,35.865356,85.43,9995.502248875562,21554.354451746993
0.1,F,True,7.686139306727279,6.7067229610000005,2.972525,14.37,8719.231715113894,18695.992131475792
0.1,GM,True,29.13855922600394,24.9405604815,16.135914,82.639999,8557.581824171633,28361.04501908595
0.1,COTY,True,17.467043623659023,15.040966754500001,1.85,2.65,8608.192135121171,1517.1428302901747
0.1,DD,True,90.9396072990027,81.848617219,31.678526,137.699997,8999.326661834793,15141.916826983053
0.1,NEM,True,28.81285187431525,25.421038122500004,23.572163,93.190002,8821.07686992162,32343.206568549616
0.1,FCX,True,12.762957706043304,11.0410697035,4.934507,62.599998,8646.953126135004,49048.190428742615
0.1,MOS,True,21.645325105150732,19.009057716500003,6.141687,22.299999,8779.751574152973,10302.455099042832
0.1,NUE,True,48.180591842629866,43.069623415500004,25.144978,247.559998,8938.168206019569,51381.68472662068
0.1,CLF,True,6.9728902664948205,6.0667820914999995,3.021526,11.93,9346.678249496657,17297.68352128602
0.1,DUK,True,58.024736554343455,52.3629444305,55.899467,130.520004,9023.24509613398,22493.855508979454
0.1,SO,True,34.52545242414098,30.6843131685,30.699661,97.25,8885.99888326107,28167.625091568847
0.1,D,True,52.42685906195316,46.886570987000006,34.667995,71.099998,8942.234789555836,13561.750460003845
0.1,NEE,False,0.0,0.0,0.0,0.0,32074.08240392906,32074.08240392906
0.1,AEP,False,0.0,0.0,0.0,0.0,26847.71445759375,26847.71445759375
0.1,EXC,False,0.0,0.0,0.0,0.0,25922.07414656411,25922.07414656411
0.1,XEL,False,0.0,0.0,0.0,0.0,23460.21861609132,23460.21861609132
0.1,SPG,True,102.64291209660028,87.883120458,31.252396,229.779999,8561.025244888862,22386.34839040296
0.1,PLD,False,0.0,0.0,0.0,0.0,32942.70726654926,32942.70726654926
0.1,AMT,False,0.0,0.0,0.0,0.0,16281.056379895213,16281.056379895213
0.1,CCI,False,0.0,0.0,0.0,0.0,10892.24211264676,10892.24211264676
0.1,O,True,36.06164042178348,32.1440309445,29.969793,65.599998,8912.248740932491,18191.074291887595
0.1,TWX,False,0.0,0.0,0.0,0.0,10342.410997895484,10342.410997895484
0.1,ESRX,False,0.0,0.0,0.0,0.0,12396.046158664387,12396.046158664387
0.1,AET,False,0.0,0.0,0.0,0.0,13804.11135706113,13804.11135706113
0.1,ANDV,False,0.0,0.0,0.0,0.0,17842.058925191115,17842.058925191115
0.1,SCG,True,64.81722635054022,57.308877227,33.138699,47.779999,9709.40302299677,11150.055524614394
0.1,FOX,True,32.951509679346,29.1845394305,18.213516,49.41,8855.296681229063,14994.760628818827
0.1,SBNY,True,0.9330249082599369,0.7996000000000001,0.335,0.4,8887.289285893006,9812.049892766154
0.1,INFO,False,0.0,0.0,0.0,0.0,12104.074691934238,12104.074691934238
0.1,LB,True,72.40823886885681,64.0352053805,44.059055,76.330002,8842.635252126247,10541.618356199235
0.15,AAPL,False,0.0,0.0,0.0,0.0,98284.57242274065,98284.57242274065
0.15,MSFT,False,0.0,0.0,0.0,0.0,61714.94521113908,61714.94521113908
0.15,GOOGL,False,0.0,0.0,0.0,0.0,67149.26766796209,67149.26766796209
0.15,AMZN,False,0.0,0.0,0.0,0.0,47190.642890011084,47190.642890011084
0.15,META,True,146.2735873198348,121.96737780400001,88.136017,595.190002,8337.304955720543,40690.18972636435
0.15,INTC,True,29.893979550292766,25.0100397245,18.129999,92.32,8364.573770592251,30882.4724539212
0.15,CSCO,False,0.0,0.0,0.0,0.0,47256.05257003731,47256.05257003731
0.15,ORCL,False,0.0,0.0,0.0,0.0,29735.62631854928,29735.62631854928
0.15,IBM,True,102.86005187999093,87.361785256,69.808029,214.190002,8492.266691905512,20823.439040250545
0.15,QCOM,True,52.438618507228206,44.236502684,40.342018,166.970001,8434.86348063353,31841.03734101703
0.15,TXN,False,0.0,0.0,0.0,0.0,44863.44438352435,44863.44438352435
0.15,AVGO,True,18.664697080372623,14.362131342,16.667343,381.920013,7692.131985949901,204621.59731572526
0.15,ADBE,False,0.0,0.0,0.0,0.0,16407.98433023784,16407.98433023784
0.15,CRM,False,0.0,0.0,0.0,0.0,19141.93272103302,19141.93272103302
0.15,NVDA,True,3.991100102700116,3.3701280930000004,3.146729,206.839996,8431.58028214671,518253.0898186835
0.15,AMD,True,12.326893629006552,9.885055000000001,9.53,521.950012,8015.040364063119,423423.79816744226
0.15,MU,False,0.0,0.0,0.0,0.0,339460.7154038176,339460.7154038176
0.15,HPQ,True,13.598323466212069,11.680587784500002,10.465102,25.75,8586.04945933996,18936.157875624416
0.15,HPE,True,10.738331650608421,9.413442924,6.474462,47.689999,8761.54995964101,44410.994697950075
0.15,STX,True,29.672512951560673,23.401371461,21.728182,851.690002,7884.863509603568,287029.95374552667
0.15,WDC,True,58.61496308012713,49.6013998935,21.678961,519.799988,8461.241940798373,88680.42572839791
0.15,NTAP,False,0.0,0.0,0.0,0.0,52671.05374208337,52671.05374208337
0.15,AKAM,False,0.0,0.0,0.0,0.0,17941.911205817516,17941.911205817516
0.15,EBAY,True,30.022908612007857,25.1704174955,23.122013,109.389999,8382.071777494246,36435.51010119278
0.15,PYPL,True,71.14713875690437,60.594648519500005,38.834023,56.150002,8515.80750318574,7892.095589655883
0.15,NFLX,False,0.0,0.0,0.0,0.0,45670.74052588194,45670.74052588194
0.15,DIS,True,99.34960773051924,81.8774338035,76.905754,94.849998,8240.34444753807,9547.093357155049
0.15,CMCSA,True,28.57362059615818,23.747473323500003,21.92,22.299999,8309.228172047704,7804.400889608757
0.15,T,True,15.468540131137686,13.091345053000001,11.482008,24.129999,8459.97420704078,15599.402914194256
0.15,VZ,False,0.0,0.0,0.0,0.0,15531.77781764132,15531.77781764132
0.15,TMUS,True,63.11580461209456,53.3154079605,52.940437,180.089996,8446.235726166035,28533.26470395504
0.15,JPM,False,0.0,0.0,0.0,0.0,52727.14224235768,52727.14224235768
0.15,BAC,True,18.849772166646602,16.6782636965,16.987347,62.049999,8845.339640763517,32918.16922317675
0.15,WFC,True,41.614648026493704,35.0939712365,18.556761,86.309998,8431.87985493974,20740.29268373273
0.15,C,True,45.56638548648961,38.4140023905,28.360432,132.190002,8429.24054221686,29010.420859296424
0.15,GS,True,182.59005680610773,152.50283243900003,116.619804,1061.22998,8351.198093729863,58120.907488786186
0.15,MS,True,32.527668708885166,28.2265126835,22.917183,214.479996,8676.155963120436,65937.70919137936
0.15,USB,True,36.22371445111604,29.1122615875,21.920897,63.970001,8035.416032991398,17659.70220594788
0.15,PNC,True,86.72046792843167,71.9964607615,63.622101,250.990005,8301.130106230165,28942.418208252293
0.15,AXP,False,0.0,0.0,0.0,0.0,48108.75626943839,48108.75626943839
0.15,SCHW,True,34.854251235356315,29.220707337500002,26.071527,101.970001,8382.250744742281,29256.115792429115
0.15,BLK,False,0.0,0.0,0.0,0.0,33163.49983515826,33163.49983515826
0.15,COF,True,71.25092671594814,61.948044483000004,37.968895,202.839996,8693.349300180278,28468.401093034234
0.15,TRV,True,99.15929183373146,76.5516060495,71.824463,387.26001,7719.063811857427,39054.33397500969
0.15,ALL,False,0.0,0.0,0.0,0.0,36890.89535142073,36890.89535142073
0.15,PGR,False,0.0,0.0,0.0,0.0,58977.81609025851,58977.81609025851
0.15,MET,True,33.451810401643584,28.0342528615,19.124193,94.830002,8378.994298055342,28348.242101521875
0.15,PRU,True,68.66418816317841,58.33037722150001,28.517078,119.959999,8494.021754699785,17470.53336084286
0.15,AIG,True,49.7136098189577,41.60238040400001,16.068785,79.059998,8367.40292155114,15903.08937289269
0.15,JNJ,False,0.0,0.0,0.0,0.0,26730.774023147005,26730.774023147005
0.15,PFE,False,0.0,0.0,0.0,0.0,12091.136560008772,12091.136560008772
0.15,MRK,False,0.0,0.0,0.0,0.0,28656.192660610675,28656.192660610675
0.15,ABBV,False,0.0,0.0,0.0,0.0,57904.62226787708,57904.62226787708
0.15,AMGN,False,0.0,0.0,0.0,0.0,30702.837618403602,30702.837618403602
0.15,GILD,False,0.0,0.0,0.0,0.0,24660.83904975019,24660.83904975019
0.15,BIIB,True,282.94709517403703,224.987455997,113.379997,202.190002,7950.573274099641,7145.858906084037
0.15,LLY,False,0.0,0.0,0.0,0.0,171311.2819100751,171311.2819100751
0.15,BMY,True,39.00001377786022,32.775056274,32.975285,62.09,8402.575563345858,15920.507196140443
0.15,UNH,False,0.0,0.0,0.0,0.0,28434.737428304652,28434.737428304652
0.15,CVS,True,60.425549016463705,50.594436127,40.908737,107.739998,8372.020510449132,17830.205890333717
0.15,CI,True,149.5887807716782,128.33362608750002,133.155975,289.570007,8578.09432949918,19357.735620693325
0.15,HUM,True,217.54485179953258,169.61091911649999,162.459671,389.320007,7795.595401521904,17896.079993598658
0.15,ABT,False,0.0,0.0,0.0,0.0,28153.66327097855,28153.66327097855
0.15,MDT,False,0.0,0.0,0.0,0.0,12819.971140996478,12819.971140996478
0.15,SYK,False,0.0,0.0,0.0,0.0,26697.048595009903,26697.048595009903
0.15,BSX,False,0.0,0.0,0.0,0.0,16033.296565807936,16033.296565807936
0.15,BAX,True,51.942123893429,41.958134438,15.791793,22.4,8076.862685031246,4312.492120260361
0.15,ZTS,False,0.0,0.0,0.0,0.0,13071.82347428929,13071.82347428929
0.15,XOM,True,56.43563567901218,47.1397593295,23.823557,156.940002,8351.835714940087,27808.670906557065
0.15,CVX,True,72.53398874610711,65.48230746750001,41.19001,194.789993,9026.810079038902,26854.995343194107
0.15,COP,True,35.25982540914011,29.169540933500002,18.05689,120.260002,8271.323126273881,34106.80586320373
0.15,SLB,True,55.29651462488973,46.59641014,10.498685,52.419998,8425.645052783546,9479.801458662827
0.15,HAL,True,40.21548508639643,34.09956169,4.136704,33.360001,8477.96852798204,8295.312347552557
0.15,OXY,True,57.2787481290992,48.750454579,8.285535,57.299999,8510.089395515857,10003.710079496308
0.15,PSX,True,56.733154222479115,51.179081658,32.679379,206.770004,9020.018196397328,36446.06171360599
0.15,VLO,True,45.03728504707337,37.666971093,25.557413,302.5,8362.398189330324,67166.5709164805
0.15,MPC,True,39.55943449915483,26.467709525,13.800982,309.23999,6689.354855556735,78170.98346201252
0.15,KMI,True,11.427195067578182,9.649874649000001,6.90713,32.860001,8440.281794405459,28755.96400137778
0.15,WMB,True,18.568777684128182,15.812823633,6.729476,74.0,8513.120196657785,39851.84230152753
0.15,DVN,True,26.212586090395895,21.542822200499998,3.924546,45.040001,8216.595694230758,17182.58581762077
0.15,APA,True,35.289926872793096,29.038926273500003,3.414926,36.150002,8227.256003719243,10243.716891312117
0.15,BA,True,170.65935609849748,132.44374000250002,95.010002,209.520004,7759.707823487803,12277.088627890626
0.15,CAT,False,0.0,0.0,0.0,0.0,103862.15042971764,103862.15042971764
0.15,DE,False,0.0,0.0,0.0,0.0,60319.985577835156,60319.985577835156
0.15,MMM,True,121.69716815709516,103.858820612,66.199585,172.619995,8533.20191979585,14184.388808223548
0.15,HON,False,0.0,0.0,0.0,0.0,23319.970692972038,23319.970692972038
0.15,GE,True,48.435314203022145,40.5571562775,26.567764,353.730011,8372.435885833424,73031.4269289759
0.15,UPS,False,0.0,0.0,0.0,0.0,14860.150673498745,14860.150673498745
0.15,FDX,True,131.6273154345547,110.4856885205,65.074936,314.959991,8392.826779475241,23928.16338768214
0.15,LMT,False,0.0,0.0,0.0,0.0,27124.328164859977,27124.328164859977
0.15,RTX,True,61.561152978686714,49.513602814,40.774231,212.789993,8041.994716350142,34565.62827432273
0.15,NOC,False,0.0,0.0,0.0,0.0,25230.15397547657,25230.15397547657
0.15,GD,True,159.56738781099793,132.3298689665,91.916733,386.75,8292.039748400228,24237.408740318046
0.15,EMR,True,47.51287145751641,42.60763052750001,33.264557,147.940002,8966.54511095864,31136.826182412573
0.15,ETN,True,64.11801641417507,55.447071595500006,64.087624,404.070007,8646.658598378268,63019.729804159855
0.15,ITW,False,0.0,0.0,0.0,0.0,25742.154965554342,25742.154965554342
0.15,CSX,False,0.0,0.0,0.0,0.0,35502.59584902849,35502.59584902849
0.15,UNP,False,0.0,0.0,0.0,0.0,35085.248366293934,35085.248366293934
0.15,NSC,False,0.0,0.0,0.0,0.0,37074.774268745,37074.774268745
0.15,DAL,True,44.941526019595365,37.1822445775,18.523201,85.059998,8272.35918987041,18926.81569444531
0.15,UAL,True,77.72482266731646,65.537215,19.92,118.269997,8430.95426517951,15216.502648867789
0.15,LUV,True,54.70385816163264,46.610201241000006,20.949883,45.080002,8519.45958134828,8240.735391423914
0.15,PG,True,67.34446438048819,56.964009747,57.435184,147.410004,8457.603134054218,21888.95633160746
0.15,KO,False,0.0,0.0,0.0,0.0,24900.962905788216,24900.962905788216
0.15,PEP,False,0.0,0.0,0.0,0.0,15911.000848848484,15911.000848848484
0.15,WMT,False,0.0,0.0,0.0,0.0,50018.07111648722,50018.07111648722
0.15,COST,False,0.0,0.0,0.0,0.0,64113.3910756559,64113.3910756559
0.15,TGT,False,0.0,0.0,0.0,0.0,30252.492280501294,30252.492280501294
0.15,HD,False,0.0,0.0,0.0,0.0,26838.999940491765,26838.999940491765
0.15,LOW,True,70.85640186838157,57.069074188500004,58.826225,207.639999,8053.187438773416,29304.338567134568
0.15,MCD,False,0.0,0.0,0.0,0.0,21222.55335534794,21222.55335534794
0.15,SBUX,True,49.858438021236864,42.338097361500004,40.69912,103.25,8490.658560837488,20708.63109590825
0.15,NKE,False,0.0,0.0,0.0,0.0,8753.372508659239,8753.372508659239
0.15,KHC,True,58.59422685574463,49.789568762,14.81279,25.67,8496.350581069846,4380.977679456025
0.15,GIS,True,41.63640170716007,32.726934347,27.335236,36.029999,7858.972679037468,8653.485297170635
0.15,CPB,True,41.8203370305167,33.504291474,19.667662,21.84,8010.287303412991,5222.339548354942
0.15,CL,True,59.809702530290494,51.1644779635,48.136723,90.75,8553.544797742115,15173.12345000209
0.15,KMB,True,91.82405794395096,78.612849912,73.184837,109.699997,8560.247637300561,11946.759864060945
0.15,MO,True,36.93552787159121,31.0903520475,18.844017,72.989998,8416.111489070976,19761.46063317533
0.15,PM,True,72.84907103427193,56.076121913,44.215275,193.0,7696.575427779844,26493.131245174412
0.15,MDLZ,True,36.33159190053401,30.575852426,31.472174,60.52,8414.399377185195,16657.679125563023
0.15,CLX,False,0.0,0.0,0.0,0.0,9504.244308483481,9504.244308483481
0.15,SYY,True,42.77368633767804,31.8576002315,26.189621,83.110001,7446.774631496282,19430.170302340975
0.15,YUM,True,62.17392090820492,50.881650448,50.266762,148.919998,8182.760924958055,23952.164480646006
0.15,M,True,17.403593079877556,14.680243206500002,3.654823,23.379999,8432.306558274948,13434.006927588136
0.15,KSS,True,27.08508744156508,23.83223792,5.86608,17.940001,8797.179618270107,6623.571379898545
0.15,BBY,False,0.0,0.0,0.0,0.0,21554.354451746993,21554.354451746993
0.15,F,True,7.686139306727279,6.3822162955,2.972525,14.37,8297.034494181435,18695.992131475792
0.15,GM,True,29.13855922600394,24.9405604815,16.135914,82.639999,8557.581824171633,28361.04501908595
0.15,COTY,True,17.467043623659023,14.5572167505,1.85,2.65,8331.242002962135,1517.1428302901747
0.15,DD,True,90.9396072990027,76.2689994235,31.678526,137.699997,8385.774661642552,15141.916826983053
0.15,NEM,True,28.81285187431525,24.220355764000004,23.572163,93.190002,8404.359231647733,32343.206568549616
0.15,FCX,True,12.762957706043304,10.641226725,4.934507,62.599998,8333.669177610538,49048.190428742615
0.15,MOS,True,21.645325105150732,17.974260374,6.141687,22.299999,8301.681904386838,10302.455099042832
0.15,NUE,True,48.180591842629866,41.3140736295,25.144978,247.559998,8573.799542443563,51381.68472662068
0.15,CLF,True,6.896877252563496,5.3415908685,3.021526,11.93,7737.691527736623,17297.68352128602
0.15,DUK,False,0.0,0.0,0.0,0.0,22493.855508979454,22493.855508979454
0.15,SO,False,0.0,0.0,0.0,0.0,28167.625091568847,28167.625091568847
0.15,D,True,52.42685906195316,44.45793491250001,34.667995,71.099998,8478.99207046979,13561.750460003845
0.15,NEE,False,0.0,0.0,0.0,0.0,32074.08240392906,32074.08240392906
0.15,AEP,False,0.0,0.0,0.0,0.0,26847.71445759375,26847.71445759375
0.15,EXC,False,0.0,0.0,0.0,0.0,25922.07414656411,25922.07414656411
0.15,XEL,False,0.0,0.0,0.0,0.0,23460.21861609132,23460.21861609132
0.15,SPG,True,102.64291209660028,87.52823598900001,31.252396,229.779999,8526.450576092833,22386.34839040296
0.15,PLD,False,0.0,0.0,0.0,0.0,32942.70726654926,32942.70726654926
0.15,AMT,False,0.0,0.0,0.0,0.0,16281.056379895213,16281.056379895213
0.15,CCI,False,0.0,0.0,0.0,0.0,10892.24211264676,10892.24211264676
0.15,O,True,36.06164042178348,30.1310019625,30.562122,65.599998,8354.029825083058,18191.074291887595
0.15,TWX,False,0.0,0.0,0.0,0.0,10342.410997895484,10342.410997895484
0.15,ESRX,False,0.0,0.0,0.0,0.0,12396.046158664387,12396.046158664387
0.15,AET,False,0.0,0.0,0.0,0.0,13804.11135706113,13804.11135706113
0.15,ANDV,False,0.0,0.0,0.0,0.0,17842.058925191115,17842.058925191115
0.15,SCG,True,64.81722635054022,54.611024828,33.138699,47.779999,9605.346873462939,11150.055524614394
0.15,FOX,True,32.951509679346,27.806959565,18.213516,49.41,8437.23393420917,14994.760628818827
0.15,SBNY,True,0.9330249082599369,0.7996000000000001,0.335,0.4,8887.289285893006,9812.049892766154
0.15,INFO,False,0.0,0.0,0.0,0.0,12104.074691934238,12104.074691934238
0.15,LB,True,72.40823886885681,61.563145029000005,44.059055,76.330002,8501.22930300804,10541.618356199235
0.2,AAPL,False,0.0,0.0,0.0,0.0,98284.57242274065,98284.57242274065
0.2,MSFT,False,0.0,0.0,0.0,0.0,61714.94521113908,61714.94521113908
0.2,GOOGL,False,0.0,0.0,0.0,0.0,67149.26766796209,67149.26766796209
0.2,AMZN,False,0.0,0.0,0.0,0.0,47190.642890011084,47190.642890011084
0.2,META,True,146.2735873198348,98.663781431,88.136017,595.190002,6744.153601467811,40690.18972636435
0.2,INTC,True,29.893979550292766,23.821347368,18.129999,92.32,7966.937733376069,30882.4724539212
0.2,CSCO,False,0.0,0.0,0.0,0.0,47256.05257003731,47256.05257003731
0.2,ORCL,False,0.0,0.0,0.0,0.0,29735.62631854928,29735.62631854928
0.2,IBM,True,102.86005187999093,82.71392934650001,69.808029,214.190002,8040.40459145443,20823.439040250545
0.2,QCOM,True,52.438618507228206,41.740198460500004,40.342018,166.970001,7958.820385952098,31841.03734101703
0.2,TXN,False,0.0,0.0,0.0,0.0,44863.44438352435,44863.44438352435
0.2,AVGO,True,18.664697080372623,14.362131342,16.667343,381.920013,7692.131985949901,204621.59731572526
0.2,ADBE,False,0.0,0.0,0.0,0.0,16407.98433023784,16407.98433023784
0.2,CRM,False,0.0,0.0,0.0,0.0,19141.93272103302,19141.93272103302
0.2,NVDA,True,3.991100102700116,3.191189607,3.169263,206.839996,7983.236513773317,518253.0898186835
0.2,AMD,True,12.326893629006552,9.93503,9.53,521.950012,8055.581802566653,423423.79816744226
0.2,MU,False,0.0,0.0,0.0,0.0,339460.7154038176,339460.7154038176
0.2,HPQ,True,13.598323466212069,10.380084361500002,10.936072,25.75,7629.679046302369,18936.157875624416
0.2,HPE,True,10.738331650608421,8.0084527705,6.474462,47.689999,7453.162214492169,44410.994697950075
0.2,STX,True,29.672512951560673,23.401371461,21.728182,851.690002,7884.863509603568,287029.95374552667
0.2,WDC,True,58.61496308012713,46.634399136,21.678961,519.799988,7955.057068951898,88680.42572839791
0.2,NTAP,False,0.0,0.0,0.0,0.0,52671.05374208337,52671.05374208337
0.2,AKAM,False,0.0,0.0,0.0,0.0,17941.911205817516,17941.911205817516
0.2,EBAY,True,30.022908612007857,23.782372865000003,23.122013,109.389999,7919.7432774684885,36435.51010119278
0.2,PYPL,True,71.14713875690437,56.8886104655,38.834023,56.150002,7994.909808808627,7892.095589655883
0.2,NFLX,False,0.0,0.0,0.0,0.0,45670.74052588194,45670.74052588194
0.2,DIS,True,99.34960773051924,78.9023580855,76.905754,94.849998,7940.889242232202,9547.093357155049
0.2,CMCSA,True,28.57362059615818,22.750237191,21.92,22.299999,7960.222301705153,7804.400889608757
0.2,T,True,15.468540131137686,12.092801574500001,11.482008,24.129999,7814.442392121823,15599.402914194256
0.2,VZ,False,0.0,0.0,0.0,0.0,15531.77781764132,15531.77781764132
0.2,TMUS,False,0.0,0.0,0.0,0.0,28533.26470395504,28533.26470395504
0.2,JPM,False,0.0,0.0,0.0,0.0,52727.14224235768,52727.14224235768
0.2,BAC,False,0.0,0.0,0.0,0.0,32918.16922317675,32918.16922317675
0.2,WFC,True,41.614648026493704,28.876740407000003,18.556761,86.309998,6937.8792747733905,20740.29268373273
0.2,C,True,45.56638548648961,38.3022942725,28.360432,132.190002,8404.725076088187,29010.420859296424
0.2,GS,True,182.59005680610773,142.469415657,116.619804,1061.22998,7801.692991562416,58120.907488786186
0.2,MS,True,32.527668708885166,28.2265126835,22.917183,214.479996,8676.155963120436,65937.70919137936
0.2,USB,True,36.22371445111604,29.1122615875,21.920897,63.970001,8035.416032991398,17659.70220594788
0.2,PNC,True,86.72046792843167,67.3675243875,63.622101,250.990005,7767.353422988538,28942.418208252293
0.2,AXP,False,0.0,0.0,0.0,0.0,48108.75626943839,48108.75626943839
0.2,SCHW,True,34.854251235356315,29.220707337500002,26.071527,101.970001,8382.250744742281,29256.115792429115
0.2,BLK,False,0.0,0.0,0.0,0.0,33163.49983515826,33163.49983515826
0.2,COF,True,71.25092671594814,50.671709471,37.968895,202.839996,7110.7263741719335,28468.401093034234
0.2,TRV,True,99.15929183373146,76.5516060495,71.824463,387.26001,7719.063811857427,39054.33397500969
0.2,ALL,False,0.0,0.0,0.0,0.0,36890.89535142073,36890.89535142073
0.2,PGR,False,0.0,0.0,0.0,0.0,58977.81609025851,58977.81609025851
0.2,MET,True,33.451810401643584,28.0342528615,19.124193,94.830002,8378.994298055342,28348.242101521875
0.2,PRU,True,68.66418816317841,53.373258021,28.517078,119.959999,7772.085133426471,17470.53336084286
0.2,AIG,True,49.7136098189577,38.5766130445,16.068785,79.059998,7758.763281316009,15903.08937289269
0.2,JNJ,False,0.0,0.0,0.0,0.0,26730.774023147005,26730.774023147005
0.2,PFE,False,0.0,0.0,0.0,0.0,12091.136560008772,12091.136560008772
0.2,MRK,False,0.0,0.0,0.0,0.0,28656.192660610675,28656.192660610675
0.2,ABBV,False,0.0,0.0,0.0,0.0,57904.62226787708,57904.62226787708
0.2,AMGN,False,0.0,0.0,0.0,0.0,30702.837618403602,30702.837618403602
0.2,GILD,False,0.0,0.0,0.0,0.0,24660.83904975019,24660.83904975019
0.2,BIIB,True,282.94709517403703,219.909993998,113.379997,202.190002,7771.12410902244,7145.858906084037
0.2,LLY,False,0.0,0.0,0.0,0.0,171311.2819100751,171311.2819100751
0.2,BMY,False,0.0,0.0,0.0,0.0,15920.507196140443,15920.507196140443
0.2,UNH,False,0.0,0.0,0.0,0.0,28434.737428304652,28434.737428304652
0.2,CVS,True,60.425549016463705,47.939320349,40.908737,107.739998,7932.617671547895,17830.205890333717
0.2,CI,True,149.5887807716782,128.33362608750002,133.155975,289.570007,8578.09432949918,19357.735620693325
0.2,HUM,True,217.54485179953258,176.39693741000002,162.459671,389.320007,8107.531916560805,17896.079993598658
0.2,ABT,False,0.0,0.0,0.0,0.0,28153.66327097855,28153.66327097855
0.2,MDT,False,0.0,0.0,0.0,0.0,12819.971140996478,12819.971140996478
0.2,SYK,False,0.0,0.0,0.0,0.0,26697.048595009903,26697.048595009903
0.2,BSX,False,0.0,0.0,0.0,0.0,16033.296565807936,16033.296565807936
0.2,BAX,True,51.942123893429,41.958134438,15.791793,22.4,8076.862685031246,4312.492120260361
0.2,ZTS,False,0.0,0.0,0.0,0.0,13071.82347428929,13071.82347428929
0.2,XOM,True,56.43563567901218,45.3444814175,23.823557,156.940002,8033.725022927869,27808.670906557065
0.2,CVX,True,72.53398874610711,60.729068276,41.19001,194.789993,8371.498097212298,26854.995343194107
0.2,COP,True,35.25982540914011,29.169540933500002,18.05689,120.260002,8271.323126273881,34106.80586320373
0.2,SLB,True,55.29651462488973,43.2061231315,10.498685,52.419998,7812.534618699517,9479.801458662827
0.2,HAL,True,40.21548508639643,31.606051069000003,4.136704,33.360001,7857.931093236918,8295.312347552557
0.2,OXY,True,57.2787481290992,45.268726314000006,8.285535,57.299999,7902.232488945097,10003.710079496308
0.2,PSX,True,56.733154222479115,39.592971611,32.679379,206.770004,6977.80668783832,36446.06171360599
0.2,VLO,True,45.03728504707337,37.666971093,25.557413,302.5,8362.398189330324,67166.5709164805
0.2,MPC,True,39.55943449915483,29.945277871000002,13.800982,309.23999,7568.429187641614,78170.98346201252
0.2,KMI,True,11.427195067578182,8.9097558935,6.90713,32.860001,7792.5998819824335,28755.96400137778
0.2,WMB,True,18.568777684128182,14.5752017535,6.729476,74.0,7846.61327813408,39851.84230152753
0.2,DVN,True,26.212586090395895,20.7401137555,3.924546,45.040001,7910.365533562214,17182.58581762077
0.2,APA,True,35.289926872793096,28.429718030000004,3.414926,36.150002,8054.626503608357,10243.716891312117
0.2,BA,True,170.65935609849748,132.44374000250002,95.010002,209.520004,7759.707823487803,12277.088627890626
0.2,CAT,False,0.0,0.0,0.0,0.0,103862.15042971764,103862.15042971764
0.2,DE,False,0.0,0.0,0.0,0.0,60319.985577835156,60319.985577835156
0.2,MMM,True,121.69716815709516,98.460377184,66.199585,172.619995,8089.6054491671075,14184.388808223548
0.2,HON,False,0.0,0.0,0.0,0.0,23319.970692972038,23319.970692972038
0.2,GE,True,48.435314203022145,40.5571562775,26.567764,353.730011,8372.435885833424,73031.4269289759
0.2,UPS,False,0.0,0.0,0.0,0.0,14860.150673498745,14860.150673498745
0.2,FDX,True,131.6273154345547,103.92611294900001,65.074936,314.959991,7894.482226154816,23928.16338768214
0.2,LMT,False,0.0,0.0,0.0,0.0,27124.328164859977,27124.328164859977
0.2,RTX,True,61.561152978686714,43.081078685,40.774231,212.789993,6997.094837488707,34565.62827432273
0.2,NOC,False,0.0,0.0,0.0,0.0,25230.15397547657,25230.15397547657
0.2,GD,True,159.56738781099793,124.57530418850001,91.916733,386.75,7806.065459770211,24237.408740318046
0.2,EMR,True,47.51287145751641,35.378300001,33.264557,147.940002,7444.99309679252,31136.826182412573
0.2,ETN,False,0.0,0.0,0.0,0.0,63019.729804159855,63019.729804159855
0.2,ITW,False,0.0,0.0,0.0,0.0,25742.154965554342,25742.154965554342
0.2,CSX,False,0.0,0.0,0.0,0.0,35502.59584902849,35502.59584902849
0.2,UNP,False,0.0,0.0,0.0,0.0,35085.248366293934,35085.248366293934
0.2,NSC,False,0.0,0.0,0.0,0.0,37074.774268745,37074.774268745
0.2,DAL,True,44.941526019595365,37.1822445775,18.523201,85.059998,8272.35918987041,18926.81569444531
0.2,UAL,True,77.72482266731646,61.669150999500005,19.92,118.269997,7933.292917394083,15216.502648867789
0.2,LUV,True,54.70385816163264,42.781828385000004,20.949883,45.080002,7819.623594517448,8240.735391423914
0.2,PG,False,0.0,0.0,0.0,0.0,21888.95633160746,21888.95633160746
0.2,KO,False,0.0,0.0,0.0,0.0,24900.962905788216,24900.962905788216
0.2,PEP,False,0.0,0.0,0.0,0.0,15911.000848848484,15911.000848848484
0.2,WMT,False,0.0,0.0,0.0,0.0,50018.07111648722,50018.07111648722
0.2,COST,False,0.0,0.0,0.0,0.0,64113.3910756559,64113.3910756559
0.2,TGT,False,0.0,0.0,0.0,0.0,30252.492280501294,30252.492280501294
0.2,HD,False,0.0,0.0,0.0,0.0,26838.999940491765,26838.999940491765
0.2,LOW,False,0.0,0.0,0.0,0.0,29304.338567134568,29304.338567134568
0.2,MCD,False,0.0,0.0,0.0,0.0,21222.55335534794,21222.55335534794
0.2,SBUX,False,0.0,0.0,0.0,0.0,20708.63109590825,20708.63109590825
0.2,NKE,False,0.0,0.0,0.0,0.0,8753.372508659239,8753.372508659239
0.2,KHC,True,58.59422685574463,46.630197238,14.81279,25.67,7957.155562458512,4380.977679456025
0.2,GIS,True,41.63640170716007,32.726934347,27.335236,36.029999,7858.972679037468,8653.485297170635
0.2,CPB,True,41.8203370305167,33.504291474,19.667662,21.84,8010.287303412991,5222.339548354942
0.2,CL,False,0.0,0.0,0.0,0.0,15173.12345000209,15173.12345000209
0.2,KMB,True,91.82405794395096,72.52458456750001,74.581398,109.699997,7897.211666028606,11946.759864060945
0.2,MO,True,36.93552787159121,29.515059088000005,18.844017,72.989998,7989.613466631277,19761.46063317533
0.2,PM,True,72.84907103427193,56.076121913,44.215275,193.0,7696.575427779844,26493.131245174412
0.2,MDLZ,False,0.0,0.0,0.0,0.0,16657.679125563023,16657.679125563023
0.2,CLX,False,0.0,0.0,0.0,0.0,9504.244308483481,9504.244308483481
0.2,SYY,True,42.77368633767804,31.8576002315,26.189621,83.110001,7446.774631496282,19430.170302340975
0.2,YUM,False,0.0,0.0,0.0,0.0,23952.164480646006,23952.164480646006
0.2,M,True,17.403593079877556,12.6230443205,3.654823,23.379999,7250.25244073839,13434.006927588136
0.2,KSS,True,27.08508744156508,17.338264531000004,5.86608,17.940001,6399.560115283283,6623.571379898545
0.2,BBY,False,0.0,0.0,0.0,0.0,21554.354451746993,21554.354451746993
0.2,F,True,7.686139306727279,6.1271968690000005,2.972525,14.37,7965.243179552522,18695.992131475792
0.2,GM,True,29.13855922600394,23.615772207000003,16.135914,82.639999,8102.930561484039,28361.04501908595
0.2,COTY,True,17.467043623659023,14.0183563155,1.85,2.65,8022.740778249949,1517.1428302901747
0.2,DD,True,90.9396072990027,71.3873114885,31.678526,137.699997,7848.969183810504,15141.916826983053
0.2,NEM,False,0.0,0.0,0.0,0.0,32343.206568549616,32343.206568549616
0.2,FCX,True,12.762957706043304,9.9142413995,4.934507,62.599998,7764.063493533274,49048.190428742615
0.2,MOS,True,21.645325105150732,17.166723344500003,6.141687,22.299999,7928.605027242668,10302.455099042832
0.2,NUE,True,48.180591842629866,35.700031055,25.144978,247.559998,7408.591237647952,51381.68472662068
0.2,CLF,True,6.896877252563496,5.5776837630000005,3.021526,11.93,8080.010066771441,17297.68352128602
0.2,DUK,False,0.0,0.0,0.0,0.0,22493.855508979454,22493.855508979454
0.2,SO,False,0.0,0.0,0.0,0.0,28167.625091568847,28167.625091568847
0.2,D,True,52.42685906195316,41.47278523400001,34.667995,71.099998,7909.598875471703,13561.750460003845
0.2,NEE,False,0.0,0.0,0.0,0.0,32074.08240392906,32074.08240392906
0.2,AEP,False,0.0,0.0,0.0,0.0,26847.71445759375,26847.71445759375
0.2,EXC,False,0.0,0.0,0.0,0.0,25922.07414656411,25922.07414656411
0.2,XEL,False,0.0,0.0,0.0,0.0,23460.21861609132,23460.21861609132
0.2,SPG,True,102.64291209660028,75.944876566,31.252396,229.779999,7397.940171779815,22386.34839040296
0.2,PLD,False,0.0,0.0,0.0,0.0,32942.70726654926,32942.70726654926
0.2,AMT,False,0.0,0.0,0.0,0.0,16281.056379895213,16281.056379895213
0.2,CCI,False,0.0,0.0,0.0,0.0,10892.24211264676,10892.24211264676
0.2,O,False,0.0,0.0,0.0,0.0,18191.074291887595,18191.074291887595
0.2,TWX,False,0.0,0.0,0.0,0.0,10342.410997895484,10342.410997895484
0.2,ESRX,False,0.0,0.0,0.0,0.0,12396.046158664387,12396.046158664387
0.2,AET,False,0.0,0.0,0.0,0.0,13804.11135706113,13804.11135706113
0.2,ANDV,False,0.0,0.0,0.0,0.0,17842.058925191115,17842.058925191115
0.2,SCG,True,64.81722635054022,48.17618385800001,33.138699,47.779999,9357.155098980045,11150.055524614394
0.2,FOX,True,32.951509679346,24.581925888500002,18.213516,49.41,7458.512865619876,14994.760628818827
0.2,SBNY,True,0.9330249082599369,0.49975,0.335,0.4,6477.00395471782,9812.049892766154
0.2,INFO,False,0.0,0.0,0.0,0.0,12104.074691934238,12104.074691934238
0.2,LB,True,72.40823886885681,56.5693921545,44.059055,76.330002,7811.562912482437,10541.618356199235
0.25,AAPL,False,0.0,0.0,0.0,0.0,98284.57242274065,98284.57242274065
0.25,MSFT,False,0.0,0.0,0.0,0.0,61714.94521113908,61714.94521113908
0.25,GOOGL,False,0.0,0.0,0.0,0.0,67149.26766796209,67149.26766796209
0.25,AMZN,False,0.0,0.0,0.0,0.0,47190.642890011084,47190.642890011084
0.25,META,True,146.2735873198348,98.663781431,88.136017,595.190002,6744.153601467811,40690.18972636435
0.25,INTC,True,29.893979550292766,20.0626306665,18.129999,92.32,6709.588675791934,30882.4724539212
0.25,CSCO,False,0.0,0.0,0.0,0.0,47256.05257003731,47256.05257003731
0.25,ORCL,False,0.0,0.0,0.0,0.0,29735.62631854928,29735.62631854928
0.25,IBM,True,102.86005187999093,75.0902970695,69.808029,214.190002,7299.239081845834,20823.439040250545
0.25,QCOM,False,0.0,0.0,0.0,0.0,31841.03734101703,31841.03734101703
0.25,TXN,False,0.0,0.0,0.0,0.0,44863.44438352435,44863.44438352435
0.25,AVGO,False,0.0,0.0,0.0,0.0,204621.59731572526,204621.59731572526
0.25,ADBE,False,0.0,0.0,0.0,0.0,16407.98433023784,16407.98433023784
0.25,CRM,False,0.0,0.0,0.0,0.0,19141.93272103302,19141.93272103302
0.25,NVDA,False,0.0,0.0,0.0,0.0,518253.0898186835,518253.0898186835
0.25,AMD,False,0.0,0.0,0.0,0.0,423423.79816744226,423423.79816744226
0.25,MU,False,0.0,0.0,0.0,0.0,339460.7154038176,339460.7154038176
0.25,HPQ,False,0.0,0.0,0.0,0.0,18936.157875624416,18936.157875624416
0.25,HPE,True,10.738331650608421,8.0084527705,6.474462,47.689999,7453.162214492169,44410.994697950075
0.25,STX,True,29.672512951560673,22.629511584,21.728182,851.690002,7624.737284952479,287029.95374552667
0.25,WDC,True,58.61496308012713,41.9709630205,21.678961,519.799988,7159.452010031185,88680.42572839791
0.25,NTAP,False,0.0,0.0,0.0,0.0,52671.05374208337,52671.05374208337
0.25,AKAM,False,0.0,0.0,0.0,0.0,17941.911205817516,17941.911205817516
0.25,EBAY,False,0.0,0.0,0.0,0.0,36435.51010119278,36435.51010119278
0.25,PYPL,True,71.14713875690437,52.439389189,38.834023,56.150002,7369.554895844087,7892.095589655883
0.25,NFLX,False,0.0,0.0,0.0,0.0,45670.74052588194,45670.74052588194
0.25,DIS,False,0.0,0.0,0.0,0.0,9547.093357155049,9547.093357155049
0.25,CMCSA,False,0.0,0.0,0.0,0.0,7804.400889608757,7804.400889608757
0.25,T,True,15.468540131137686,11.544526849,11.482008,24.129999,7459.9973566809285,15599.402914194256
0.25,VZ,False,0.0,0.0,0.0,0.0,15531.77781764132,15531.77781764132
0.25,TMUS,False,0.0,0.0,0.0,0.0,28533.26470395504,28533.26470395504
0.25,JPM,False,0.0,0.0,0.0,0.0,52727.14224235768,52727.14224235768
0.25,BAC,False,0.0,0.0,0.0,0.0,32918.16922317675,32918.16922317675
0.25,WFC,True,41.614648026493704,29.656032566,18.556761,86.309998,7125.143182064849,20740.29268373273
0.25,C,True,45.56638548648961,33.640655257999995,28.360432,132.190002,7381.681671453387,29010.420859296424
0.25,GS,True,182.59005680610773,133.7228501275,116.619804,1061.22998,7322.665508768653,58120.907488786186
0.25,MS,True,32.527668708885166,24.783650975500002,26.05686,214.479996,7617.714997426649,65937.70919137936
0.25,USB,True,36.22371445111604,26.2192148345,21.920897,63.970001,7236.7550461662695,17659.70220594788
0.25,PNC,True,86.72046792843167,68.2507445565,67.211899,250.990005,7869.20021764939,28942.418208252293
0.25,AXP,False,0.0,0.0,0.0,0.0,48108.75626943839,48108.75626943839
0.25,SCHW,True,34.854251235356315,27.845832119,26.135715,101.970001,7987.786606288684,29256.115792429115
0.25,BLK,False,0.0,0.0,0.0,0.0,33163.49983515826,33163.49983515826
0.25,COF,True,71.25092671594814,50.671709471,37.968895,202.839996,7110.7263741719335,28468.401093034234
0.25,TRV,True,99.15929183373146,71.32280076,75.675507,387.26001,7191.750113584192,39054.33397500969
0.25,ALL,False,0.0,0.0,0.0,0.0,36890.89535142073,36890.89535142073
0.25,PGR,False,0.0,0.0,0.0,0.0,58977.81609025851,58977.81609025851
0.25,MET,True,33.451810401643584,25.166648381,19.124193,94.830002,7521.759832694657,28348.242101521875
0.25,PRU,True,68.66418816317841,46.3298045095,28.517078,119.959999,6746.302451082446,17470.53336084286
0.25,AIG,True,49.7136098189577,36.1517900625,16.068785,79.059998,7271.004900697403,15903.08937289269
0.25,JNJ,False,0.0,0.0,0.0,0.0,26730.774023147005,26730.774023147005
0.25,PFE,False,0.0,0.0,0.0,0.0,12091.136560008772,12091.136560008772
0.25,MRK,False,0.0,0.0,0.0,0.0,28656.192660610675,28656.192660610675
0.25,ABBV,False,0.0,0.0,0.0,0.0,57904.62226787708,57904.62226787708
0.25,AMGN,False,0.0,0.0,0.0,0.0,30702.837618403602,30702.837618403602
0.25,GILD,False,0.0,0.0,0.0,0.0,24660.83904975019,24660.83904975019
0.25,BIIB,True,282.94709517403703,209.1753590005,113.379997,202.190002,7391.737461108728,7145.858906084037
0.25,LLY,False,0.0,0.0,0.0,0.0,171311.2819100751,171311.2819100751
0.25,BMY,False,0.0,0.0,0.0,0.0,15920.507196140443,15920.507196140443
0.25,UNH,False,0.0,0.0,0.0,0.0,28434.737428304652,28434.737428304652
0.25,CVS,True,60.425549016463705,44.0413673005,40.908737,107.739998,7287.5340749656025,17830.205890333717
0.25,CI,False,0.0,0.0,0.0,0.0,19357.735620693325,19357.735620693325
0.25,HUM,True,217.54485179953258,164.144392747,164.20665,389.320007,7544.312674108186,17896.079993598658
0.25,ABT,False,0.0,0.0,0.0,0.0,28153.66327097855,28153.66327097855
0.25,MDT,False,0.0,0.0,0.0,0.0,12819.971140996478,12819.971140996478
0.25,SYK,False,0.0,0.0,0.0,0.0,26697.048595009903,26697.048595009903
0.25,BSX,False,0.0,0.0,0.0,0.0,16033.296565807936,16033.296565807936
0.25,BAX,True,51.942123893429,37.310517409000006,15.791793,22.4,7182.094300408462,4312.492120260361
0.25,ZTS,False,0.0,0.0,0.0,0.0,13071.82347428929,13071.82347428929
0.25,XOM,True,56.43563567901218,41.301287026000004,23.823557,156.940002,7317.299249947054,27808.670906557065
0.25,CVX,True,72.53398874610711,53.454942158499996,41.19001,194.789993,7368.640506826383,26854.995343194107
0.25,COP,True,35.25982540914011,24.1540379395,18.05689,120.260002,6848.881881655615,34106.80586320373
0.25,SLB,True,55.29651462488973,41.2619297145,10.498685,52.419998,7460.940412412075,9479.801458662827
0.25,HAL,True,40.21548508639643,29.658442360500004,4.136704,33.360001,7373.637865313426,8295.312347552557
0.25,OXY,True,57.2787481290992,43.06821312100001,8.285535,57.299999,7518.056286623023,10003.710079496308
0.25,PSX,True,56.733154222479115,39.35239396,32.679379,206.770004,6935.401562599455,36446.06171360599
0.25,VLO,True,45.03728504707337,32.976219642000004,25.557413,302.5,7320.871941445448,67166.5709164805
0.25,MPC,True,39.55943449915483,29.945277871000002,13.800982,309.23999,7568.429187641614,78170.98346201252
0.25,KMI,True,11.427195067578182,6.938263133,7.633833,32.860001,6067.335940270597,28755.96400137778
0.25,WMB,True,18.568777684128182,13.847108982000002,6.729476,74.0,7454.507355016512,39851.84230152753
0.25,DVN,True,26.212586090395895,19.5690655725,3.924546,45.040001,7463.615190440189,17182.58581762077
0.25,APA,True,35.289926872793096,25.74919896,3.414926,36.150002,7295.055910089627,10243.716891312117
0.25,BA,True,170.65935609849748,99.8100709995,95.010002,209.520004,5847.496870097985,12277.088627890626
0.25,CAT,False,0.0,0.0,0.0,0.0,103862.15042971764,103862.15042971764
0.25,DE,False,0.0,0.0,0.0,0.0,60319.985577835156,60319.985577835156
0.25,MMM,True,121.69716815709516,94.435430664,66.199585,172.619995,7758.8708412094,14184.388808223548
0.25,HON,False,0.0,0.0,0.0,0.0,23319.970692972038,23319.970692972038
0.25,GE,True,48.435314203022145,37.727675725500006,26.567764,353.730011,7788.258700538435,73031.4269289759
0.25,UPS,False,0.0,0.0,0.0,0.0,14860.150673498745,14860.150673498745
0.25,FDX,True,131.6273154345547,98.869738401,65.074936,314.959991,7510.338970531401,23928.16338768214
0.25,LMT,False,0.0,0.0,0.0,0.0,27124.328164859977,27124.328164859977
0.25,RTX,True,61.561152978686714,43.081078685,40.774231,212.789993,6997.094837488707,34565.62827432273
0.25,NOC,False,0.0,0.0,0.0,0.0,25230.15397547657,25230.15397547657
0.25,GD,True,159.56738781099793,119.91459970650001,91.916733,386.75,7513.981685890273,24237.408740318046
0.25,EMR,True,47.51287145751641,35.701350395,38.697994,147.940002,7512.985281665803,31136.826182412573
0.25,ETN,False,0.0,0.0,0.0,0.0,63019.729804159855,63019.729804159855
0.25,ITW,False,0.0,0.0,0.0,0.0,25742.154965554342,25742.154965554342
0.25,CSX,False,0.0,0.0,0.0,0.0,35502.59584902849,35502.59584902849
0.25,UNP,False,0.0,0.0,0.0,0.0,35085.248366293934,35085.248366293934
0.25,NSC,False,0.0,0.0,0.0,0.0,37074.774268745,37074.774268745
0.25,DAL,True,44.941526019595365,37.1822445775,18.523201,85.059998,8272.35918987041,18926.81569444531
0.25,UAL,True,77.72482266731646,58.06095500000001,19.92,118.269997,7469.065933571415,15216.502648867789
0.25,LUV,True,54.70385816163264,40.54343314250001,20.949883,45.080002,7410.439431329863,8240.735391423914
0.25,PG,False,0.0,0.0,0.0,0.0,21888.95633160746,21888.95633160746
0.25,KO,False,0.0,0.0,0.0,0.0,24900.962905788216,24900.962905788216
0.25,PEP,False,0.0,0.0,0.0,0.0,15911.000848848484,15911.000848848484
0.25,WMT,False,0.0,0.0,0.0,0.0,50018.07111648722,50018.07111648722
0.25,COST,False,0.0,0.0,0.0,0.0,64113.3910756559,64113.3910756559
0.25,TGT,False,0.0,0.0,0.0,0.0,30252.492280501294,30252.492280501294
0.25,HD,False,0.0,0.0,0.0,0.0,26838.999940491765,26838.999940491765
0.25,LOW,False,0.0,0.0,0.0,0.0,29304.338567134568,29304.338567134568
0.25,MCD,False,0.0,0.0,0.0,0.0,21222.55335534794,21222.55335534794
0.25,SBUX,False,0.0,0.0,0.0,0.0,20708.63109590825,20708.63109590825
0.25,NKE,False,0.0,0.0,0.0,0.0,8753.372508659239,8753.372508659239
0.25,KHC,True,58.59422685574463,43.521970129,14.81279,25.67,7426.689119637743,4380.977679456025
0.25,GIS,True,41.63640170716007,30.964308101,27.335236,36.029999,7435.63488476864,8653.485297170635
0.25,CPB,True,41.8203370305167,30.8186339745,19.667662,21.84,7368.0979548335545,5222.339548354942
0.25,CL,False,0.0,0.0,0.0,0.0,15173.12345000209,15173.12345000209
0.25,KMB,False,0.0,0.0,0.0,0.0,11946.759864060945,11946.759864060945
0.25,MO,True,36.93552787159121,26.854398084000003,18.844017,72.989998,7269.260690504735,19761.46063317533
0.25,PM,True,72.84907103427193,54.04138579000001,44.215275,193.0,7417.266976194683,26493.131245174412
0.25,MDLZ,False,0.0,0.0,0.0,0.0,16657.679125563023,16657.679125563023
0.25,CLX,False,0.0,0.0,0.0,0.0,9504.244308483481,9504.244308483481
0.25,SYY,True,42.77368633767804,31.8576002315,26.189621,83.110001,7446.774631496282,19430.170302340975
0.25,YUM,False,0.0,0.0,0.0,0.0,23952.164480646006,23952.164480646006
0.25,M,True,17.403593079877556,12.6230443205,3.654823,23.379999,7250.25244073839,13434.006927588136
0.25,KSS,True,27.08508744156508,17.338264531000004,5.86608,17.940001,6399.560115283283,6623.571379898545
0.25,BBY,False,0.0,0.0,0.0,0.0,21554.354451746993,21554.354451746993
0.25,F,True,7.686139306727279,5.5835998035,2.972525,14.37,7257.9998629706615,18695.992131475792
0.25,GM,True,29.13855922600394,20.4574051805,16.135914,82.639999,7019.0173171801125,28361.04501908595
0.25,COTY,True,17.467043623659023,13.0434799975,1.85,2.65,7464.61752682603,1517.1428302901747
0.25,DD,True,90.9396072990027,67.853818119,31.678526,137.699997,7460.41534303108,15141.916826983053
0.25,NEM,False,0.0,0.0,0.0,0.0,32343.206568549616,32343.206568549616
0.25,FCX,True,12.762957706043304,9.3690041545,4.934507,62.599998,7336.860600945275,49048.190428742615
0.25,MOS,True,21.645325105150732,15.794777660500001,6.141687,22.299999,7294.775007441518,10302.455099042832
0.25,NUE,True,48.180591842629866,35.098695873,25.144978,247.559998,7283.782645847312,51381.68472662068
0.25,CLF,True,6.896877252563496,4.446407684,3.021526,11.93,6439.7371757619385,17297.68352128602
0.25,DUK,False,0.0,0.0,0.0,0.0,22493.855508979454,22493.855508979454
0.25,SO,False,0.0,0.0,0.0,0.0,28167.625091568847,28167.625091568847
0.25,D,True,52.42685906195316,39.086081183000005,34.667995,71.099998,7454.354351251852,13561.750460003845
0.25,NEE,False,0.0,0.0,0.0,0.0,32074.08240392906,32074.08240392906
0.25,AEP,False,0.0,0.0,0.0,0.0,26847.71445759375,26847.71445759375
0.25,EXC,False,0.0,0.0,0.0,0.0,25922.07414656411,25922.07414656411
0.25,XEL,False,0.0,0.0,0.0,0.0,23460.21861609132,23460.21861609132
0.25,SPG,True,102.64291209660028,75.944876566,31.252396,229.779999,7397.940171779815,22386.34839040296
0.25,PLD,False,0.0,0.0,0.0,0.0,32942.70726654926,32942.70726654926
0.25,AMT,False,0.0,0.0,0.0,0.0,16281.056379895213,16281.056379895213
0.25,CCI,False,0.0,0.0,0.0,0.0,10892.24211264676,10892.24211264676
0.25,O,False,0.0,0.0,0.0,0.0,18191.074291887595,18191.074291887595
0.25,TWX,False,0.0,0.0,0.0,0.0,10342.410997895484,10342.410997895484
0.25,ESRX,False,0.0,0.0,0.0,0.0,12396.046158664387,12396.046158664387
0.25,AET,False,0.0,0.0,0.0,0.0,13804.11135706113,13804.11135706113
0.25,ANDV,False,0.0,0.0,0.0,0.0,17842.058925191115,17842.058925191115
0.25,SCG,True,64.81722635054022,48.17618385800001,33.138699,47.779999,9357.155098980045,11150.055524614394
0.25,FOX,True,32.951509679346,24.260295784,18.213516,49.41,7360.905773371353,14994.760628818827
0.25,SBNY,True,0.9330249082599369,0.5307345000000001,0.335,0.4,6726.048752925141,9812.049892766154
0.25,INFO,False,0.0,0.0,0.0,0.0,12104.074691934238,12104.074691934238
0.25,LB,True,72.40823886885681,54.007987497500004,44.059055,76.330002,7457.8179938083185,10541.618356199235
0.3,AAPL,False,0.0,0.0,0.0,0.0,98284.57242274065,98284.57242274065
0.3,MSFT,False,0.0,0.0,0.0,0.0,61714.94521113908,61714.94521113908
0.3,GOOGL,False,0.0,0.0,0.0,0.0,67149.26766796209,67149.26766796209
0.3,AMZN,False,0.0,0.0,0.0,0.0,47190.642890011084,47190.642890011084
0.3,META,True,146.2735873198348,98.663781431,88.136017,595.190002,6744.153601467811,40690.18972636435
0.3,INTC,True,29.893979550292766,20.181815044500002,18.129999,92.32,6749.457699519435,30882.4724539212
0.3,CSCO,False,0.0,0.0,0.0,0.0,47256.05257003731,47256.05257003731
0.3,ORCL,False,0.0,0.0,0.0,0.0,29735.62631854928,29735.62631854928
0.3,IBM,True,102.86005187999093,69.647966596,69.808029,214.190002,6770.138583252884,20823.439040250545
0.3,QCOM,False,0.0,0.0,0.0,0.0,31841.03734101703,31841.03734101703
0.3,TXN,False,0.0,0.0,0.0,0.0,44863.44438352435,44863.44438352435
0.3,AVGO,False,0.0,0.0,0.0,0.0,204621.59731572526,204621.59731572526
0.3,ADBE,False,0.0,0.0,0.0,0.0,16407.98433023784,16407.98433023784
0.3,CRM,False,0.0,0.0,0.0,0.0,19141.93272103302,19141.93272103302
0.3,NVDA,False,0.0,0.0,0.0,0.0,518253.0898186835,518253.0898186835
0.3,AMD,False,0.0,0.0,0.0,0.0,423423.79816744226,423423.79816744226
0.3,MU,False,0.0,0.0,0.0,0.0,339460.7154038176,339460.7154038176
0.3,HPQ,False,0.0,0.0,0.0,0.0,18936.157875624416,18936.157875624416
0.3,HPE,True,10.738331650608421,7.0166928985000006,6.474462,47.689999,6529.592423328374,44410.994697950075
0.3,STX,False,0.0,0.0,0.0,0.0,287029.95374552667,287029.95374552667
0.3,WDC,True,58.61496308012713,40.141881019,21.678961,519.799988,6847.401655414459,88680.42572839791
0.3,NTAP,False,0.0,0.0,0.0,0.0,52671.05374208337,52671.05374208337
0.3,AKAM,False,0.0,0.0,0.0,0.0,17941.911205817516,17941.911205817516
0.3,EBAY,False,0.0,0.0,0.0,0.0,36435.51010119278,36435.51010119278
0.3,PYPL,True,71.14713875690437,41.317490920000004,38.834023,56.150002,5806.32994213213,7892.095589655883
0.3,NFLX,False,0.0,0.0,0.0,0.0,45670.74052588194,45670.74052588194
0.3,DIS,False,0.0,0.0,0.0,0.0,9547.093357155049,9547.093357155049
0.3,CMCSA,False,0.0,0.0,0.0,0.0,7804.400889608757,7804.400889608757
0.3,T,False,0.0,0.0,0.0,0.0,15599.402914194256,15599.402914194256
0.3,VZ,False,0.0,0.0,0.0,0.0,15531.77781764132,15531.77781764132
0.3,TMUS,False,0.0,0.0,0.0,0.0,28533.26470395504,28533.26470395504
0.3,JPM,False,0.0,0.0,0.0,0.0,52727.14224235768,52727.14224235768
0.3,BAC,False,0.0,0.0,0.0,0.0,32918.16922317675,32918.16922317675
0.3,WFC,True,41.614648026493704,29.656032566,18.556761,86.309998,7125.143182064849,20740.29268373273
0.3,C,True,45.56638548648961,28.410341723000002,28.360432,132.190002,6233.836943556157,29010.420859296424
0.3,GS,True,182.59005680610773,118.642776936,116.619804,1061.22998,6496.7676775678265,58120.907488786186
0.3,MS,False,0.0,0.0,0.0,0.0,65937.70919137936,65937.70919137936
0.3,USB,True,36.22371445111604,26.2192148345,21.920897,63.970001,7236.7550461662695,17659.70220594788
0.3,PNC,False,0.0,0.0,0.0,0.0,28942.418208252293,28942.418208252293
0.3,AXP,False,0.0,0.0,0.0,0.0,48108.75626943839,48108.75626943839
0.3,SCHW,False,0.0,0.0,0.0,0.0,29256.115792429115,29256.115792429115
0.3,BLK,False,0.0,0.0,0.0,0.0,33163.49983515826,33163.49983515826
0.3,COF,True,71.25092671594814,50.671709471,37.968895,202.839996,7110.7263741719335,28468.401093034234
0.3,TRV,False,0.0,0.0,0.0,0.0,39054.33397500969,39054.33397500969
0.3,ALL,False,0.0,0.0,0.0,0.0,36890.89535142073,36890.89535142073
0.3,PGR,False,0.0,0.0,0.0,0.0,58977.81609025851,58977.81609025851
0.3,MET,True,33.451810401643584,25.166648381,19.124193,94.830002,7521.759832694657,28348.242101521875
0.3,PRU,True,68.66418816317841,45.108873280500006,28.517078,119.959999,6568.490514225567,17470.53336084286
0.3,AIG,True,49.7136098189577,34.633227723500006,16.068785,79.059998,6965.542806005396,15903.08937289269
0.3,JNJ,False,0.0,0.0,0.0,0.0,26730.774023147005,26730.774023147005
0.3,PFE,False,0.0,0.0,0.0,0.0,12091.136560008772,12091.136560008772
0.3,MRK,False,0.0,0.0,0.0,0.0,28656.192660610675,28656.192660610675
0.3,ABBV,False,0.0,0.0,0.0,0.0,57904.62226787708,57904.62226787708
0.3,AMGN,False,0.0,0.0,0.0,0.0,30702.837618403602,30702.837618403602
0.3,GILD,False,0.0,0.0,0.0,0.0,24660.83904975019,24660.83904975019
0.3,BIIB,True,282.94709517403703,198.49070100200004,113.379997,202.190002,7014.117115088637,7145.858906084037
0.3,LLY,False,0.0,0.0,0.0,0.0,171311.2819100751,171311.2819100751
0.3,BMY,False,0.0,0.0,0.0,0.0,15920.507196140443,15920.507196140443
0.3,UNH,False,0.0,0.0,0.0,0.0,28434.737428304652,28434.737428304652
0.3,CVS,True,60.425549016463705,40.8333681025,40.908737,107.739998,6756.632949495326,17830.205890333717
0.3,CI,False,0.0,0.0,0.0,0.0,19357.735620693325,19357.735620693325
0.3,HUM,False,0.0,0.0,0.0,0.0,17896.079993598658,17896.079993598658
0.3,ABT,False,0.0,0.0,0.0,0.0,28153.66327097855,28153.66327097855
0.3,MDT,False,0.0,0.0,0.0,0.0,12819.971140996478,12819.971140996478
0.3,SYK,False,0.0,0.0,0.0,0.0,26697.048595009903,26697.048595009903
0.3,BSX,False,0.0,0.0,0.0,0.0,16033.296565807936,16033.296565807936
0.3,BAX,True,51.942123893429,35.4316882935,15.791793,22.4,6820.3784184482165,4312.492120260361
0.3,ZTS,False,0.0,0.0,0.0,0.0,13071.82347428929,13071.82347428929
0.3,XOM,True,56.43563567901218,36.9250772255,23.823557,156.940002,6541.865475196914,27808.670906557065
0.3,CVX,True,72.53398874610711,41.9590969565,41.19001,194.789993,5783.749698981905,26854.995343194107
0.3,COP,True,35.25982540914011,24.361024394500003,18.05689,120.260002,6907.585080720902,34106.80586320373
0.3,SLB,True,55.29651462488973,38.73126468,10.498685,52.419998,7003.286787827044,9479.801458662827
0.3,HAL,True,40.21548508639643,28.0097970955,4.136704,33.360001,6963.685017185856,8295.312347552557
0.3,OXY,True,57.2787481290992,40.518966382,8.285535,57.299999,7072.9965005302265,10003.710079496308
0.3,PSX,True,56.733154222479115,39.35239396,32.679379,206.770004,6935.401562599455,36446.06171360599
0.3,VLO,True,45.03728504707337,28.512567584500005,25.557413,302.5,6329.770445688199,67166.5709164805
0.3,MPC,True,39.55943449915483,23.3802250395,13.800982,309.23999,5908.887560058372,78170.98346201252
0.3,KMI,True,11.427195067578182,6.938263133,7.633833,32.860001,6067.335940270597,28755.96400137778
0.3,WMB,True,18.568777684128182,10.407992400500001,6.729476,74.0,5602.4109811988565,39851.84230152753
0.3,DVN,True,26.212586090395895,18.1691318895,3.924546,45.040001,6929.545916171624,17182.58581762077
0.3,APA,True,35.289926872793096,24.408939425000003,3.414926,36.150002,6915.270613330263,10243.716891312117
0.3,BA,True,170.65935609849748,98.75060299850001,95.010002,209.520004,5785.4160076582775,12277.088627890626
0.3,CAT,False,0.0,0.0,0.0,0.0,103862.15042971764,103862.15042971764
0.3,DE,False,0.0,0.0,0.0,0.0,60319.985577835156,60319.985577835156
0.3,MMM,True,121.69716815709516,85.8296866885,66.199585,172.619995,7051.726697609354,14184.388808223548
0.3,HON,False,0.0,0.0,0.0,0.0,23319.970692972038,23319.970692972038
0.3,GE,True,48.435314203022145,33.4228572115,26.567764,353.730011,6899.481868007554,73031.4269289759
0.3,UPS,False,0.0,0.0,0.0,0.0,14860.150673498745,14860.150673498745
0.3,FDX,True,131.6273154345547,86.541109799,65.074936,314.959991,6573.7074999815195,23928.16338768214
0.3,LMT,False,0.0,0.0,0.0,0.0,27124.328164859977,27124.328164859977
0.3,RTX,True,61.561152978686714,43.55413503850001,43.161804,212.789993,7073.938160040477,34565.62827432273
0.3,NOC,False,0.0,0.0,0.0,0.0,25230.15397547657,25230.15397547657
0.3,GD,True,159.56738781099793,110.4603891765,91.916733,386.75,6921.491537389616,24237.408740318046
0.3,EMR,False,0.0,0.0,0.0,0.0,31136.826182412573,31136.826182412573
0.3,ETN,False,0.0,0.0,0.0,0.0,63019.729804159855,63019.729804159855
0.3,ITW,False,0.0,0.0,0.0,0.0,25742.154965554342,25742.154965554342
0.3,CSX,False,0.0,0.0,0.0,0.0,35502.59584902849,35502.59584902849
0.3,UNP,False,0.0,0.0,0.0,0.0,35085.248366293934,35085.248366293934
0.3,NSC,False,0.0,0.0,0.0,0.0,37074.774268745,37074.774268745
0.3,DAL,True,44.941526019595365,28.740504559,18.523201,85.059998,6393.976151693374,18926.81569444531
0.3,UAL,True,77.72482266731646,48.5856959995,19.92,118.269997,6249.988337079917,15216.502648867789
0.3,LUV,True,54.70385816163264,36.129394266000006,20.949883,45.080002,6603.542253537044,8240.735391423914
0.3,PG,False,0.0,0.0,0.0,0.0,21888.95633160746,21888.95633160746
0.3,KO,False,0.0,0.0,0.0,0.0,24900.962905788216,24900.962905788216
0.3,PEP,False,0.0,0.0,0.0,0.0,15911.000848848484,15911.000848848484
0.3,WMT,False,0.0,0.0,0.0,0.0,50018.07111648722,50018.07111648722
0.3,COST,False,0.0,0.0,0.0,0.0,64113.3910756559,64113.3910756559
0.3,TGT,False,0.0,0.0,0.0,0.0,30252.492280501294,30252.492280501294
0.3,HD,False,0.0,0.0,0.0,0.0,26838.999940491765,26838.999940491765
0.3,LOW,False,0.0,0.0,0.0,0.0,29304.338567134568,29304.338567134568
0.3,MCD,False,0.0,0.0,0.0,0.0,21222.55335534794,21222.55335534794
0.3,SBUX,False,0.0,0.0,0.0,0.0,20708.63109590825,20708.63109590825
0.3,NKE,False,0.0,0.0,0.0,0.0,8753.372508659239,8753.372508659239
0.3,KHC,True,58.59422685574463,40.3833392295,14.81279,25.67,6891.0338054670965,4380.977679456025
0.3,GIS,True,41.63640170716007,28.840255658500002,27.335236,36.029999,6925.491751498137,8653.485297170635
0.3,CPB,True,41.8203370305167,29.1719937065,19.667662,21.84,6974.356444142612,5222.339548354942
0.3,CL,False,0.0,0.0,0.0,0.0,15173.12345000209,15173.12345000209
0.3,KMB,False,0.0,0.0,0.0,0.0,11946.759864060945,11946.759864060945
0.3,MO,True,36.93552787159121,25.3081226085,18.844017,72.989998,6850.618920749682,19761.46063317533
0.3,PM,True,72.84907103427193,50.7374136025,44.215275,193.0,6963.730350319845,26493.131245174412
0.3,MDLZ,False,0.0,0.0,0.0,0.0,16657.679125563023,16657.679125563023
0.3,CLX,False,0.0,0.0,0.0,0.0,9504.244308483481,9504.244308483481
0.3,SYY,True,42.77368633767804,28.170767570000002,26.189621,83.110001,6584.83520630992,19430.170302340975
0.3,YUM,False,0.0,0.0,0.0,0.0,23952.164480646006,23952.164480646006
0.3,M,True,17.403593079877556,12.199503197,3.654823,23.379999,7006.888256367918,13434.006927588136
0.3,KSS,True,27.08508744156508,17.233185097,5.86608,17.940001,6360.7640677435775,6623.571379898545
0.3,BBY,False,0.0,0.0,0.0,0.0,21554.354451746993,21554.354451746993
0.3,F,True,7.686139306727279,5.2808402590000005,2.972525,14.37,6864.096587974058,18695.992131475792
0.3,GM,True,29.13855922600394,20.4574051805,16.135914,82.639999,7019.0173171801125,28361.04501908595
0.3,COTY,True,17.467043623659023,12.1241498925,1.85,2.65,6938.294856082383,1517.1428302901747
0.3,DD,True,90.9396072990027,63.94044678350001,31.678526,137.699997,7030.08894821467,15141.916826983053
0.3,NEM,False,0.0,0.0,0.0,0.0,32343.206568549616,32343.206568549616
0.3,FCX,True,12.762957706043304,8.996425537,4.934507,62.599998,7044.938754864423,49048.190428742615
0.3,MOS,True,21.645325105150732,14.0572368655,6.141687,22.299999,6492.042414348456,10302.455099042832
0.3,NUE,True,48.180591842629866,32.295395224500005,25.144978,247.559998,6701.95072114695,51381.68472662068
0.3,CLF,True,6.896877252563496,4.849731921,3.021526,11.93,7024.529716255664,17297.68352128602
0.3,DUK,False,0.0,0.0,0.0,0.0,22493.855508979454,22493.855508979454
0.3,SO,False,0.0,0.0,0.0,0.0,28167.625091568847,28167.625091568847
0.3,D,True,52.42685906195316,35.518463884,34.667995,71.099998,6773.860161282521,13561.750460003845
0.3,NEE,False,0.0,0.0,0.0,0.0,32074.08240392906,32074.08240392906
0.3,AEP,False,0.0,0.0,0.0,0.0,26847.71445759375,26847.71445759375
0.3,EXC,False,0.0,0.0,0.0,0.0,25922.07414656411,25922.07414656411
0.3,XEL,False,0.0,0.0,0.0,0.0,23460.21861609132,23460.21861609132
0.3,SPG,True,102.64291209660028,63.0626598965,31.252396,229.779999,6142.888419411744,22386.34839040296
0.3,PLD,False,0.0,0.0,0.0,0.0,32942.70726654926,32942.70726654926
0.3,AMT,False,0.0,0.0,0.0,0.0,16281.056379895213,16281.056379895213
0.3,CCI,False,0.0,0.0,0.0,0.0,10892.24211264676,10892.24211264676
0.3,O,False,0.0,0.0,0.0,0.0,18191.074291887595,18191.074291887595
0.3,TWX,False,0.0,0.0,0.0,0.0,10342.410997895484,10342.410997895484
0.3,ESRX,False,0.0,0.0,0.0,0.0,12396.046158664387,12396.046158664387
0.3,AET,False,0.0,0.0,0.0,0.0,13804.11135706113,13804.11135706113
0.3,ANDV,False,0.0,0.0,0.0,0.0,17842.058925191115,17842.058925191115
0.3,SCG,True,64.81722635054022,44.7221767255,33.138699,47.779999,9223.934066278789,11150.055524614394
0.3,FOX,True,32.951509679346,21.595336930000002,18.213516,49.41,6552.154101617025,14994.760628818827
0.3,SBNY,True,0.9330249082599369,0.5197400000000001,0.335,0.4,6637.670887264746,9812.049892766154
0.3,INFO,False,0.0,0.0,0.0,0.0,12104.074691934238,12104.074691934238
0.3,LB,True,72.40823886885681,50.6424071295,44.059055,76.330002,6993.011720299081,10541.618356199235
0.4,AAPL,False,0.0,0.0,0.0,0.0,98284.57242274065,98284.57242274065
0.4,MSFT,False,0.0,0.0,0.0,0.0,61714.94521113908,61714.94521113908
0.4,GOOGL,False,0.0,0.0,0.0,0.0,67149.26766796209,67149.26766796209
0.4,AMZN,False,0.0,0.0,0.0,0.0,47190.642890011084,47190.642890011084
0.4,META,False,0.0,0.0,0.0,0.0,40690.18972636435,40690.18972636435
0.4,INTC,False,0.0,0.0,0.0,0.0,30882.4724539212,30882.4724539212
0.4,CSCO,False,0.0,0.0,0.0,0.0,47256.05257003731,47256.05257003731
0.4,ORCL,False,0.0,0.0,0.0,0.0,29735.62631854928,29735.62631854928
0.4,IBM,False,0.0,0.0,0.0,0.0,20823.439040250545,20823.439040250545
0.4,QCOM,False,0.0,0.0,0.0,0.0,31841.03734101703,31841.03734101703
0.4,TXN,False,0.0,0.0,0.0,0.0,44863.44438352435,44863.44438352435
0.4,AVGO,False,0.0,0.0,0.0,0.0,204621.59731572526,204621.59731572526
0.4,ADBE,False,0.0,0.0,0.0,0.0,16407.98433023784,16407.98433023784
0.4,CRM,False,0.0,0.0,0.0,0.0,19141.93272103302,19141.93272103302
0.4,NVDA,False,0.0,0.0,0.0,0.0,518253.0898186835,518253.0898186835
0.4,AMD,False,0.0,0.0,0.0,0.0,423423.79816744226,423423.79816744226
0.4,MU,False,0.0,0.0,0.0,0.0,339460.7154038176,339460.7154038176
0.4,HPQ,False,0.0,0.0,0.0,0.0,18936.157875624416,18936.157875624416
0.4,HPE,False,0.0,0.0,0.0,0.0,44410.994697950075,44410.994697950075
0.4,STX,False,0.0,0.0,0.0,0.0,287029.95374552667,287029.95374552667
0.4,WDC,True,58.61496308012713,31.437739267,21.678961,519.799988,5362.43240957507,88680.42572839791
0.4,NTAP,False,0.0,0.0,0.0,0.0,52671.05374208337,52671.05374208337
0.4,AKAM,False,0.0,0.0,0.0,0.0,17941.911205817516,17941.911205817516
0.4,EBAY,False,0.0,0.0,0.0,0.0,36435.51010119278,36435.51010119278
0.4,PYPL,True,71.14713875690437,41.317490920000004,38.834023,56.150002,5806.32994213213,7892.095589655883
0.4,NFLX,False,0.0,0.0,0.0,0.0,45670.74052588194,45670.74052588194
0.4,DIS,False,0.0,0.0,0.0,0.0,9547.093357155049,9547.093357155049
0.4,CMCSA,False,0.0,0.0,0.0,0.0,7804.400889608757,7804.400889608757
0.4,T,False,0.0,0.0,0.0,0.0,15599.402914194256,15599.402914194256
0.4,VZ,False,0.0,0.0,0.0,0.0,15531.77781764132,15531.77781764132
0.4,TMUS,False,0.0,0.0,0.0,0.0,28533.26470395504,28533.26470395504
0.4,JPM,False,0.0,0.0,0.0,0.0,52727.14224235768,52727.14224235768
0.4,BAC,False,0.0,0.0,0.0,0.0,32918.16922317675,32918.16922317675
0.4,WFC,True,41.614648026493704,25.819507788000003,18.556761,86.309998,6203.226270606773,20740.29268373273
0.4,C,False,0.0,0.0,0.0,0.0,29010.420859296424,29010.420859296424
0.4,GS,False,0.0,0.0,0.0,0.0,58120.907488786186,58120.907488786186
0.4,MS,False,0.0,0.0,0.0,0.0,65937.70919137936,65937.70919137936
0.4,USB,False,0.0,0.0,0.0,0.0,17659.70220594788,17659.70220594788
0.4,PNC,False,0.0,0.0,0.0,0.0,28942.418208252293,28942.418208252293
0.4,AXP,False,0.0,0.0,0.0,0.0,48108.75626943839,48108.75626943839
0.4,SCHW,False,0.0,0.0,0.0,0.0,29256.115792429115,29256.115792429115
0.4,BLK,False,0.0,0.0,0.0,0.0,33163.49983515826,33163.49983515826
0.4,COF,True,71.25092671594814,38.67713176,37.968895,202.839996,5427.2987664415705,28468.401093034234
0.4,TRV,False,0.0,0.0,0.0,0.0,39054.33397500969,39054.33397500969
0.4,ALL,False,0.0,0.0,0.0,0.0,36890.89535142073,36890.89535142073
0.4,PGR,False,0.0,0.0,0.0,0.0,58977.81609025851,58977.81609025851
0.4,MET,True,33.451810401643584,19.512682778000002,19.124193,94.830002,5831.577586916353,28348.242101521875
0.4,PRU,True,68.66418816317841,37.652500331999995,28.517078,119.959999,5482.57176269527,17470.53336084286
0.4,AIG,True,49.7136098189577,29.204340525000003,16.068785,79.059998,5873.510419246437,15903.08937289269
0.4,JNJ,False,0.0,0.0,0.0,0.0,26730.774023147005,26730.774023147005
0.4,PFE,False,0.0,0.0,0.0,0.0,12091.136560008772,12091.136560008772
0.4,MRK,False,0.0,0.0,0.0,0.0,28656.192660610675,28656.192660610675
0.4,ABBV,False,0.0,0.0,0.0,0.0,57904.62226787708,57904.62226787708
0.4,AMGN,False,0.0,0.0,0.0,0.0,30702.837618403602,30702.837618403602
0.4,GILD,False,0.0,0.0,0.0,0.0,24660.83904975019,24660.83904975019
0.4,BIIB,True,282.94709517403703,167.6561349975,113.379997,202.190002,5924.352755234223,7145.858906084037
0.4,LLY,False,0.0,0.0,0.0,0.0,171311.2819100751,171311.2819100751
0.4,BMY,False,0.0,0.0,0.0,0.0,15920.507196140443,15920.507196140443
0.4,UNH,False,0.0,0.0,0.0,0.0,28434.737428304652,28434.737428304652
0.4,CVS,False,0.0,0.0,0.0,0.0,17830.205890333717,17830.205890333717
0.4,CI,False,0.0,0.0,0.0,0.0,19357.735620693325,19357.735620693325
0.4,HUM,False,0.0,0.0,0.0,0.0,17896.079993598658,17896.079993598658
0.4,ABT,False,0.0,0.0,0.0,0.0,28153.66327097855,28153.66327097855
0.4,MDT,False,0.0,0.0,0.0,0.0,12819.971140996478,12819.971140996478
0.4,SYK,False,0.0,0.0,0.0,0.0,26697.048595009903,26697.048595009903
0.4,BSX,False,0.0,0.0,0.0,0.0,16033.296565807936,16033.296565807936
0.4,BAX,True,51.942123893429,31.205953218,15.791793,22.4,6006.831578474932,4312.492120260361
0.4,ZTS,False,0.0,0.0,0.0,0.0,13071.82347428929,13071.82347428929
0.4,XOM,True,56.43563567901218,34.956562975,23.823557,156.940002,6193.058515407132,27808.670906557065
0.4,CVX,True,72.53398874610711,41.9590969565,41.19001,194.789993,5783.749698981905,26854.995343194107
0.4,COP,True,35.25982540914011,20.985511995,18.05689,120.260002,5950.259750736427,34106.80586320373
0.4,SLB,True,55.29651462488973,31.6741340105,10.498685,52.419998,5727.052522905853,9479.801458662827
0.4,HAL,True,40.21548508639643,23.497379433000003,4.136704,33.360001,5841.625280045846,8295.312347552557
0.4,OXY,True,57.2787481290992,33.87743281,8.285535,57.299999,5913.485549447496,10003.710079496308
0.4,PSX,True,56.733154222479115,33.5632269915,32.679379,206.770004,5914.981131576394,36446.06171360599
0.4,VLO,True,45.03728504707337,28.097529207500003,27.147894,302.5,6237.616050376359,67166.5709164805
0.4,MPC,True,39.55943449915483,21.446395438000003,13.800982,309.23999,5420.045991420349,78170.98346201252
0.4,KMI,False,0.0,0.0,0.0,0.0,28755.96400137778,28755.96400137778
0.4,WMB,True,18.568777684128182,11.18788326,6.729476,74.0,6022.412164242055,39851.84230152753
0.4,DVN,True,26.212586090395895,15.289522414500002,3.924546,45.040001,5830.986062111644,17182.58581762077
0.4,APA,True,35.289926872793096,20.834919328999998,3.414926,36.150002,5902.5113325068705,10243.716891312117
0.4,BA,True,170.65935609849748,98.75060299850001,95.010002,209.520004,5785.4160076582775,12277.088627890626
0.4,CAT,False,0.0,0.0,0.0,0.0,103862.15042971764,103862.15042971764
0.4,DE,False,0.0,0.0,0.0,0.0,60319.985577835156,60319.985577835156
0.4,MMM,True,121.69716815709516,71.18521458750001,66.199585,172.619995,5848.373133778198,14184.388808223548
0.4,HON,False,0.0,0.0,0.0,0.0,23319.970692972038,23319.970692972038
0.4,GE,True,48.435314203022145,29.311502917000002,26.567764,353.730011,6050.647838095661,73031.4269289759
0.4,UPS,False,0.0,0.0,0.0,0.0,14860.150673498745,14860.150673498745
0.4,FDX,True,131.6273154345547,73.6461814885,65.074936,314.959991,5594.053066710686,23928.16338768214
0.4,LMT,False,0.0,0.0,0.0,0.0,27124.328164859977,27124.328164859977
0.4,RTX,False,0.0,0.0,0.0,0.0,34565.62827432273,34565.62827432273
0.4,NOC,False,0.0,0.0,0.0,0.0,25230.15397547657,25230.15397547657
0.4,GD,True,159.56738781099793,96.7056220005,98.478516,386.75,6059.4878808346775,24237.408740318046
0.4,EMR,False,0.0,0.0,0.0,0.0,31136.826182412573,31136.826182412573
0.4,ETN,False,0.0,0.0,0.0,0.0,63019.729804159855,63019.729804159855
0.4,ITW,False,0.0,0.0,0.0,0.0,25742.154965554342,25742.154965554342
0.4,CSX,False,0.0,0.0,0.0,0.0,35502.59584902849,35502.59584902849
0.4,UNP,False,0.0,0.0,0.0,0.0,35085.248366293934,35085.248366293934
0.4,NSC,False,0.0,0.0,0.0,0.0,37074.774268745,37074.774268745
0.4,DAL,True,44.941526019595365,22.5370308475,18.523201,85.059998,5013.632789789025,18926.81569444531
0.4,UAL,True,77.72482266731646,41.309336999,19.92,118.269997,5313.819073414331,15216.502648867789
0.4,LUV,True,54.70385816163264,31.943955032500003,20.949883,45.080002,5838.433653493999,8240.735391423914
0.4,PG,False,0.0,0.0,0.0,0.0,21888.95633160746,21888.95633160746
0.4,KO,False,0.0,0.0,0.0,0.0,24900.962905788216,24900.962905788216
0.4,PEP,False,0.0,0.0,0.0,0.0,15911.000848848484,15911.000848848484
0.4,WMT,False,0.0,0.0,0.0,0.0,50018.07111648722,50018.07111648722
0.4,COST,False,0.0,0.0,0.0,0.0,64113.3910756559,64113.3910756559
0.4,TGT,False,0.0,0.0,0.0,0.0,30252.492280501294,30252.492280501294
0.4,HD,False,0.0,0.0,0.0,0.0,26838.999940491765,26838.999940491765
0.4,LOW,False,0.0,0.0,0.0,0.0,29304.338567134568,29304.338567134568
0.4,MCD,False,0.0,0.0,0.0,0.0,21222.55335534794,21222.55335534794
0.4,SBUX,False,0.0,0.0,0.0,0.0,20708.63109590825,20708.63109590825
0.4,NKE,False,0.0,0.0,0.0,0.0,8753.372508659239,8753.372508659239
0.4,KHC,True,58.59422685574463,34.688481083000006,14.81279,25.67,5919.119258233563,4380.977679456025
0.4,GIS,False,0.0,0.0,0.0,0.0,8653.485297170635,8653.485297170635
0.4,CPB,True,41.8203370305167,24.851577995000003,19.667662,21.84,5941.266799659989,5222.339548354942
0.4,CL,False,0.0,0.0,0.0,0.0,15173.12345000209,15173.12345000209
0.4,KMB,False,0.0,0.0,0.0,0.0,11946.759864060945,11946.759864060945
0.4,MO,True,36.93552787159121,22.958039238,18.844017,72.989998,6214.352565312657,19761.46063317533
0.4,PM,False,0.0,0.0,0.0,0.0,26493.131245174412,26493.131245174412
0.4,MDLZ,False,0.0,0.0,0.0,0.0,16657.679125563023,16657.679125563023
0.4,CLX,False,0.0,0.0,0.0,0.0,9504.244308483481,9504.244308483481
0.4,SYY,False,0.0,0.0,0.0,0.0,19430.170302340975,19430.170302340975
0.4,YUM,False,0.0,0.0,0.0,0.0,23952.164480646006,23952.164480646006
0.4,M,True,17.403593079877556,9.865314875000001,3.654823,23.379999,5665.677673422926,13434.006927588136
0.4,KSS,True,27.08508744156508,17.233185097,5.86608,17.940001,6360.7640677435775,6623.571379898545
0.4,BBY,False,0.0,0.0,0.0,0.0,21554.354451746993,21554.354451746993
0.4,F,True,7.686139306727279,4.6380807995,2.972525,14.37,6027.838703684312,18695.992131475792
0.4,GM,True,29.13855922600394,15.686244954000001,16.904291,82.639999,5381.613014004373,28361.04501908595
0.4,COTY,True,17.467043623659023,10.4983511985,1.85,2.65,6007.514164724938,1517.1428302901747
0.4,DD,True,90.9396072990027,53.338981168000004,31.678526,137.699997,5864.319056483868,15141.916826983053
0.4,NEM,False,0.0,0.0,0.0,0.0,32343.206568549616,32343.206568549616
0.4,FCX,True,12.762957706043304,8.238642618,4.934507,62.599998,6451.202619046008,49048.190428742615
0.4,MOS,True,21.645325105150732,11.357756281,6.141687,22.299999,5244.899869070801,10302.455099042832
0.4,NUE,True,48.180591842629866,30.0669060265,25.144978,247.559998,6239.4223227248585,51381.68472662068
0.4,CLF,True,6.896877252563496,4.279175342,3.021526,11.93,6197.261725096434,17297.68352128602
0.4,DUK,False,0.0,0.0,0.0,0.0,22493.855508979454,22493.855508979454
0.4,SO,False,0.0,0.0,0.0,0.0,28167.625091568847,28167.625091568847
0.4,D,False,0.0,0.0,0.0,0.0,13561.750460003845,13561.750460003845
0.4,NEE,False,0.0,0.0,0.0,0.0,32074.08240392906,32074.08240392906
0.4,AEP,False,0.0,0.0,0.0,0.0,26847.71445759375,26847.71445759375
0.4,EXC,False,0.0,0.0,0.0,0.0,25922.07414656411,25922.07414656411
0.4,XEL,False,0.0,0.0,0.0,0.0,23460.21861609132,23460.21861609132
0.4,SPG,True,102.64291209660028,63.0626598965,31.252396,229.779999,6142.888419411744,22386.34839040296
0.4,PLD,False,0.0,0.0,0.0,0.0,32942.70726654926,32942.70726654926
0.4,AMT,False,0.0,0.0,0.0,0.0,16281.056379895213,16281.056379895213
0.4,CCI,False,0.0,0.0,0.0,0.0,10892.24211264676,10892.24211264676
0.4,O,False,0.0,0.0,0.0,0.0,18191.074291887595,18191.074291887595
0.4,TWX,False,0.0,0.0,0.0,0.0,10342.410997895484,10342.410997895484
0.4,ESRX,False,0.0,0.0,0.0,0.0,12396.046158664387,12396.046158664387
0.4,AET,False,0.0,0.0,0.0,0.0,13804.11135706113,13804.11135706113
0.4,ANDV,False,0.0,0.0,0.0,0.0,17842.058925191115,17842.058925191115
0.4,SCG,True,64.81722635054022,35.823631224,33.138699,47.779999,8880.717223993088,11150.055524614394
0.4,FOX,True,32.951509679346,19.693112518000003,18.213516,49.41,5974.874204425452,14994.760628818827
0.4,SBNY,True,0.9330249082599369,0.749625,0.335,0.4,8485.57171470939,9812.049892766154
0.4,INFO,False,0.0,0.0,0.0,0.0,12104.074691934238,12104.074691934238
0.4,LB,False,0.0,0.0,0.0,0.0,10541.618356199235,10541.618356199235
