portfolio,capnone_mult,capnone_vs_none,capnone_mdd,capnone_tax,capnone_trims,capnone_maxw,capnone_worst1y,cap50_mult,cap50_vs_none,cap50_mdd,cap50_tax,cap50_trims,cap50_maxw,cap50_worst1y,cap40_mult,cap40_vs_none,cap40_mdd,cap40_tax,cap40_trims,cap40_maxw,cap40_worst1y,cap33_mult,cap33_vs_none,cap33_mdd,cap33_tax,cap33_trims,cap33_maxw,cap33_worst1y,cap25_mult,cap25_vs_none,cap25_mdd,cap25_tax,cap25_trims,cap25_maxw,cap25_worst1y
0,4.396051418736133,0.0,0.2648137814466068,0,0,0.5088333741265968,0.014822093861916352,4.396080001125565,2.858238943215241e-05,0.2648137814466068,993.1676706677007,2,0.5069554083495054,0.014822093861916352,4.350582424468468,-0.04546899426766515,0.2648137814466068,15938.571945084612,11,0.4195849143824597,0.014822093861916352,4.2265949752932315,-0.16945644344290134,0.2648137814466068,23269.697755153804,14,0.3558168709451355,0.014822093861916352,3.9592308920691837,-0.43682052666694915,0.2648137814466068,28085.712067712233,39,0.2719213920359635,0.014822093861916352
1,5.341084996013987,0.0,0.3619743785602412,0,0,0.3837734484691551,-0.24352602029430515,5.341084996013987,0.0,0.3619743785602412,0,0,0.3837734484691551,-0.24352602029430515,5.341084996013987,0.0,0.3619743785602412,0,0,0.3837734484691551,-0.24352602029430515,5.02270992727308,-0.3183750687409068,0.3619743785602412,14438.319385241355,20,0.3455182511266764,-0.2286860207956628,4.265471740341089,-1.0756132556728986,0.3584189896850102,26980.425025486704,59,0.28205225384395005,-0.19457783071313894
2,4.017551199448516,0.0,0.32396539197128327,0,0,0.540308135871168,-0.11765877521381762,4.011279837429044,-0.006271362019471205,0.32396539197128327,5459.97434217116,5,0.51849316694518,-0.11765877521381762,3.9318537239190396,-0.08569747552947593,0.32396539197128327,18155.600499328506,12,0.4258281191623279,-0.11765877521381762,3.803839467396462,-0.21371173205205363,0.32396539197128327,24331.12256080986,16,0.35870778917556473,-0.11765877521381762,3.5575249278420524,-0.46002627160646314,0.32396539197128327,26935.833482318943,29,0.2743608403917416,-0.11765877521381762
3,2.740524614715167,0.0,0.4160425993671895,0,0,0.25968407397901644,-0.23178553665438206,2.740524614715167,0.0,0.4160425993671895,0,0,0.25968407397901644,-0.23178553665438206,2.740524614715167,0.0,0.4160425993671895,0,0,0.25968407397901644,-0.23178553665438206,2.740524614715167,0.0,0.4160425993671895,0,0,0.25968407397901644,-0.23178553665438206,2.746455956048633,0.005931341333465845,0.4160425993671895,352.41953457984323,3,0.25723652129511065,-0.23178553665438206
4,5.607707088927129,0.0,0.3069717039480646,0,0,0.3623171977073932,-0.17386951586481836,5.607707088927129,0.0,0.3069717039480646,0,0,0.3623171977073932,-0.17386951586481836,5.607707088927129,0.0,0.3069717039480646,0,0,0.3623171977073932,-0.17386951586481836,5.576566322949932,-0.03114076597719695,0.3069717039480646,5763.492817334433,5,0.3407063369434627,-0.17386951586481836,5.073977159145645,-0.5337299297814839,0.3069717039480646,14434.071997978961,41,0.264630443128779,-0.1363628279867598
5,1.7344886657624312,0.0,0.3143237981740268,0,0,0.27070649435476746,-0.14392102257036032,1.7344886657624312,0.0,0.3143237981740268,0,0,0.27070649435476746,-0.14392102257036032,1.7344886657624312,0.0,0.3143237981740268,0,0,0.27070649435476746,-0.14392102257036032,1.7344886657624312,0.0,0.3143237981740268,0,0,0.27070649435476746,-0.14392102257036032,1.7476641865016227,0.013175520739191482,0.3143237981740268,333.77005207947286,2,0.2694128287068014,-0.1323294427357894
6,1.8201170149031507,0.0,0.3152583302468853,0,0,0.21201744272287226,-0.2344569002301815,1.8201170149031507,0.0,0.3152583302468853,0,0,0.21201744272287226,-0.2344569002301815,1.8201170149031507,0.0,0.3152583302468853,0,0,0.21201744272287226,-0.2344569002301815,1.8201170149031507,0.0,0.3152583302468853,0,0,0.21201744272287226,-0.2344569002301815,1.8201170149031507,0.0,0.3152583302468853,0,0,0.21201744272287226,-0.2344569002301815
7,2.3044713761516706,0.0,0.3354932151937826,0,0,0.19663182771071652,-0.0704334778478184,2.3044713761516706,0.0,0.3354932151937826,0,0,0.19663182771071652,-0.0704334778478184,2.3044713761516706,0.0,0.3354932151937826,0,0,0.19663182771071652,-0.0704334778478184,2.3044713761516706,0.0,0.3354932151937826,0,0,0.19663182771071652,-0.0704334778478184,2.3044713761516706,0.0,0.3354932151937826,0,0,0.19663182771071652,-0.0704334778478184
8,2.0426928772083004,0.0,0.4069914957661352,0,0,0.19257947936755349,-0.14736862639300174,2.0426928772083004,0.0,0.4069914957661352,0,0,0.19257947936755349,-0.14736862639300174,2.0426928772083004,0.0,0.4069914957661352,0,0,0.19257947936755349,-0.14736862639300174,2.0426928772083004,0.0,0.4069914957661352,0,0,0.19257947936755349,-0.14736862639300174,2.0426928772083004,0.0,0.4069914957661352,0,0,0.19257947936755349,-0.14736862639300174
9,2.790774555359493,0.0,0.34499934367841045,0,0,0.20320280578293684,-0.1258625824562366,2.790774555359493,0.0,0.34499934367841045,0,0,0.20320280578293684,-0.1258625824562366,2.790774555359493,0.0,0.34499934367841045,0,0,0.20320280578293684,-0.1258625824562366,2.790774555359493,0.0,0.34499934367841045,0,0,0.20320280578293684,-0.1258625824562366,2.790774555359493,0.0,0.34499934367841045,0,0,0.20320280578293684,-0.1258625824562366
10,4.409672746101511,0.0,0.3822318468268246,0,0,0.4282539467417713,-0.15356416965763986,4.409672746101511,0.0,0.3822318468268246,0,0,0.4282539467417713,-0.15356416965763986,4.409262884973478,-0.0004098611280332065,0.3822318468268246,4222.107384648593,6,0.41010290970312574,-0.15356416965763986,4.329495705978205,-0.08017704012330551,0.3822318468268246,13311.092625945805,19,0.3462333815215082,-0.15356416965763986,4.082428230175323,-0.3272445159261874,0.3822318468268246,21032.474469304198,61,0.2648212075886138,-0.15356416965763986
11,4.447903756483271,0.0,0.3291011746304448,0,0,0.6515783250318373,-0.10080750291785112,4.166340276108938,-0.28156348037433254,0.3291011746304448,19707.742580968246,34,0.5128850074508909,-0.10080750291785112,3.809706882853776,-0.6381968736294947,0.3291011746304448,27520.436146778873,51,0.42358830995947966,-0.10080750291785112,3.493383569924291,-0.9545201865589799,0.3291011746304448,29045.501053531334,72,0.3517203419331772,-0.10080750291785112,3.0518085576941636,-1.3960951987891073,0.3291011746304448,25448.19384369759,87,0.2714367917599437,-0.06280942250659582
12,3.7172257098637753,0.0,0.3309306846061744,0,0,0.5772536994435975,-0.19987165964583964,3.6519766071447104,-0.06524910271906492,0.3309306846061744,9204.446599511057,10,0.5182513949210021,-0.19987165964583964,3.4588852512299693,-0.25834045863380606,0.3309306846061744,18074.69682473903,18,0.4328117509613269,-0.19987165964583964,3.215019659082084,-0.5022060507816914,0.3309306846061744,19563.8227797644,33,0.36083849339246177,-0.17426421138712644,2.8335471899973053,-0.8836785198664701,0.3309306846061744,16860.63316760983,45,0.2764641527550131,-0.13975132110731614
13,2.336360913652307,0.0,0.36700600873803507,0,0,0.24085398247777412,-0.12113286317187022,2.336360913652307,0.0,0.36700600873803507,0,0,0.24085398247777412,-0.12113286317187022,2.336360913652307,0.0,0.36700600873803507,0,0,0.24085398247777412,-0.12113286317187022,2.336360913652307,0.0,0.36700600873803507,0,0,0.24085398247777412,-0.12113286317187022,2.336360913652307,0.0,0.36700600873803507,0,0,0.24085398247777412,-0.12113286317187022
14,3.726047460968634,0.0,0.3748302964493559,0,0,0.5046749789404111,-0.13085291697938295,3.7270271770464607,0.0009797160778268754,0.3748302964493559,242.4393829899337,1,0.5046749789404111,-0.13085291697938295,3.6776342520009186,-0.04841320896771517,0.3748302964493559,12521.149250603723,15,0.4159786968385498,-0.13085291697938295,3.5760819864244584,-0.14996547454417541,0.3748302964493559,18766.23952091319,23,0.34852597866136065,-0.13085291697938295,3.4050543111658196,-0.32099314980281424,0.3748302964493559,23848.886276697835,58,0.2807706191899718,-0.13085291697938295
15,2.2411159882110905,0.0,0.3866093806849553,0,0,0.2104424646610617,-0.18111507127745563,2.2411159882110905,0.0,0.3866093806849553,0,0,0.2104424646610617,-0.18111507127745563,2.2411159882110905,0.0,0.3866093806849553,0,0,0.2104424646610617,-0.18111507127745563,2.2411159882110905,0.0,0.3866093806849553,0,0,0.2104424646610617,-0.18111507127745563,2.2411159882110905,0.0,0.3866093806849553,0,0,0.2104424646610617,-0.18111507127745563
16,3.5251926110225984,0.0,0.4234985542073858,0,0,0.5292945973219124,-0.21514588733938567,3.526910215956808,0.0017176049342095823,0.4234985542073858,3393.305181137413,5,0.5137321390517943,-0.21514588733938567,3.430782477042819,-0.0944101339797796,0.4234985542073858,13601.511422694008,17,0.4185566693614599,-0.21514588733938567,3.2962593701378653,-0.2289332408847331,0.4234985542073858,18162.844698188834,29,0.34694733965880953,-0.21514588733938567,3.0924828050834154,-0.43270980593918296,0.4234985542073858,20640.723049170505,39,0.28565426868783855,-0.21514588733938567
17,1.8099454120873864,0.0,0.48498198504881446,0,0,0.18849842812029238,-0.3276385443965435,1.8099454120873864,0.0,0.48498198504881446,0,0,0.18849842812029238,-0.3276385443965435,1.8099454120873864,0.0,0.48498198504881446,0,0,0.18849842812029238,-0.3276385443965435,1.8099454120873864,0.0,0.48498198504881446,0,0,0.18849842812029238,-0.3276385443965435,1.8099454120873864,0.0,0.48498198504881446,0,0,0.18849842812029238,-0.3276385443965435
18,4.707918094041042,0.0,0.3330718807348718,0,0,0.47712717460224924,-0.07098710086001969,4.707918094041042,0.0,0.3330718807348718,0,0,0.47712717460224924,-0.07098710086001969,4.620279034709523,-0.08763905933151861,0.3330718807348718,10936.152566531777,8,0.41799563506138626,-0.07098710086001969,4.400855820580688,-0.3070622734603541,0.3330718807348718,16393.632516407713,16,0.3680390076514834,-0.05404022361000038,3.9602313545474104,-0.7476867394936315,0.3325243920042115,15016.528434551572,29,0.28281405863250497,-0.019957873075547305
19,2.3195147611655234,0.0,0.3778837411639238,0,0,0.19421532359817412,-0.13134385317037678,2.3195147611655234,0.0,0.3778837411639238,0,0,0.19421532359817412,-0.13134385317037678,2.3195147611655234,0.0,0.3778837411639238,0,0,0.19421532359817412,-0.13134385317037678,2.3195147611655234,0.0,0.3778837411639238,0,0,0.19421532359817412,-0.13134385317037678,2.3195147611655234,0.0,0.3778837411639238,0,0,0.19421532359817412,-0.13134385317037678
20,3.498380960959092,0.0,0.2882517408112008,0,0,0.5431386368575686,-0.0881792458745404,3.49497308196754,-0.003407878991551705,0.2882517408112008,5400.851310927594,4,0.5171348694903641,-0.0881792458745404,3.39244207504199,-0.10593888591710199,0.2882517408112008,15934.501935065757,12,0.42035134793660545,-0.0881792458745404,3.2353974681233812,-0.26298349283571065,0.2882517408112008,20074.49004282536,22,0.3496711756863178,-0.0881792458745404,2.9856616903282,-0.5127192706308921,0.2882517408112008,20676.96435382892,35,0.267125203382422,-0.0881792458745404
21,3.5831388836098137,0.0,0.39853322954332676,0,0,0.471849382864983,-0.1853147914789075,3.5831388836098137,0.0,0.39853322954332676,0,0,0.471849382864983,-0.1853147914789075,3.557737064929997,-0.025401818679816834,0.39853322954332676,8900.145184175117,10,0.41643712616924583,-0.1853147914789075,3.4402548016899113,-0.14288408191990243,0.39853322954332676,15098.026120809558,25,0.3465130545344385,-0.1853147914789075,3.2178930484130435,-0.36524583519677023,0.39853322954332676,17846.230372936523,35,0.28144171869698864,-0.1853147914789075
22,3.2558480741656077,0.0,0.33877945904757545,0,0,0.38312882689315875,-0.04131699456872828,3.2558480741656077,0.0,0.33877945904757545,0,0,0.38312882689315875,-0.04131699456872828,3.2558480741656077,0.0,0.33877945904757545,0,0,0.38312882689315875,-0.04131699456872828,3.221078987421853,-0.034769086743754674,0.33877945904757545,3968.6657760813455,14,0.3436156572405675,-0.04131699456872828,3.0888241306308255,-0.16702394353478223,0.33877945904757545,7765.496740479047,24,0.27427387787811586,-0.04131699456872828
23,1.9854669126947886,0.0,0.3082654671465545,0,0,0.3201586430256789,-0.16147971391329186,1.9854669126947886,0.0,0.3082654671465545,0,0,0.3201586430256789,-0.16147971391329186,1.9854669126947886,0.0,0.3082654671465545,0,0,0.3201586430256789,-0.16147971391329186,1.9854669126947886,0.0,0.3082654671465545,0,0,0.3201586430256789,-0.16147971391329186,2.0004255759859877,0.014958663291199104,0.3082654671465545,3177.897678464995,6,0.2700507703347809,-0.16147971391329186
24,3.6556984359301903,0.0,0.40653597088708043,0,0,0.5335517198754495,-0.2408070129625144,3.6562941895468466,0.0005957536166563138,0.40653597088708043,4344.551750384589,5,0.5142387481460791,-0.2408070129625144,3.575658244979583,-0.08004019095060722,0.40653597088708043,16132.208750994307,19,0.4230348746106652,-0.2408070129625144,3.4254205156902726,-0.23027792023991767,0.40653597088708043,21058.938852125328,34,0.3512746176075541,-0.2408070129625144,3.1805273382218067,-0.4751710977083836,0.40653597088708043,22584.792594163566,42,0.2856994566907609,-0.2408070129625144
25,5.85810182016572,0.0,0.3488225986741871,0,0,0.35643621918118956,-0.13054321158575133,5.85810182016572,0.0,0.3488225986741871,0,0,0.35643621918118956,-0.13054321158575133,5.85810182016572,0.0,0.3488225986741871,0,0,0.35643621918118956,-0.13054321158575133,5.849058412844734,-0.009043407320985963,0.3488225986741871,7989.979672552839,7,0.33869744738287727,-0.13054321158575133,5.491301181320832,-0.36680063884488767,0.3488225986741871,35039.7752005804,39,0.274954916472127,-0.13054321158575133
26,5.1250448556712955,0.0,0.31323348220822417,0,0,0.42233927521944586,-0.1958196449436137,5.1250448556712955,0.0,0.31323348220822417,0,0,0.42233927521944586,-0.1958196449436137,5.1227893082596925,-0.002255547411603054,0.31323348220822417,3778.86606247513,3,0.4121377840587402,-0.1958196449436137,4.861677536029551,-0.26336731964174476,0.2916051221598079,20832.488234031964,29,0.34886317471861167,-0.17784347160879888,4.071900054270446,-1.0531448014008493,0.25435084193367885,31652.134870114634,59,0.2677647689579663,-0.14068135321397657
27,1.5716261715341613,0.0,0.36864418140438315,0,0,0.17235183270880036,-0.07464393295655702,1.5716261715341613,0.0,0.36864418140438315,0,0,0.17235183270880036,-0.07464393295655702,1.5716261715341613,0.0,0.36864418140438315,0,0,0.17235183270880036,-0.07464393295655702,1.5716261715341613,0.0,0.36864418140438315,0,0,0.17235183270880036,-0.07464393295655702,1.5716261715341613,0.0,0.36864418140438315,0,0,0.17235183270880036,-0.07464393295655702
28,2.2488634405971455,0.0,0.31558150001511737,0,0,0.17393702904269653,-0.013176292734947359,2.2488634405971455,0.0,0.31558150001511737,0,0,0.17393702904269653,-0.013176292734947359,2.2488634405971455,0.0,0.31558150001511737,0,0,0.17393702904269653,-0.013176292734947359,2.2488634405971455,0.0,0.31558150001511737,0,0,0.17393702904269653,-0.013176292734947359,2.2488634405971455,0.0,0.31558150001511737,0,0,0.17393702904269653,-0.013176292734947359
29,4.439143410927689,0.0,0.4060191965342563,0,0,0.6694017751789317,-0.08291761396069919,4.087001920569326,-0.3521414903583624,0.4060191965342563,19941.795491532743,37,0.5181221758255413,-0.08291761396069919,3.701993355837291,-0.7371500550903978,0.4060191965342563,25866.397253765957,55,0.41757899865647397,-0.08291761396069919,3.38878405086863,-1.0503593600590588,0.4060191965342563,26385.46516366927,77,0.34652453910023356,-0.08291761396069919,2.994799586233994,-1.444343824693695,0.4060191965342563,23313.667290895628,99,0.2724402419591121,-0.08291761396069919
30,2.1267428082252176,0.0,0.36416778501314256,0,0,0.2513059782381724,-0.1435080409945807,2.1267428082252176,0.0,0.36416778501314256,0,0,0.2513059782381724,-0.1435080409945807,2.1267428082252176,0.0,0.36416778501314256,0,0,0.2513059782381724,-0.1435080409945807,2.1267428082252176,0.0,0.36416778501314256,0,0,0.2513059782381724,-0.1435080409945807,2.1262436500350743,-0.000499158190143234,0.36416778501314256,0.0,1,0.2513059782381724,-0.1435080409945807
31,2.916841271124733,0.0,0.3912645598260309,0,0,0.22524181016322628,-0.12572479832428896,2.916841271124733,0.0,0.3912645598260309,0,0,0.22524181016322628,-0.12572479832428896,2.916841271124733,0.0,0.3912645598260309,0,0,0.22524181016322628,-0.12572479832428896,2.916841271124733,0.0,0.3912645598260309,0,0,0.22524181016322628,-0.12572479832428896,2.916841271124733,0.0,0.3912645598260309,0,0,0.22524181016322628,-0.12572479832428896
32,1.6982230843071529,0.0,0.3340936916757543,0,0,0.1752734174823106,-0.06522826416648786,1.6982230843071529,0.0,0.3340936916757543,0,0,0.1752734174823106,-0.06522826416648786,1.6982230843071529,0.0,0.3340936916757543,0,0,0.1752734174823106,-0.06522826416648786,1.6982230843071529,0.0,0.3340936916757543,0,0,0.1752734174823106,-0.06522826416648786,1.6982230843071529,0.0,0.3340936916757543,0,0,0.1752734174823106,-0.06522826416648786
33,2.562342141708518,0.0,0.32051033619638697,0,0,0.2616563206985976,-0.09397575222931132,2.562342141708518,0.0,0.32051033619638697,0,0,0.2616563206985976,-0.09397575222931132,2.562342141708518,0.0,0.32051033619638697,0,0,0.2616563206985976,-0.09397575222931132,2.562342141708518,0.0,0.32051033619638697,0,0,0.2616563206985976,-0.09397575222931132,2.5626704743769704,0.0003283326684524468,0.32051033619638697,600.9971288131832,3,0.2558962880423157,-0.09397575222931132
34,2.331454272582019,0.0,0.3824165813027021,0,0,0.21962400949103994,-0.11859992571210798,2.331454272582019,0.0,0.3824165813027021,0,0,0.21962400949103994,-0.11859992571210798,2.331454272582019,0.0,0.3824165813027021,0,0,0.21962400949103994,-0.11859992571210798,2.331454272582019,0.0,0.3824165813027021,0,0,0.21962400949103994,-0.11859992571210798,2.331454272582019,0.0,0.3824165813027021,0,0,0.21962400949103994,-0.11859992571210798
35,2.1807713859549636,0.0,0.38215761158673694,0,0,0.17272344165847395,-0.10851646323539288,2.1807713859549636,0.0,0.38215761158673694,0,0,0.17272344165847395,-0.10851646323539288,2.1807713859549636,0.0,0.38215761158673694,0,0,0.17272344165847395,-0.10851646323539288,2.1807713859549636,0.0,0.38215761158673694,0,0,0.17272344165847395,-0.10851646323539288,2.1807713859549636,0.0,0.38215761158673694,0,0,0.17272344165847395,-0.10851646323539288
36,3.243880470166693,0.0,0.3500880482912517,0,0,0.26016835634132607,-0.11356620554873631,3.243880470166693,0.0,0.3500880482912517,0,0,0.26016835634132607,-0.11356620554873631,3.243880470166693,0.0,0.3500880482912517,0,0,0.26016835634132607,-0.11356620554873631,3.243880470166693,0.0,0.3500880482912517,0,0,0.26016835634132607,-0.11356620554873631,3.235422904343965,-0.008457565822728164,0.3500880482912517,258.6077414301106,8,0.2544527330272671,-0.11356620554873631
37,2.194680690934873,0.0,0.43272612462316506,0,0,0.2924354444703312,-0.19179999774865542,2.194680690934873,0.0,0.43272612462316506,0,0,0.2924354444703312,-0.19179999774865542,2.194680690934873,0.0,0.43272612462316506,0,0,0.2924354444703312,-0.19179999774865542,2.194680690934873,0.0,0.43272612462316506,0,0,0.2924354444703312,-0.19179999774865542,2.204740015162037,0.010059324227164268,0.43272612462316506,657.6526998910937,20,0.25810570082877904,-0.19179999774865542
38,3.750188264619277,0.0,0.30510046818624426,0,0,0.5574306807829141,-0.04880671043982432,3.7344549808909653,-0.01573328372831151,0.30510046818624426,7415.126551224794,11,0.5132949371910118,-0.04880671043982432,3.6057300122764544,-0.1444582523428224,0.30510046818624426,18031.768690593894,23,0.4195096859446197,-0.04880671043982432,3.4418645206862797,-0.3083237439329971,0.30510046818624426,22506.300633394265,33,0.35612438721658474,-0.04880671043982432,3.181003680159552,-0.569184584459725,0.30510046818624426,23439.92667285064,47,0.28520118221863305,-0.04880671043982432
39,1.966157500276141,0.0,0.39037660324971957,0,0,0.15226148856093977,-0.1584971273787581,1.966157500276141,0.0,0.39037660324971957,0,0,0.15226148856093977,-0.1584971273787581,1.966157500276141,0.0,0.39037660324971957,0,0,0.15226148856093977,-0.1584971273787581,1.966157500276141,0.0,0.39037660324971957,0,0,0.15226148856093977,-0.1584971273787581,1.966157500276141,0.0,0.39037660324971957,0,0,0.15226148856093977,-0.1584971273787581
40,3.146353613550893,0.0,0.26384243182984995,0,0,0.2844605617536733,0.02279362678262098,3.146353613550893,0.0,0.26384243182984995,0,0,0.2844605617536733,0.02279362678262098,3.146353613550893,0.0,0.26384243182984995,0,0,0.2844605617536733,0.02279362678262098,3.146353613550893,0.0,0.26384243182984995,0,0,0.2844605617536733,0.02279362678262098,3.108068507571649,-0.03828510597924417,0.26384243182984995,1586.3048949540037,19,0.25482770212355255,0.02279362678262098
41,2.3416993226888247,0.0,0.355593051795379,0,0,0.26207298329568757,-0.10406470672506751,2.3416993226888247,0.0,0.355593051795379,0,0,0.26207298329568757,-0.10406470672506751,2.3416993226888247,0.0,0.355593051795379,0,0,0.26207298329568757,-0.10406470672506751,2.3416993226888247,0.0,0.355593051795379,0,0,0.26207298329568757,-0.10406470672506751,2.3472006725743917,0.005501349885566942,0.355593051795379,414.2548328924072,4,0.25736805930857176,-0.10406470672506751
42,1.9160670090965684,0.0,0.4185701510331855,0,0,0.31429826852317105,-0.1396106170325595,1.9160670090965684,0.0,0.4185701510331855,0,0,0.31429826852317105,-0.1396106170325595,1.9160670090965684,0.0,0.4185701510331855,0,0,0.31429826852317105,-0.1396106170325595,1.9160670090965684,0.0,0.4185701510331855,0,0,0.31429826852317105,-0.1396106170325595,1.9207947887018662,0.004727779605297799,0.4185701510331855,880.5389922830334,21,0.26266417197877073,-0.1396106170325595
43,2.8993987830821424,0.0,0.44483481889857734,0,0,0.23707821447872765,-0.27905456448929056,2.8993987830821424,0.0,0.44483481889857734,0,0,0.23707821447872765,-0.27905456448929056,2.8993987830821424,0.0,0.44483481889857734,0,0,0.23707821447872765,-0.27905456448929056,2.8993987830821424,0.0,0.44483481889857734,0,0,0.23707821447872765,-0.27905456448929056,2.8993987830821424,0.0,0.44483481889857734,0,0,0.23707821447872765,-0.27905456448929056
44,3.078206454043584,0.0,0.42995239992867684,0,0,0.3601697573345965,-0.22117501140831175,3.078206454043584,0.0,0.42995239992867684,0,0,0.3601697573345965,-0.22117501140831175,3.078206454043584,0.0,0.42995239992867684,0,0,0.3601697573345965,-0.22117501140831175,3.0659941574006164,-0.012212296642967413,0.42995239992867684,2214.284983119385,8,0.3379638721177303,-0.22117501140831175,2.973952940917608,-0.10425351312597586,0.42995239992867684,6861.53885589202,17,0.2728642925344894,-0.22117501140831175
45,2.9274722029319333,0.0,0.37098017274358125,0,0,0.2793609102458889,-0.09384770219295946,2.9274722029319333,0.0,0.37098017274358125,0,0,0.2793609102458889,-0.09384770219295946,2.9274722029319333,0.0,0.37098017274358125,0,0,0.2793609102458889,-0.09384770219295946,2.9274722029319333,0.0,0.37098017274358125,0,0,0.2793609102458889,-0.09384770219295946,2.909335428655262,-0.018136774276671375,0.37098017274358125,694.8431310146822,19,0.25444738515776427,-0.09384770219295946
46,2.2914271265100954,0.0,0.30512920801919347,0,0,0.22836857672311614,-0.10740467578421475,2.2914271265100954,0.0,0.30512920801919347,0,0,0.22836857672311614,-0.10740467578421475,2.2914271265100954,0.0,0.30512920801919347,0,0,0.22836857672311614,-0.10740467578421475,2.2914271265100954,0.0,0.30512920801919347,0,0,0.22836857672311614,-0.10740467578421475,2.2914271265100954,0.0,0.30512920801919347,0,0,0.22836857672311614,-0.10740467578421475
47,1.8159216450410218,0.0,0.3751276580978014,0,0,0.23460240489729997,-0.22962804908357204,1.8159216450410218,0.0,0.3751276580978014,0,0,0.23460240489729997,-0.22962804908357204,1.8159216450410218,0.0,0.3751276580978014,0,0,0.23460240489729997,-0.22962804908357204,1.8159216450410218,0.0,0.3751276580978014,0,0,0.23460240489729997,-0.22962804908357204,1.8159216450410218,0.0,0.3751276580978014,0,0,0.23460240489729997,-0.22962804908357204
48,3.0354846350674776,0.0,0.312834533890652,0,0,0.6034811219856403,-0.1187602174986836,3.0233185513585816,-0.012166083708895936,0.312834533890652,10485.759453487695,10,0.5187450391887831,-0.1187602174986836,2.8854018417260305,-0.15008279334144703,0.312834533890652,17380.020359497066,25,0.41793434998376827,-0.1187602174986836,2.742521688170451,-0.29296294689702673,0.312834533890652,20003.242934449827,30,0.3552096018749873,-0.1187602174986836,2.520880243058602,-0.5146043920088754,0.312834533890652,19274.763417247315,42,0.2773275731400652,-0.1187602174986836
49,4.763112952220514,0.0,0.3769226247367698,0,0,0.6179603595175994,-0.14283010992062906,4.481768376907256,-0.2813445753132573,0.3769226247367698,12773.621999740988,24,0.5186259740678538,-0.14283010992062906,4.089397848864281,-0.6737151033562325,0.3769226247367698,18941.443813946993,50,0.41781306344918,-0.14283010992062906,3.7593096693135304,-1.0038032829069832,0.3769226247367698,19812.031693644123,66,0.3464417394059609,-0.14283010992062906,3.3794365608054306,-1.383676391415083,0.3769226247367698,18197.62871900152,74,0.28306222183804725,-0.11550698690077021
50,2.935136169298765,0.0,0.4142662489491548,0,0,0.26972127175572114,-0.09639273763633549,2.935136169298765,0.0,0.4142662489491548,0,0,0.26972127175572114,-0.09639273763633549,2.935136169298765,0.0,0.4142662489491548,0,0,0.26972127175572114,-0.09639273763633549,2.935136169298765,0.0,0.4142662489491548,0,0,0.26972127175572114,-0.09639273763633549,2.9289697299770245,-0.006166439321740658,0.4142662489491548,869.5644042354394,11,0.2542815386559302,-0.09639273763633549
51,2.549442156554309,0.0,0.3989219948284017,0,0,0.21939146219724873,-0.13532867889761524,2.549442156554309,0.0,0.3989219948284017,0,0,0.21939146219724873,-0.13532867889761524,2.549442156554309,0.0,0.3989219948284017,0,0,0.21939146219724873,-0.13532867889761524,2.549442156554309,0.0,0.3989219948284017,0,0,0.21939146219724873,-0.13532867889761524,2.549442156554309,0.0,0.3989219948284017,0,0,0.21939146219724873,-0.13532867889761524
52,3.1225007292581046,0.0,0.42190563453314905,0,0,0.5579155478690339,-0.22041977845311045,3.141172771287078,0.018672042028973213,0.42190563453314905,6245.787287092056,5,0.517485118257957,-0.22041977845311045,3.055294369756301,-0.06720635950180354,0.42190563453314905,14370.99123537203,20,0.4173960149122629,-0.22041977845311045,2.9304752234921025,-0.19202550576600208,0.42190563453314905,17745.57811496746,29,0.35215516664593116,-0.22041977845311045,2.7383831184228153,-0.3841176108352893,0.42190563453314905,18866.665704811574,63,0.2781064820383482,-0.22041977845311045
53,2.5631823930297264,0.0,0.24282044722578514,0,0,0.2594463070972368,0.003921883908222901,2.5631823930297264,0.0,0.24282044722578514,0,0,0.2594463070972368,0.003921883908222901,2.5631823930297264,0.0,0.24282044722578514,0,0,0.2594463070972368,0.003921883908222901,2.5631823930297264,0.0,0.24282044722578514,0,0,0.2594463070972368,0.003921883908222901,2.557196110615819,-0.005986282413907418,0.24282044722578514,0.0,2,0.25527349624842655,0.005902446230746428
54,4.078588773930855,0.0,0.39581978219016034,0,0,0.5467086639652703,-0.17781609759587313,4.102076619641309,0.023487845710453925,0.39581978219016034,6868.101588369659,4,0.5169293815071889,-0.17781609759587313,4.024267906534151,-0.054320867396704386,0.39581978219016034,19048.91012247761,15,0.42547869267243427,-0.17781609759587313,3.86279008581202,-0.21579868811883518,0.39581978219016034,23930.217956708944,30,0.35342898070401746,-0.17781609759587313,3.6023276775638857,-0.47626109636696956,0.39581978219016034,24855.75970494631,39,0.2753162603534161,-0.17781609759587313
55,2.61855163787741,0.0,0.4284607157381249,0,0,0.2296879793806422,-0.16265206862004555,2.61855163787741,0.0,0.4284607157381249,0,0,0.2296879793806422,-0.16265206862004555,2.61855163787741,0.0,0.4284607157381249,0,0,0.2296879793806422,-0.16265206862004555,2.61855163787741,0.0,0.4284607157381249,0,0,0.2296879793806422,-0.16265206862004555,2.61855163787741,0.0,0.4284607157381249,0,0,0.2296879793806422,-0.16265206862004555
56,2.5666775830757254,0.0,0.3782431344781552,0,0,0.3027300918401774,-0.07400934905481704,2.5666775830757254,0.0,0.3782431344781552,0,0,0.3027300918401774,-0.07400934905481704,2.5666775830757254,0.0,0.3782431344781552,0,0,0.3027300918401774,-0.07400934905481704,2.5666775830757254,0.0,0.3782431344781552,0,0,0.3027300918401774,-0.07400934905481704,2.52932812602177,-0.037349457053955426,0.3782431344781552,1409.4597705948252,31,0.2545106839495247,-0.07400934905481704
57,2.066329007736694,0.0,0.35887582593452255,0,0,0.2657103580386363,-0.20215420575942789,2.066329007736694,0.0,0.35887582593452255,0,0,0.2657103580386363,-0.20215420575942789,2.066329007736694,0.0,0.35887582593452255,0,0,0.2657103580386363,-0.20215420575942789,2.066329007736694,0.0,0.35887582593452255,0,0,0.2657103580386363,-0.20215420575942789,2.072106709921085,0.005777702184390776,0.35887582593452255,458.27048472267,2,0.2588406251205787,-0.20215420575942789
58,2.6211783807359326,0.0,0.3985007064571228,0,0,0.2808144803338767,-0.2579630620312422,2.6211783807359326,0.0,0.3985007064571228,0,0,0.2808144803338767,-0.2579630620312422,2.6211783807359326,0.0,0.3985007064571228,0,0,0.2808144803338767,-0.2579630620312422,2.6211783807359326,0.0,0.3985007064571228,0,0,0.2808144803338767,-0.2579630620312422,2.5964160662656313,-0.024762314470301305,0.3985007064571228,1285.1101083728604,14,0.2559303665925254,-0.2579630620312422
59,1.8830230563769532,0.0,0.3878977961777986,0,0,0.20956440420702252,-0.17318567249541228,1.8830230563769532,0.0,0.3878977961777986,0,0,0.20956440420702252,-0.17318567249541228,1.8830230563769532,0.0,0.3878977961777986,0,0,0.20956440420702252,-0.17318567249541228,1.8830230563769532,0.0,0.3878977961777986,0,0,0.20956440420702252,-0.17318567249541228,1.8830230563769532,0.0,0.3878977961777986,0,0,0.20956440420702252,-0.17318567249541228
60,2.2095280362850556,0.0,0.4270101627973969,0,0,0.21751559011739496,-0.2547097040665699,2.2095280362850556,0.0,0.4270101627973969,0,0,0.21751559011739496,-0.2547097040665699,2.2095280362850556,0.0,0.4270101627973969,0,0,0.21751559011739496,-0.2547097040665699,2.2095280362850556,0.0,0.4270101627973969,0,0,0.21751559011739496,-0.2547097040665699,2.2095280362850556,0.0,0.4270101627973969,0,0,0.21751559011739496,-0.2547097040665699
61,3.5628840468752254,0.0,0.395170181797053,0,0,0.5770334351273277,-0.11626616470895468,3.538290673287608,-0.024593373587617595,0.395170181797053,9489.36876549867,8,0.5179329403894856,-0.11626616470895468,3.4152315683239234,-0.14765247855130204,0.395170181797053,19349.78795606751,12,0.4337977345157885,-0.11626616470895468,3.25378429076076,-0.3090997561144655,0.395170181797053,23220.80728156664,21,0.36088270313682774,-0.11626616470895468,3.0044655146567236,-0.5584185322185018,0.395170181797053,23642.477728331003,33,0.27617530900430054,-0.11626616470895468
62,3.5259422550701354,0.0,0.4180952061375779,0,0,0.5813498171638207,-0.17736062818383924,3.5398701320573287,0.013927876987193333,0.4180952061375779,10059.928402453263,7,0.5190935043488734,-0.17736062818383924,3.4234818497206922,-0.10246040534944312,0.4180952061375779,19272.175875542714,23,0.41900488829025356,-0.17736062818383924,3.272714631994264,-0.2532276230758712,0.4180952061375779,22971.60186889061,33,0.35078951460517915,-0.17736062818383924,3.0437182357311787,-0.48222401933895664,0.4180952061375779,23304.13396442125,44,0.2738686981651974,-0.17736062818383924
63,2.7467753031208266,0.0,0.40239614559383213,0,0,0.2731327788674071,-0.1395467361896594,2.7467753031208266,0.0,0.40239614559383213,0,0,0.2731327788674071,-0.1395467361896594,2.7467753031208266,0.0,0.40239614559383213,0,0,0.2731327788674071,-0.1395467361896594,2.7467753031208266,0.0,0.40239614559383213,0,0,0.2731327788674071,-0.1395467361896594,2.752758193032575,0.005982889911748224,0.40239614559383213,207.72703783151104,14,0.25592908220019545,-0.1395467361896594
64,2.517404530085072,0.0,0.3110388320590191,0,0,0.2148139740908566,-0.16353870477596044,2.517404530085072,0.0,0.3110388320590191,0,0,0.2148139740908566,-0.16353870477596044,2.517404530085072,0.0,0.3110388320590191,0,0,0.2148139740908566,-0.16353870477596044,2.517404530085072,0.0,0.3110388320590191,0,0,0.2148139740908566,-0.16353870477596044,2.517404530085072,0.0,0.3110388320590191,0,0,0.2148139740908566,-0.16353870477596044
65,1.6438016754790754,0.0,0.17912308665225132,0,0,0.18225939036995037,-0.02911924227917717,1.6438016754790754,0.0,0.17912308665225132,0,0,0.18225939036995037,-0.02911924227917717,1.6438016754790754,0.0,0.17912308665225132,0,0,0.18225939036995037,-0.02911924227917717,1.6438016754790754,0.0,0.17912308665225132,0,0,0.18225939036995037,-0.02911924227917717,1.6438016754790754,0.0,0.17912308665225132,0,0,0.18225939036995037,-0.02911924227917717
66,3.4883816507315895,0.0,0.3856932577269227,0,0,0.5636637398900519,-0.15209862798043894,3.506653571323742,0.018271920592152657,0.3856932577269227,7672.767838517924,5,0.5161103880542106,-0.15209862798043894,3.4027487290182594,-0.08563292171333003,0.3856932577269227,16667.451211286065,21,0.41804361006893104,-0.15209862798043894,3.2592152694227488,-0.2291663813088407,0.3856932577269227,20337.66233041554,30,0.35145677543025716,-0.15209862798043894,2.952190274081173,-0.5361913766504163,0.3856932577269227,23505.091460989992,76,0.27428754980828424,-0.15209862798043894
67,6.020447010526147,0.0,0.36496385657800395,0,0,0.48123316170503616,-0.13706873698575428,6.020447010526147,0.0,0.36496385657800395,0,0,0.48123316170503616,-0.13706873698575428,5.770362333120658,-0.25008467740548923,0.36496385657800395,10470.003268026181,25,0.4161269535875873,-0.13706873698575428,5.462572918248419,-0.5578740922777277,0.36496385657800395,16746.285326042795,38,0.3505826302701723,-0.13706873698575428,4.9733786179788035,-1.0470683925473434,0.36496385657800395,17349.519619752882,58,0.2723546385907985,-0.13706873698575428
68,2.326001797852475,0.0,0.3642493775664667,0,0,0.20781453010239315,-0.15213392365865464,2.326001797852475,0.0,0.3642493775664667,0,0,0.20781453010239315,-0.15213392365865464,2.326001797852475,0.0,0.3642493775664667,0,0,0.20781453010239315,-0.15213392365865464,2.326001797852475,0.0,0.3642493775664667,0,0,0.20781453010239315,-0.15213392365865464,2.326001797852475,0.0,0.3642493775664667,0,0,0.20781453010239315,-0.15213392365865464
69,4.201319733095353,0.0,0.298094744858532,0,0,0.5046320767915279,-0.1730916509158854,4.202012362683045,0.0006926295876921174,0.298094744858532,365.4545299167621,1,0.5046320767915279,-0.1730916509158854,4.143394879079544,-0.057924854015809046,0.298094744858532,15191.782375405248,15,0.4190488832466244,-0.1730916509158854,4.006771591619687,-0.19454814147566601,0.298094744858532,22265.6206959609,22,0.35286558215143715,-0.1730916509158854,3.7701627101156476,-0.4311570229797055,0.298094744858532,26580.691441973988,34,0.28341049896834725,-0.1730916509158854
70,3.61860678270884,0.0,0.36431485057749546,0,0,0.5657028301053356,-0.1318417393995721,3.607256956788394,-0.01134982592044631,0.36431485057749546,8316.6856942586,8,0.5196942497343382,-0.1318417393995721,3.50445968406701,-0.11414709864183026,0.36431485057749546,19063.38832337738,16,0.4302802241681484,-0.1318417393995721,3.350182521887547,-0.268424260821293,0.36431485057749546,23452.719781227814,22,0.3578678474371427,-0.1318417393995721,3.102397446930395,-0.516209335778445,0.36431485057749546,24655.589082593666,32,0.27371470053973124,-0.1318417393995721
71,2.132627287115368,0.0,0.3383971215161297,0,0,0.21364766771275234,-0.09978630706215919,2.132627287115368,0.0,0.3383971215161297,0,0,0.21364766771275234,-0.09978630706215919,2.132627287115368,0.0,0.3383971215161297,0,0,0.21364766771275234,-0.09978630706215919,2.132627287115368,0.0,0.3383971215161297,0,0,0.21364766771275234,-0.09978630706215919,2.132627287115368,0.0,0.3383971215161297,0,0,0.21364766771275234,-0.09978630706215919
72,1.9143187867080385,0.0,0.376706033337907,0,0,0.1668302243929938,-0.06662912078826588,1.9143187867080385,0.0,0.376706033337907,0,0,0.1668302243929938,-0.06662912078826588,1.9143187867080385,0.0,0.376706033337907,0,0,0.1668302243929938,-0.06662912078826588,1.9143187867080385,0.0,0.376706033337907,0,0,0.1668302243929938,-0.06662912078826588,1.9143187867080385,0.0,0.376706033337907,0,0,0.1668302243929938,-0.06662912078826588
73,2.0006667898579966,0.0,0.3615798954844873,0,0,0.21139779233139291,-0.17239165996208605,2.0006667898579966,0.0,0.3615798954844873,0,0,0.21139779233139291,-0.17239165996208605,2.0006667898579966,0.0,0.3615798954844873,0,0,0.21139779233139291,-0.17239165996208605,2.0006667898579966,0.0,0.3615798954844873,0,0,0.21139779233139291,-0.17239165996208605,2.0006667898579966,0.0,0.3615798954844873,0,0,0.21139779233139291,-0.17239165996208605
74,2.490953881669122,0.0,0.3711890151204705,0,0,0.1835781576147576,-0.09836999845493266,2.490953881669122,0.0,0.3711890151204705,0,0,0.1835781576147576,-0.09836999845493266,2.490953881669122,0.0,0.3711890151204705,0,0,0.1835781576147576,-0.09836999845493266,2.490953881669122,0.0,0.3711890151204705,0,0,0.1835781576147576,-0.09836999845493266,2.490953881669122,0.0,0.3711890151204705,0,0,0.1835781576147576,-0.09836999845493266
75,4.713907372080176,0.0,0.35661727675636706,0,0,0.6652290293710174,-0.19725035992994222,4.287905908347113,-0.4260014637330629,0.35661727675636706,19718.576262983162,33,0.5248951863388769,-0.19725035992994222,3.837793277312599,-0.8761140947675772,0.35661727675636706,24427.759046538573,59,0.4239783229968325,-0.19725035992994222,3.477285070282593,-1.2366223017975835,0.35661727675636706,24474.646553972194,66,0.36863547291780563,-0.19725035992994222,3.074942052265077,-1.638965319815099,0.35661727675636706,21621.168694065404,83,0.2875838638195908,-0.16299161679290908
76,5.634165153627584,0.0,0.3047824173488419,0,0,0.41003131856495584,-0.13223027341598792,5.634165153627584,0.0,0.3047824173488419,0,0,0.41003131856495584,-0.13223027341598792,5.6032963419598145,-0.030868811667769336,0.3047824173488419,40.7108954654838,3,0.40867064244401263,-0.12495696304264292,5.314904584828436,-0.3192605687991481,0.3047824173488419,9878.429187006706,17,0.3481986927883742,-0.08537832565783543,4.757581239477539,-0.8765839141500447,0.30056538730749083,23696.572747891245,37,0.27042472866124884,-0.04973710648628549
77,4.73575681017472,0.0,0.3916823875284035,0,0,0.4353669206897557,-0.12628713070905673,4.73575681017472,0.0,0.3916823875284035,0,0,0.4353669206897557,-0.12628713070905673,4.731205169093771,-0.004551641080948521,0.3916823875284035,5630.7707803832,4,0.4198839665221871,-0.12628713070905673,4.6712893361598615,-0.06446747401485808,0.3916823875284035,17289.809323864363,14,0.3523307576528095,-0.12628713070905673,4.369566477050861,-0.36619033312385874,0.3916823875284035,29976.997223728,32,0.2734524935856582,-0.12628713070905673
78,1.9875613341828102,0.0,0.42711197146011637,0,0,0.24028143175087227,-0.3202787739172389,1.9875613341828102,0.0,0.42711197146011637,0,0,0.24028143175087227,-0.3202787739172389,1.9875613341828102,0.0,0.42711197146011637,0,0,0.24028143175087227,-0.3202787739172389,1.9875613341828102,0.0,0.42711197146011637,0,0,0.24028143175087227,-0.3202787739172389,1.9875613341828102,0.0,0.42711197146011637,0,0,0.24028143175087227,-0.3202787739172389
79,2.8658055553364936,0.0,0.3903166675403655,0,0,0.22982472470100831,-0.21544821571923323,2.8658055553364936,0.0,0.3903166675403655,0,0,0.22982472470100831,-0.21544821571923323,2.8658055553364936,0.0,0.3903166675403655,0,0,0.22982472470100831,-0.21544821571923323,2.8658055553364936,0.0,0.3903166675403655,0,0,0.22982472470100831,-0.21544821571923323,2.8658055553364936,0.0,0.3903166675403655,0,0,0.22982472470100831,-0.21544821571923323
80,2.1197669533591927,0.0,0.3665538059748729,0,0,0.23337611453682938,-0.13702972092970966,2.1197669533591927,0.0,0.3665538059748729,0,0,0.23337611453682938,-0.13702972092970966,2.1197669533591927,0.0,0.3665538059748729,0,0,0.23337611453682938,-0.13702972092970966,2.1197669533591927,0.0,0.3665538059748729,0,0,0.23337611453682938,-0.13702972092970966,2.1197669533591927,0.0,0.3665538059748729,0,0,0.23337611453682938,-0.13702972092970966
81,2.1066417624525946,0.0,0.31246942060476585,0,0,0.3083777665292728,-0.03976632848867734,2.1066417624525946,0.0,0.31246942060476585,0,0,0.3083777665292728,-0.03976632848867734,2.1066417624525946,0.0,0.31246942060476585,0,0,0.3083777665292728,-0.03976632848867734,2.1066417624525946,0.0,0.31246942060476585,0,0,0.3083777665292728,-0.03976632848867734,2.1155813210631806,0.00893955861058604,0.31246942060476585,2620.080953392454,6,0.26850131156343454,-0.03976632848867734
82,3.930798217174268,0.0,0.31829498523966304,0,0,0.5417780849752061,-0.19338930037648383,3.9023375718169824,-0.028460645357285763,0.31829498523966304,5372.28750188078,5,0.5212780568190698,-0.19338930037648383,3.769304153614233,-0.16149406356003526,0.31829498523966304,17322.978326372642,14,0.4385712090426293,-0.19338930037648383,3.516228313385052,-0.4145699037892161,0.31137784475787444,18786.744178246365,28,0.36588999200691313,-0.16562418377613175,3.098988215218575,-0.8318100019556933,0.3035274018854379,16317.01768302642,44,0.2808180988022826,-0.1320406099780954
83,1.799949537507856,0.0,0.34000263932136654,0,0,0.26937963742899773,-0.1135861990026843,1.799949537507856,0.0,0.34000263932136654,0,0,0.26937963742899773,-0.1135861990026843,1.799949537507856,0.0,0.34000263932136654,0,0,0.26937963742899773,-0.1135861990026843,1.799949537507856,0.0,0.34000263932136654,0,0,0.26937963742899773,-0.1135861990026843,1.8145525204309458,0.014602982923089813,0.34000263932136654,293.6895447548063,2,0.26887308258054793,-0.1135861990026843
84,4.360289354796948,0.0,0.3766916560096453,0,0,0.6556460734433182,-0.0874967294656912,4.0397675248395775,-0.32052182995737066,0.3766916560096453,16242.602289804116,28,0.5192487050882818,-0.0874967294656912,3.686152497247088,-0.6741368575498603,0.3766916560096453,22198.332165297667,49,0.4247087953637955,-0.0874967294656912,3.3862610657966017,-0.9740282890003464,0.3766916560096453,22631.504608831045,70,0.35272732580376087,-0.0874967294656912,2.988035445886646,-1.3722539089103023,0.3766916560096453,19899.165709115194,93,0.2693774102728886,-0.0874967294656912
85,2.485197902985183,0.0,0.4190576142997121,0,0,0.24233633244746047,-0.16404273812191317,2.485197902985183,0.0,0.4190576142997121,0,0,0.24233633244746047,-0.16404273812191317,2.485197902985183,0.0,0.4190576142997121,0,0,0.24233633244746047,-0.16404273812191317,2.485197902985183,0.0,0.4190576142997121,0,0,0.24233633244746047,-0.16404273812191317,2.485197902985183,0.0,0.4190576142997121,0,0,0.24233633244746047,-0.16404273812191317
86,3.892292809587383,0.0,0.36001616636538625,0,0,0.52444125286006,-0.09190336173532831,3.8873422089272562,-0.00495060066012698,0.36001616636538625,3200.8821142365955,4,0.5139690119105356,-0.09190336173532831,3.7936161709384795,-0.09867663864890375,0.36001616636538625,15428.270320500846,12,0.4272650196278109,-0.09190336173532831,3.638602960495091,-0.2536898490922921,0.36001616636538625,20666.331807185048,18,0.3553154796058077,-0.09190336173532831,3.3955340285804305,-0.4967587810069527,0.36001616636538625,23160.461915437638,32,0.27166275464391076,-0.09190336173532831
87,1.625652964666457,0.0,0.39092856454156805,0,0,0.19906185054753864,-0.13124872008066024,1.625652964666457,0.0,0.39092856454156805,0,0,0.19906185054753864,-0.13124872008066024,1.625652964666457,0.0,0.39092856454156805,0,0,0.19906185054753864,-0.13124872008066024,1.625652964666457,0.0,0.39092856454156805,0,0,0.19906185054753864,-0.13124872008066024,1.625652964666457,0.0,0.39092856454156805,0,0,0.19906185054753864,-0.13124872008066024
88,2.4303941652278858,0.0,0.27763675139429983,0,0,0.17690188535216575,-0.093929653548673,2.4303941652278858,0.0,0.27763675139429983,0,0,0.17690188535216575,-0.093929653548673,2.4303941652278858,0.0,0.27763675139429983,0,0,0.17690188535216575,-0.093929653548673,2.4303941652278858,0.0,0.27763675139429983,0,0,0.17690188535216575,-0.093929653548673,2.4303941652278858,0.0,0.27763675139429983,0,0,0.17690188535216575,-0.093929653548673
89,3.720954410676138,0.0,0.34997607532803016,0,0,0.5248157260062329,-0.14996929823776717,3.7365414810329485,0.015587070356810617,0.34997607532803016,3113.6714719296865,2,0.5157015845729325,-0.14996929823776717,3.693681082170507,-0.0272733285056308,0.34997607532803016,14599.340721900198,11,0.42757873662834606,-0.14996929823776717,3.5639502050344336,-0.15700420564170425,0.34997607532803016,19456.1226458591,25,0.3552017490201373,-0.14996929823776717,3.355852651788371,-0.36510175888776697,0.34997607532803016,22181.055315358397,48,0.2749128380013462,-0.14996929823776717
90,4.69882424665837,0.0,0.3280710810170138,0,0,0.4221066693221116,-0.1471290693662186,4.69882424665837,0.0,0.3280710810170138,0,0,0.4221066693221116,-0.1471290693662186,4.683252523496867,-0.01557172316150357,0.3280710810170138,3268.6459100336624,4,0.416127406700177,-0.1471290693662186,4.5828315721411785,-0.11599267451719175,0.3280710810170138,12782.861755457094,13,0.3452298268335669,-0.14099520239990893,4.051390854868731,-0.6474333917896393,0.3280710810170138,20372.41671399196,43,0.2675278961170447,-0.10065713970807277
91,2.8814512374659182,0.0,0.3507636470151702,0,0,0.2859121821996296,0.019371312091081005,2.8814512374659182,0.0,0.3507636470151702,0,0,0.2859121821996296,0.019371312091081005,2.8814512374659182,0.0,0.3507636470151702,0,0,0.2859121821996296,0.019371312091081005,2.8814512374659182,0.0,0.3507636470151702,0,0,0.2859121821996296,0.019371312091081005,2.844369571125732,-0.03708166634018628,0.3507636470151702,755.732388872537,25,0.25352733401364663,0.019371312091081005
92,1.8584699607868125,0.0,0.35042121681672556,0,0,0.28568369143347366,-0.07372654698493641,1.8584699607868125,0.0,0.35042121681672556,0,0,0.28568369143347366,-0.07372654698493641,1.8584699607868125,0.0,0.35042121681672556,0,0,0.28568369143347366,-0.07372654698493641,1.8584699607868125,0.0,0.35042121681672556,0,0,0.28568369143347366,-0.07372654698493641,1.8658751325956477,0.007405171808835265,0.35042121681672556,0.0,10,0.2608551515346151,-0.07372654698493641
93,2.3782382277300878,0.0,0.35662985346703485,0,0,0.19998386301699747,-0.05205480484069136,2.3782382277300878,0.0,0.35662985346703485,0,0,0.19998386301699747,-0.05205480484069136,2.3782382277300878,0.0,0.35662985346703485,0,0,0.19998386301699747,-0.05205480484069136,2.3782382277300878,0.0,0.35662985346703485,0,0,0.19998386301699747,-0.05205480484069136,2.3782382277300878,0.0,0.35662985346703485,0,0,0.19998386301699747,-0.05205480484069136
94,2.887526773045216,0.0,0.263855941393957,0,0,0.236911625695834,-0.076685293949048,2.887526773045216,0.0,0.263855941393957,0,0,0.236911625695834,-0.076685293949048,2.887526773045216,0.0,0.263855941393957,0,0,0.236911625695834,-0.076685293949048,2.887526773045216,0.0,0.263855941393957,0,0,0.236911625695834,-0.076685293949048,2.887526773045216,0.0,0.263855941393957,0,0,0.236911625695834,-0.076685293949048
95,2.3214764833899073,0.0,0.3954689581119052,0,0,0.21198674454884234,-0.14578606189859444,2.3214764833899073,0.0,0.3954689581119052,0,0,0.21198674454884234,-0.14578606189859444,2.3214764833899073,0.0,0.3954689581119052,0,0,0.21198674454884234,-0.14578606189859444,2.3214764833899073,0.0,0.3954689581119052,0,0,0.21198674454884234,-0.14578606189859444,2.3214764833899073,0.0,0.3954689581119052,0,0,0.21198674454884234,-0.14578606189859444
96,2.454259109752069,0.0,0.38486474050091624,0,0,0.2613292350171353,-0.09991372586984726,2.454259109752069,0.0,0.38486474050091624,0,0,0.2613292350171353,-0.09991372586984726,2.454259109752069,0.0,0.38486474050091624,0,0,0.2613292350171353,-0.09991372586984726,2.454259109752069,0.0,0.38486474050091624,0,0,0.2613292350171353,-0.09991372586984726,2.4595240111914705,0.005264901439401282,0.38486474050091624,347.07202537048863,2,0.25665134774330867,-0.09991372586984726
97,3.338082096766514,0.0,0.373016407884124,0,0,0.20812621054111605,-0.10499187696097811,3.338082096766514,0.0,0.373016407884124,0,0,0.20812621054111605,-0.10499187696097811,3.338082096766514,0.0,0.373016407884124,0,0,0.20812621054111605,-0.10499187696097811,3.338082096766514,0.0,0.373016407884124,0,0,0.20812621054111605,-0.10499187696097811,3.338082096766514,0.0,0.373016407884124,0,0,0.20812621054111605,-0.10499187696097811
98,3.237669955977311,0.0,0.3908602548463428,0,0,0.3971340780296497,-0.19824603726525136,3.237669955977311,0.0,0.3908602548463428,0,0,0.3971340780296497,-0.19824603726525136,3.237669955977311,0.0,0.3908602548463428,0,0,0.3971340780296497,-0.19824603726525136,3.1828644808983184,-0.05480547507899258,0.3908602548463428,5149.758407928749,15,0.3443245775041233,-0.19824603726525136,3.0365582676728824,-0.2011116883044286,0.3908602548463428,8539.001422640536,20,0.2715816790679732,-0.19824603726525136
99,1.8108214985406637,0.0,0.3496127881652793,0,0,0.17342724671890902,-0.04676870589958848,1.8108214985406637,0.0,0.3496127881652793,0,0,0.17342724671890902,-0.04676870589958848,1.8108214985406637,0.0,0.3496127881652793,0,0,0.17342724671890902,-0.04676870589958848,1.8108214985406637,0.0,0.3496127881652793,0,0,0.17342724671890902,-0.04676870589958848,1.8108214985406637,0.0,0.3496127881652793,0,0,0.17342724671890902,-0.04676870589958848
100,1.6982853176687145,0.0,0.3276414389543462,0,0,0.2807960617797027,-0.11507646492503887,1.6982853176687145,0.0,0.3276414389543462,0,0,0.2807960617797027,-0.11507646492503887,1.6982853176687145,0.0,0.3276414389543462,0,0,0.2807960617797027,-0.11507646492503887,1.6982853176687145,0.0,0.3276414389543462,0,0,0.2807960617797027,-0.11507646492503887,1.7186214563089666,0.020336138640252077,0.3276414389543462,632.7366646367321,3,0.2709124426331032,-0.11507646492503887
101,3.4662126283836296,0.0,0.38422040774318333,0,0,0.3723261491943303,-0.09329575123960754,3.4662126283836296,0.0,0.38422040774318333,0,0,0.3723261491943303,-0.09329575123960754,3.4662126283836296,0.0,0.38422040774318333,0,0,0.3723261491943303,-0.09329575123960754,3.4430377529655503,-0.023174875418079388,0.38422040774318333,3532.449929036168,7,0.3456696656526364,-0.09329575123960754,3.3261824152124317,-0.1400302131711979,0.38422040774318333,8480.76882176009,23,0.27319819095449405,-0.09329575123960754
102,4.776558700956617,0.0,0.31165665690333705,0,0,0.4248576583129164,-0.20025461132046274,4.776558700956617,0.0,0.31165665690333705,0,0,0.4248576583129164,-0.20025461132046274,4.757880999351596,-0.01867770160502058,0.31165665690333705,3825.984583797792,3,0.4185658665747906,-0.20025461132046274,4.624908466892534,-0.15165023406408285,0.31165665690333705,12776.408531361187,13,0.34676953829139207,-0.20025461132046274,4.222882882584137,-0.5536758183724801,0.2851323573218998,13570.799593636126,28,0.26438026971201944,-0.16475198147067815
103,2.6790655679829833,0.0,0.4286297267114935,0,0,0.3028126284339774,-0.1279425964736406,2.6790655679829833,0.0,0.4286297267114935,0,0,0.3028126284339774,-0.1279425964736406,2.6790655679829833,0.0,0.4286297267114935,0,0,0.3028126284339774,-0.1279425964736406,2.6790655679829833,0.0,0.4286297267114935,0,0,0.3028126284339774,-0.1279425964736406,2.6897615167038813,0.010695948720897963,0.4286297267114935,972.1711494229606,18,0.2566773395741419,-0.1279425964736406
104,3.941521440224231,0.0,0.2857963453005658,0,0,0.5334390782671408,-0.1209253652451775,3.9380125707614964,-0.003508869462734765,0.2857963453005658,4453.716422204717,3,0.5199228799999779,-0.1209253652451775,3.869564041370518,-0.071957398853713,0.2857963453005658,17307.731664665484,12,0.4277203830651633,-0.1209253652451775,3.745113293635357,-0.1964081465888743,0.2857963453005658,23523.360146164065,16,0.35599896976186435,-0.1209253652451775,3.5028620975573532,-0.4386593426668779,0.2857963453005658,26200.738048874744,32,0.2722048660571837,-0.1209253652451775
105,4.427670261138933,0.0,0.3160230822019384,0,0,0.6401326835763379,-0.1795368278168653,4.108432476748503,-0.31923778439042927,0.3160230822019384,15736.90858237094,34,0.5251292287496547,-0.1795368278168653,3.71785285601028,-0.7098174051286525,0.3160230822019384,21653.890137240425,54,0.42395656609586346,-0.1795368278168653,3.396097937602397,-1.0315723235365355,0.3160230822019384,21999.037067214827,72,0.35209133827032674,-0.1795368278168653,3.0233427334272305,-1.4043275277117022,0.3160230822019384,20025.95680351809,77,0.2831219273922209,-0.1494267203109617
106,2.0094946080540725,0.0,0.36306465770304197,0,0,0.20207150870602766,-0.07776492069993701,2.0094946080540725,0.0,0.36306465770304197,0,0,0.20207150870602766,-0.07776492069993701,2.0094946080540725,0.0,0.36306465770304197,0,0,0.20207150870602766,-0.07776492069993701,2.0094946080540725,0.0,0.36306465770304197,0,0,0.20207150870602766,-0.07776492069993701,2.0094946080540725,0.0,0.36306465770304197,0,0,0.20207150870602766,-0.07776492069993701
107,2.5264622479457377,0.0,0.3263491572179589,0,0,0.30658357451007356,-0.03734061422864887,2.5264622479457377,0.0,0.3263491572179589,0,0,0.30658357451007356,-0.03734061422864887,2.5264622479457377,0.0,0.3263491572179589,0,0,0.30658357451007356,-0.03734061422864887,2.5264622479457377,0.0,0.3263491572179589,0,0,0.30658357451007356,-0.03734061422864887,2.4847571070801195,-0.04170514086561816,0.3263491572179589,3016.8097081570486,30,0.270262807792092,-0.02620838182035512
108,2.2806917430308618,0.0,0.2655986062626679,0,0,0.26802189619695577,-0.1595663499515103,2.2806917430308618,0.0,0.2655986062626679,0,0,0.26802189619695577,-0.1595663499515103,2.2806917430308618,0.0,0.2655986062626679,0,0,0.26802189619695577,-0.1595663499515103,2.2806917430308618,0.0,0.2655986062626679,0,0,0.26802189619695577,-0.1595663499515103,2.2888571960982174,0.00816545306735561,0.2655986062626679,799.8233322956585,3,0.2614198886296235,-0.1595663499515103
109,3.3720095272461337,0.0,0.4053853239355115,0,0,0.5425280311741004,-0.12105999289225944,3.370590568431656,-0.0014189588144777332,0.4053853239355115,4853.0221089946235,8,0.5158829805331563,-0.12105999289225944,3.27180791058369,-0.10020161666244354,0.4053853239355115,14587.077669222825,20,0.4163989301235702,-0.12105999289225944,3.133492811685293,-0.23851671556084053,0.4053853239355115,18743.764110099026,33,0.3453309056948312,-0.12105999289225944,2.9229931044393096,-0.4490164228068241,0.4053853239355115,20168.04208586013,40,0.2861347078792464,-0.12105999289225944
110,2.2578216495755403,0.0,0.4098166182089902,0,0,0.2140368017947073,-0.20158570347539295,2.2578216495755403,0.0,0.4098166182089902,0,0,0.2140368017947073,-0.20158570347539295,2.2578216495755403,0.0,0.4098166182089902,0,0,0.2140368017947073,-0.20158570347539295,2.2578216495755403,0.0,0.4098166182089902,0,0,0.2140368017947073,-0.20158570347539295,2.2578216495755403,0.0,0.4098166182089902,0,0,0.2140368017947073,-0.20158570347539295
111,2.159769687338203,0.0,0.3523330054449239,0,0,0.1960999991408692,-0.06665802565580625,2.159769687338203,0.0,0.3523330054449239,0,0,0.1960999991408692,-0.06665802565580625,2.159769687338203,0.0,0.3523330054449239,0,0,0.1960999991408692,-0.06665802565580625,2.159769687338203,0.0,0.3523330054449239,0,0,0.1960999991408692,-0.06665802565580625,2.159769687338203,0.0,0.3523330054449239,0,0,0.1960999991408692,-0.06665802565580625
112,1.7830989239040351,0.0,0.3963912363029204,0,0,0.21896135889487264,-0.24714085485804305,1.7830989239040351,0.0,0.3963912363029204,0,0,0.21896135889487264,-0.24714085485804305,1.7830989239040351,0.0,0.3963912363029204,0,0,0.21896135889487264,-0.24714085485804305,1.7830989239040351,0.0,0.3963912363029204,0,0,0.21896135889487264,-0.24714085485804305,1.7830989239040351,0.0,0.3963912363029204,0,0,0.21896135889487264,-0.24714085485804305
113,1.7973415274337912,0.0,0.35691139751873524,0,0,0.2452750657550356,-0.1414266624863284,1.7973415274337912,0.0,0.35691139751873524,0,0,0.2452750657550356,-0.1414266624863284,1.7973415274337912,0.0,0.35691139751873524,0,0,0.2452750657550356,-0.1414266624863284,1.7973415274337912,0.0,0.35691139751873524,0,0,0.2452750657550356,-0.1414266624863284,1.7973415274337912,0.0,0.35691139751873524,0,0,0.2452750657550356,-0.1414266624863284
114,3.167541575520564,0.0,0.4717232300931916,0,0,0.5363850567863453,-0.29577735672712047,3.1691365761427233,0.0015950006221592261,0.4717232300931916,3972.5500780792777,5,0.5134006470134548,-0.29577735672712047,3.090920933853007,-0.076620641667557,0.4717232300931916,13798.019080069755,18,0.42146386999086566,-0.29577735672712047,2.965105300110888,-0.20243627540967601,0.4717232300931916,18067.755707588618,29,0.34961674359361183,-0.29577735672712047,2.7475188971983022,-0.4200226783222618,0.4717232300931916,18980.7470360541,45,0.2857248864180577,-0.29577735672712047
115,4.6240298839118195,0.0,0.4053961495019129,0,0,0.6439833121210902,-0.21291569006920386,4.372588935519604,-0.2514409483922151,0.4053961495019129,18404.045162998977,28,0.5186026130589668,-0.21291569006920386,3.9955312460187846,-0.6284986378930348,0.4053961495019129,25402.322951379316,48,0.4238129578015116,-0.21291569006920386,3.654628849768958,-0.9694010341428614,0.4053961495019129,25782.072043076347,73,0.3518845724802665,-0.21291569006920386,3.2205829350840105,-1.403446948827809,0.4053961495019129,22536.090862804238,84,0.2712807401400874,-0.17815465358385474
116,4.270810501859635,0.0,0.36510568617551786,0,0,0.4905768017131959,-0.2386950195998665,4.270810501859635,0.0,0.36510568617551786,0,0,0.4905768017131959,-0.2386950195998665,4.163449886679546,-0.10736061518008899,0.36510568617551786,12079.569108845599,10,0.42165375770237296,-0.2386950195998665,3.886112009318448,-0.3846984925411867,0.34564900678404037,14373.383554818927,26,0.35656891527676404,-0.22179868561962301,3.4708889331347703,-0.7999215687248644,0.34425459307304485,13217.300719630613,41,0.27601729355979565,-0.18531506471024706
117,3.867902576660292,0.0,0.36241255786309673,0,0,0.51195456768175,-0.13431953362898263,3.869120896830699,0.0012183201704072388,0.36241255786309673,1351.6748878102655,3,0.5059576447388116,-0.13431953362898263,3.798705805542665,-0.0691967711176269,0.36241255786309673,13849.570474454787,17,0.4151678397550114,-0.13431953362898263,3.6686454675427567,-0.19925710911753525,0.36241255786309673,19727.796199125896,28,0.3496122538252389,-0.13431953362898263,3.443898028428568,-0.42400454823172407,0.36241255786309673,22549.608365722594,38,0.28520410135675894,-0.13431953362898263
118,4.253621539782001,0.0,0.35174274970992986,0,0,0.4777367794365708,-0.1303861763790991,4.253621539782001,0.0,0.35174274970992986,0,0,0.4777367794365708,-0.1303861763790991,4.16937467026147,-0.0842468695205314,0.35174274970992986,10406.180074801105,9,0.42002431082445196,-0.1303861763790991,3.896806480096601,-0.3568150596854003,0.35174274970992986,13321.805081748404,17,0.35494749279092674,-0.11876768398331583,3.4954743293777124,-0.7581472104042888,0.34813204915326385,12286.560127917206,29,0.2716002483684919,-0.09905261376080565
119,1.8924200888626987,0.0,0.32608923426548586,0,0,0.25994241095572085,-0.09583296027897625,1.8924200888626987,0.0,0.32608923426548586,0,0,0.25994241095572085,-0.09583296027897625,1.8924200888626987,0.0,0.32608923426548586,0,0,0.25994241095572085,-0.09583296027897625,1.8924200888626987,0.0,0.32608923426548586,0,0,0.25994241095572085,-0.09583296027897625,1.893800296065101,0.0013802072024022838,0.32608923426548586,0.0,2,0.25535148896363075,-0.09583296027897625
120,2.183005376128323,0.0,0.4726846690031382,0,0,0.29115293877541304,-0.23454686703014727,2.183005376128323,0.0,0.4726846690031382,0,0,0.29115293877541304,-0.23454686703014727,2.183005376128323,0.0,0.4726846690031382,0,0,0.29115293877541304,-0.23454686703014727,2.183005376128323,0.0,0.4726846690031382,0,0,0.29115293877541304,-0.23454686703014727,2.160528652237102,-0.022476723891220907,0.4726846690031382,513.9949706657451,21,0.25446074016053327,-0.23454686703014727
121,2.2151342684160715,0.0,0.33412542249972654,0,0,0.19231940131786132,-0.02641280877333274,2.2151342684160715,0.0,0.33412542249972654,0,0,0.19231940131786132,-0.02641280877333274,2.2151342684160715,0.0,0.33412542249972654,0,0,0.19231940131786132,-0.02641280877333274,2.2151342684160715,0.0,0.33412542249972654,0,0,0.19231940131786132,-0.02641280877333274,2.2151342684160715,0.0,0.33412542249972654,0,0,0.19231940131786132,-0.02641280877333274
122,4.505592254551811,0.0,0.37373016029792744,0,0,0.4932939743991532,-0.09422906975804668,4.505592254551811,0.0,0.37373016029792744,0,0,0.4932939743991532,-0.09422906975804668,4.516084017437029,0.010491762885218137,0.37373016029792744,13870.37605627089,9,0.4358496205021707,-0.09422906975804668,4.405001276130884,-0.1005909784209269,0.37373016029792744,22151.725026691216,21,0.3628137350928009,-0.09422906975804668,4.0401303544253135,-0.46546190012649724,0.37373016029792744,30526.74315064551,48,0.27975771546100897,-0.09422906975804668
123,3.6457804471714916,0.0,0.33173174631043145,0,0,0.4943496789039703,-0.08618518547970322,3.6457804471714916,0.0,0.33173174631043145,0,0,0.4943496789039703,-0.08618518547970322,3.5981534435525,-0.04762700361899164,0.33173174631043145,11158.32906078411,16,0.4169801107323198,-0.08618518547970322,3.4916187720196525,-0.1541616751518391,0.33173174631043145,17287.01083997828,25,0.3481094240059757,-0.08618518547970322,3.2955612286059592,-0.3502192185655324,0.33173174631043145,20929.25803530126,36,0.2857025667205705,-0.08618518547970322
124,3.585218319147869,0.0,0.48001659673964525,0,0,0.5332376096422003,-0.27637547894095227,3.5831285075384645,-0.0020898116094043573,0.48001659673964525,4029.5408422914015,3,0.5177723187450158,-0.27637547894095227,3.507248393059479,-0.07796992608838993,0.48001659673964525,15424.400057155768,11,0.4242439453824179,-0.27637547894095227,3.3678539483649392,-0.21736437078292958,0.48001659673964525,20284.788220165785,19,0.35608039233489325,-0.27637547894095227,3.123244774151985,-0.46197354499588394,0.48001659673964525,21333.10619060497,30,0.27226651230717563,-0.27637547894095227
125,2.909274217694133,0.0,0.34339280172211284,0,0,0.4376762483619545,-0.030885451902656902,2.909274217694133,0.0,0.34339280172211284,0,0,0.4376762483619545,-0.030885451902656902,2.8991445029094423,-0.010129714784690602,0.34339280172211284,2982.0679441824777,11,0.4120178082824629,-0.030885451902656902,2.8345769110503807,-0.07469730664375218,0.34339280172211284,8735.390983979454,26,0.3450231494748486,-0.030885451902656902,2.701593678007498,-0.2076805396866348,0.34339280172211284,12342.078873270451,37,0.27975497991663933,-0.030885451902656902
126,2.6286852247865973,0.0,0.35300036052519684,0,0,0.2079247233005847,-0.04031341291511581,2.6286852247865973,0.0,0.35300036052519684,0,0,0.2079247233005847,-0.04031341291511581,2.6286852247865973,0.0,0.35300036052519684,0,0,0.2079247233005847,-0.04031341291511581,2.6286852247865973,0.0,0.35300036052519684,0,0,0.2079247233005847,-0.04031341291511581,2.6286852247865973,0.0,0.35300036052519684,0,0,0.2079247233005847,-0.04031341291511581
127,2.048703462026484,0.0,0.43134558158075986,0,0,0.20951399181513075,-0.2122122474204884,2.048703462026484,0.0,0.43134558158075986,0,0,0.20951399181513075,-0.2122122474204884,2.048703462026484,0.0,0.43134558158075986,0,0,0.20951399181513075,-0.2122122474204884,2.048703462026484,0.0,0.43134558158075986,0,0,0.20951399181513075,-0.2122122474204884,2.048703462026484,0.0,0.43134558158075986,0,0,0.20951399181513075,-0.2122122474204884
128,3.1065073894105524,0.0,0.37448535106937514,0,0,0.6107778587380408,-0.11853017413034772,3.0995453897081875,-0.006961999702364885,0.37448535106937514,12224.695821801055,9,0.5220539837145569,-0.11853017413034772,2.9471946440949086,-0.15931274531564377,0.37448535106937514,19499.53046402749,25,0.4214511374282697,-0.11853017413034772,2.788378401876602,-0.31812898753395036,0.37448535106937514,22122.11711008594,31,0.3544285736922996,-0.11853017413034772,2.552032707964493,-0.5544746814460595,0.37448535106937514,21418.239514845187,39,0.2804932109029121,-0.11853017413034772
129,2.1376881849422302,0.0,0.3698517726535817,0,0,0.22572054923442747,-0.13794844961290464,2.1376881849422302,0.0,0.3698517726535817,0,0,0.22572054923442747,-0.13794844961290464,2.1376881849422302,0.0,0.3698517726535817,0,0,0.22572054923442747,-0.13794844961290464,2.1376881849422302,0.0,0.3698517726535817,0,0,0.22572054923442747,-0.13794844961290464,2.1376881849422302,0.0,0.3698517726535817,0,0,0.22572054923442747,-0.13794844961290464
130,5.182893337577467,0.0,0.2970133697134563,0,0,0.6443833691220316,-0.15458263181230947,4.851274462635543,-0.331618874941924,0.2970133697134563,19130.748760205224,30,0.5177800117868188,-0.15458263181230947,4.410659235944606,-0.7722341016328613,0.2970133697134563,26652.322295862876,52,0.4185890762254622,-0.15458263181230947,4.02876641656479,-1.1541269210126774,0.2970133697134563,27251.934187378967,72,0.34738616051708143,-0.15458263181230947,3.5666678480936134,-1.616225489483854,0.2970133697134563,24323.63859208235,83,0.2713499432060462,-0.1156699768760604
131,1.8816011850295251,0.0,0.3202704608267274,0,0,0.23558605077586156,-0.07582882263844803,1.8816011850295251,0.0,0.3202704608267274,0,0,0.23558605077586156,-0.07582882263844803,1.8816011850295251,0.0,0.3202704608267274,0,0,0.23558605077586156,-0.07582882263844803,1.8816011850295251,0.0,0.3202704608267274,0,0,0.23558605077586156,-0.07582882263844803,1.8816011850295251,0.0,0.3202704608267274,0,0,0.23558605077586156,-0.07582882263844803
132,2.2636465422837886,0.0,0.32327762479646927,0,0,0.263877937731863,-0.10815180740502739,2.2636465422837886,0.0,0.32327762479646927,0,0,0.263877937731863,-0.10815180740502739,2.2636465422837886,0.0,0.32327762479646927,0,0,0.263877937731863,-0.10815180740502739,2.2636465422837886,0.0,0.32327762479646927,0,0,0.263877937731863,-0.10815180740502739,2.2735678835966167,0.00992134131282807,0.32327762479646927,110.29053947875268,3,0.26298298354105737,-0.09992653562469189
133,4.780207918275772,0.0,0.40419915330885753,0,0,0.41580892459817653,-0.1336264506718704,4.780207918275772,0.0,0.40419915330885753,0,0,0.41580892459817653,-0.1336264506718704,4.782192650662221,0.0019847323864494726,0.40419915330885753,2409.753203395743,3,0.40818650519217947,-0.1336264506718704,4.718733006968345,-0.06147491130742644,0.40419915330885753,12688.949633890737,15,0.3420923066948537,-0.1336264506718704,4.533361409060389,-0.24684650921538243,0.40419915330885753,20071.867443783307,31,0.26559108730365194,-0.1336264506718704
134,3.456977865958444,0.0,0.37070535195955057,0,0,0.549216614985067,-0.17705555302930276,3.476599158866243,0.019621292907799237,0.37070535195955057,5877.072847046511,4,0.5142518499362055,-0.17705555302930276,3.4132942466722054,-0.04368361928623843,0.37070535195955057,15803.325626223086,17,0.4217503771455092,-0.17705555302930276,3.2962427111748127,-0.1607351547836311,0.37070535195955057,20325.2332364699,29,0.3501845184328285,-0.17705555302930276,3.0983520538517575,-0.3586258121066863,0.37070535195955057,22511.71862348348,62,0.2742320061177276,-0.17705555302930276
135,3.53149794436033,0.0,0.39063096421845356,0,0,0.5602347672618023,-0.15611635738759633,3.5519976691487396,0.02049972478840978,0.39063096421845356,7713.337005934861,5,0.5191377760817871,-0.15611635738759633,3.4522259432238314,-0.07927200113649846,0.39063096421845356,17458.378075599114,19,0.41877437152322594,-0.15611635738759633,3.3087790680048332,-0.2227188763554966,0.39063096421845356,21625.552992058267,28,0.3521847692754807,-0.15611635738759633,3.0891128485304464,-0.4423850958298834,0.39063096421845356,23154.08091626285,36,0.27543654405696555,-0.15611635738759633
136,2.2484085401352814,0.0,0.39850794284877966,0,0,0.2059590117388548,-0.17590563175905471,2.2484085401352814,0.0,0.39850794284877966,0,0,0.2059590117388548,-0.17590563175905471,2.2484085401352814,0.0,0.39850794284877966,0,0,0.2059590117388548,-0.17590563175905471,2.2484085401352814,0.0,0.39850794284877966,0,0,0.2059590117388548,-0.17590563175905471,2.2484085401352814,0.0,0.39850794284877966,0,0,0.2059590117388548,-0.17590563175905471
137,3.7149363838316245,0.0,0.3646535501491668,0,0,0.2199919001322855,-0.12004912031076487,3.7149363838316245,0.0,0.3646535501491668,0,0,0.2199919001322855,-0.12004912031076487,3.7149363838316245,0.0,0.3646535501491668,0,0,0.2199919001322855,-0.12004912031076487,3.7149363838316245,0.0,0.3646535501491668,0,0,0.2199919001322855,-0.12004912031076487,3.7149363838316245,0.0,0.3646535501491668,0,0,0.2199919001322855,-0.12004912031076487
138,2.129117229135879,0.0,0.3809644313747018,0,0,0.30393047341818447,-0.2180416353689758,2.129117229135879,0.0,0.3809644313747018,0,0,0.30393047341818447,-0.2180416353689758,2.129117229135879,0.0,0.3809644313747018,0,0,0.30393047341818447,-0.2180416353689758,2.129117229135879,0.0,0.3809644313747018,0,0,0.30393047341818447,-0.2180416353689758,2.1162109003754437,-0.012906328760435404,0.3809644313747018,3056.4667046042164,12,0.26407253195711006,-0.2180416353689758
139,4.097728702623464,0.0,0.30946202471986967,0,0,0.4858426679598016,-0.18691485744861103,4.097728702623464,0.0,0.30946202471986967,0,0,0.4858426679598016,-0.18691485744861103,4.012593937946922,-0.08513476467654257,0.30946202471986967,11174.464301070979,12,0.41910874519539815,-0.18691485744861103,3.7988066954301742,-0.2989220071932901,0.292176465688862,15192.930533401923,27,0.36274246483395706,-0.16814203862369403,3.408618267948104,-0.6891104346753605,0.27162170476071307,14189.037176687982,45,0.2781945615672195,-0.13118243350142533
140,2.549096901594629,0.0,0.43895208189963303,0,0,0.29973807621748555,-0.1787965159814,2.549096901594629,0.0,0.43895208189963303,0,0,0.29973807621748555,-0.1787965159814,2.549096901594629,0.0,0.43895208189963303,0,0,0.29973807621748555,-0.1787965159814,2.549096901594629,0.0,0.43895208189963303,0,0,0.29973807621748555,-0.1787965159814,2.5256713492186025,-0.023425552376026726,0.43895208189963303,1511.224999613431,27,0.25413842564776706,-0.1787965159814
141,2.4942331403839906,0.0,0.4307637909200219,0,0,0.19412818988879735,-0.22267511126905737,2.4942331403839906,0.0,0.4307637909200219,0,0,0.19412818988879735,-0.22267511126905737,2.4942331403839906,0.0,0.4307637909200219,0,0,0.19412818988879735,-0.22267511126905737,2.4942331403839906,0.0,0.4307637909200219,0,0,0.19412818988879735,-0.22267511126905737,2.4942331403839906,0.0,0.4307637909200219,0,0,0.19412818988879735,-0.22267511126905737
142,4.240926076282867,0.0,0.3390603917162463,0,0,0.6627610938076365,-0.12850694721702172,3.8838406111004886,-0.3570854651823785,0.3390603917162463,17780.34470612857,33,0.5262562258798881,-0.12850694721702172,3.4976558093768757,-0.7432702669059914,0.3390603917162463,23042.8441258771,60,0.42491002853465115,-0.12850694721702172,3.1742993599142935,-1.0666267163685736,0.3390603917162463,22367.204306759126,78,0.3529482042920905,-0.12136723268617089,2.7883678025241534,-1.4525582737587137,0.3390603917162463,19635.619638078006,96,0.2725750142947322,-0.08313910491574972
143,5.293276894009462,0.0,0.3432082338681511,0,0,0.40813889394150826,-0.23359184806047817,5.293276894009462,0.0,0.3432082338681511,0,0,0.40813889394150826,-0.23359184806047817,5.269720357400232,-0.023556536609230072,0.3432082338681511,125.17556677078947,4,0.4058621122674273,-0.23359184806047817,4.949091162637161,-0.3441857313723009,0.31300318908016217,14573.62209584541,23,0.3481740935550249,-0.2083306278496888,4.268690201374181,-1.024586692635281,0.27149189997221,27249.992526183996,63,0.27592566384014966,-0.1721490169659624
144,2.2264482396212957,0.0,0.40555144329365644,0,0,0.2105391088937341,-0.21825606072829273,2.2264482396212957,0.0,0.40555144329365644,0,0,0.2105391088937341,-0.21825606072829273,2.2264482396212957,0.0,0.40555144329365644,0,0,0.2105391088937341,-0.21825606072829273,2.2264482396212957,0.0,0.40555144329365644,0,0,0.2105391088937341,-0.21825606072829273,2.2264482396212957,0.0,0.40555144329365644,0,0,0.2105391088937341,-0.21825606072829273
145,1.7330385263667445,0.0,0.3729602867319172,0,0,0.2329993397989871,-0.12682884710431364,1.7330385263667445,0.0,0.3729602867319172,0,0,0.2329993397989871,-0.12682884710431364,1.7330385263667445,0.0,0.3729602867319172,0,0,0.2329993397989871,-0.12682884710431364,1.7330385263667445,0.0,0.3729602867319172,0,0,0.2329993397989871,-0.12682884710431364,1.7330385263667445,0.0,0.3729602867319172,0,0,0.2329993397989871,-0.12682884710431364
146,3.590106157820842,0.0,0.3793737341923956,0,0,0.552750960671067,-0.1658574060861271,3.6112840646574798,0.02117790683663756,0.3793737341923956,7010.471152891114,4,0.5177439610110703,-0.1658574060861271,3.510340040969075,-0.07976611685176715,0.3793737341923956,17160.504534243613,17,0.42125318869248346,-0.1658574060861271,3.3529442223564505,-0.23716193546439168,0.3793737341923956,21204.052632928815,25,0.3500227196820076,-0.1658574060861271,3.1192324885672775,-0.47087366925356466,0.3793737341923956,22091.711815282357,34,0.27631451285985476,-0.1658574060861271
147,2.8603642323876635,0.0,0.3926883351137376,0,0,0.28497293748217517,-0.1956411300842621,2.8603642323876635,0.0,0.3926883351137376,0,0,0.28497293748217517,-0.1956411300842621,2.8603642323876635,0.0,0.3926883351137376,0,0,0.28497293748217517,-0.1956411300842621,2.8603642323876635,0.0,0.3926883351137376,0,0,0.28497293748217517,-0.1956411300842621,2.834804841449044,-0.025559390938619586,0.3926883351137376,979.8707773128386,16,0.2544241915258893,-0.1956411300842621
148,2.3139030538741254,0.0,0.2723113493609654,0,0,0.21145737519550337,-0.05290634295353258,2.3139030538741254,0.0,0.2723113493609654,0,0,0.21145737519550337,-0.05290634295353258,2.3139030538741254,0.0,0.2723113493609654,0,0,0.21145737519550337,-0.05290634295353258,2.3139030538741254,0.0,0.2723113493609654,0,0,0.21145737519550337,-0.05290634295353258,2.3139030538741254,0.0,0.2723113493609654,0,0,0.21145737519550337,-0.05290634295353258
149,3.9462473796197637,0.0,0.4845235786307128,0,0,0.48671401790170604,-0.30417281706279986,3.9462473796197637,0.0,0.4845235786307128,0,0,0.48671401790170604,-0.30417281706279986,3.91102693781337,-0.0352204418063935,0.4845235786307128,11406.813358031866,14,0.42252798459971913,-0.30417281706279986,3.8054105908455784,-0.14083678877418526,0.4845235786307128,18377.96267604468,23,0.3508267478866458,-0.30417281706279986,3.5936665808112966,-0.35258079880846704,0.4845235786307128,22417.18827612079,36,0.2834907035670217,-0.30417281706279986
150,2.212789841868729,0.0,0.3493039132667672,0,0,0.2339672590042444,-0.0347105707827029,2.212789841868729,0.0,0.3493039132667672,0,0,0.2339672590042444,-0.0347105707827029,2.212789841868729,0.0,0.3493039132667672,0,0,0.2339672590042444,-0.0347105707827029,2.212789841868729,0.0,0.3493039132667672,0,0,0.2339672590042444,-0.0347105707827029,2.212789841868729,0.0,0.3493039132667672,0,0,0.2339672590042444,-0.0347105707827029
151,2.4878511523653195,0.0,0.4049028041843358,0,0,0.43269826749439017,-0.1724141560683008,2.4878511523653195,0.0,0.4049028041843358,0,0,0.43269826749439017,-0.1724141560683008,2.4835551091489383,-0.004296043216381218,0.4049028041843358,2106.507242252074,8,0.4079327601324313,-0.1724141560683008,2.4306068043593436,-0.05724434800597589,0.4049028041843358,6673.665552552358,21,0.34445560098935013,-0.1724141560683008,2.290525995688626,-0.1973251566766936,0.4049028041843358,9343.204985693483,27,0.27186874060427435,-0.1724141560683008
152,3.934241312642864,0.0,0.4238977071353386,0,0,0.47108036788125135,-0.18511209372808668,3.934241312642864,0.0,0.4238977071353386,0,0,0.47108036788125135,-0.18511209372808668,3.939870003922745,0.005628691279880638,0.4238977071353386,9375.175431155376,7,0.41424062724469496,-0.18511209372808668,3.848724196143914,-0.08551711649895033,0.4238977071353386,15938.734313696099,24,0.342946290895656,-0.18511209372808668,3.6366846895220646,-0.29755662312079956,0.4238977071353386,20014.54371468287,51,0.2688656214237778,-0.18511209372808668
153,2.067523312730152,0.0,0.3484456795832345,0,0,0.15937403635014977,-0.020066651982155403,2.067523312730152,0.0,0.3484456795832345,0,0,0.15937403635014977,-0.020066651982155403,2.067523312730152,0.0,0.3484456795832345,0,0,0.15937403635014977,-0.020066651982155403,2.067523312730152,0.0,0.3484456795832345,0,0,0.15937403635014977,-0.020066651982155403,2.067523312730152,0.0,0.3484456795832345,0,0,0.15937403635014977,-0.020066651982155403
154,5.124171120749899,0.0,0.3851888682736421,0,0,0.55231213739221,-0.22442128819841967,5.012096436039517,-0.1120746847103824,0.3851888682736421,6308.396273775845,17,0.5101195810278076,-0.22442128819841967,4.654132911130323,-0.47003820961957654,0.3851888682736421,16252.944233831324,39,0.41722162374663296,-0.22442128819841967,4.320087983699416,-0.8040831370504833,0.3851888682736421,18661.37980514616,63,0.34590658776987143,-0.22442128819841967,3.889735157415751,-1.2344359633341484,0.3851888682736421,17590.502730446664,73,0.2718416638526157,-0.19064205422554192
155,2.697106945575129,0.0,0.3314281982392303,0,0,0.2709912371596762,-0.06846302222009448,2.697106945575129,0.0,0.3314281982392303,0,0,0.2709912371596762,-0.06846302222009448,2.697106945575129,0.0,0.3314281982392303,0,0,0.2709912371596762,-0.06846302222009448,2.697106945575129,0.0,0.3314281982392303,0,0,0.2709912371596762,-0.06846302222009448,2.686156764304456,-0.010950181270672932,0.3314281982392303,559.0362046206454,14,0.253619177383649,-0.06846302222009448
156,3.7661550249982247,0.0,0.3572883576635482,0,0,0.5059005489945396,-0.04879418433836602,3.7666483638280437,0.0004933388298189456,0.3572883576635482,450.8541855661169,1,0.5059005489945396,-0.04879418433836602,3.716309074951476,-0.049845950046748744,0.3572883576635482,13378.496463491374,15,0.42268651454158146,-0.04879418433836602,3.6042096763392184,-0.16194534865900634,0.3572883576635482,19778.479728907027,24,0.3509616562151926,-0.04879418433836602,3.3957603891191104,-0.37039463587911436,0.3572883576635482,23483.139251287354,34,0.28575817293798883,-0.04879418433836602
157,2.1536721057810895,0.0,0.4054523334585777,0,0,0.21224969255239423,-0.15593511129162962,2.1536721057810895,0.0,0.4054523334585777,0,0,0.21224969255239423,-0.15593511129162962,2.1536721057810895,0.0,0.4054523334585777,0,0,0.21224969255239423,-0.15593511129162962,2.1536721057810895,0.0,0.4054523334585777,0,0,0.21224969255239423,-0.15593511129162962,2.1536721057810895,0.0,0.4054523334585777,0,0,0.21224969255239423,-0.15593511129162962
158,5.172812317027524,0.0,0.4546622862663144,0,0,0.6498524688169837,-0.2672923071168626,4.799915948233573,-0.3728963687939508,0.4546622862663144,19457.950320678076,38,0.5178098525236967,-0.2672923071168626,4.355783116428271,-0.8170292005992525,0.4546622862663144,25964.39596534185,55,0.4188478911983931,-0.2672923071168626,3.9698634967769046,-1.202948820250619,0.4546622862663144,25803.627615750538,68,0.3636343859326948,-0.2672923071168626,3.520873348233052,-1.6519389687944717,0.4546622862663144,22031.64567738612,80,0.2891509271905224,-0.2672923071168626
159,4.092740644070998,0.0,0.3729405998401461,0,0,0.49610770195716386,-0.08268112165775643,4.092740644070998,0.0,0.3729405998401461,0,0,0.49610770195716386,-0.08268112165775643,4.02351634829185,-0.06922429577914802,0.3729405998401461,12425.732321653008,14,0.4171391819570388,-0.08268112165775643,3.887282227870776,-0.20545841620022243,0.3729405998401461,18734.236118861027,27,0.34777692398662063,-0.08268112165775643,3.650008606465545,-0.4427320376054533,0.3729405998401461,22858.926533904407,47,0.2872960743339926,-0.08268112165775643
160,2.7079249080419605,0.0,0.47837414475941276,0,0,0.40631975772853296,-0.2950199623476608,2.7079249080419605,0.0,0.47837414475941276,0,0,0.40631975772853296,-0.2950199623476608,2.707500024157452,-0.0004248838845084535,0.47837414475941276,79.7700911928383,1,0.40631975772853296,-0.2950199623476608,2.642553356505794,-0.06537155153616636,0.47837414475941276,4417.790148969845,23,0.34358834740983235,-0.2950199623476608,2.5354120553159425,-0.17251285272601802,0.47837414475941276,7528.210623465031,33,0.2852599024578733,-0.2950199623476608
161,2.4199850092505915,0.0,0.3952034532675656,0,0,0.19135879672205625,-0.2317793366102624,2.4199850092505915,0.0,0.3952034532675656,0,0,0.19135879672205625,-0.2317793366102624,2.4199850092505915,0.0,0.3952034532675656,0,0,0.19135879672205625,-0.2317793366102624,2.4199850092505915,0.0,0.3952034532675656,0,0,0.19135879672205625,-0.2317793366102624,2.4199850092505915,0.0,0.3952034532675656,0,0,0.19135879672205625,-0.2317793366102624
162,4.203015440365505,0.0,0.44304435591165525,0,0,0.5052812262032853,-0.24530299820359702,4.203971486754516,0.0009560463890112558,0.44304435591165525,412.49426704048653,2,0.5045834808101147,-0.24530299820359702,4.14499516815694,-0.05802027220856498,0.44304435591165525,14721.105627489473,10,0.4200198112476868,-0.24530299820359702,4.022664206127751,-0.18035123423775357,0.44304435591165525,21825.52281494998,14,0.35909705991501145,-0.24530299820359702,3.7668386861708774,-0.4361767541946273,0.44304435591165525,24964.56358040248,28,0.2746696603953165,-0.24530299820359702
163,2.6639289899043046,0.0,0.3512105950154565,0,0,0.1705763324548811,-0.012948307587924424,2.6639289899043046,0.0,0.3512105950154565,0,0,0.1705763324548811,-0.012948307587924424,2.6639289899043046,0.0,0.3512105950154565,0,0,0.1705763324548811,-0.012948307587924424,2.6639289899043046,0.0,0.3512105950154565,0,0,0.1705763324548811,-0.012948307587924424,2.6639289899043046,0.0,0.3512105950154565,0,0,0.1705763324548811,-0.012948307587924424
164,2.8484673849132496,0.0,0.3336603828889932,0,0,0.28107558888692125,-0.15579371410281972,2.8484673849132496,0.0,0.3336603828889932,0,0,0.28107558888692125,-0.15579371410281972,2.8484673849132496,0.0,0.3336603828889932,0,0,0.28107558888692125,-0.15579371410281972,2.8484673849132496,0.0,0.3336603828889932,0,0,0.28107558888692125,-0.15579371410281972,2.8246486031877494,-0.023818781725500227,0.3336603828889932,910.5696937843751,16,0.2562267986824868,-0.15579371410281972
165,2.4399344162094865,0.0,0.34257862137820577,0,0,0.23234617178811653,-0.06547737227390771,2.4399344162094865,0.0,0.34257862137820577,0,0,0.23234617178811653,-0.06547737227390771,2.4399344162094865,0.0,0.34257862137820577,0,0,0.23234617178811653,-0.06547737227390771,2.4399344162094865,0.0,0.34257862137820577,0,0,0.23234617178811653,-0.06547737227390771,2.4399344162094865,0.0,0.34257862137820577,0,0,0.23234617178811653,-0.06547737227390771
166,2.014681773991679,0.0,0.4020045941510249,0,0,0.3023314068095761,-0.24388434677526227,2.014681773991679,0.0,0.4020045941510249,0,0,0.3023314068095761,-0.24388434677526227,2.014681773991679,0.0,0.4020045941510249,0,0,0.3023314068095761,-0.24388434677526227,2.014681773991679,0.0,0.4020045941510249,0,0,0.3023314068095761,-0.24388434677526227,2.027640339162402,0.012958565170722913,0.4020045941510249,2448.478484446766,5,0.27145823863507834,-0.24388434677526227
167,2.6068444917933156,0.0,0.3584971174710123,0,0,0.24968571880657434,-0.18004074467071418,2.6068444917933156,0.0,0.3584971174710123,0,0,0.24968571880657434,-0.18004074467071418,2.6068444917933156,0.0,0.3584971174710123,0,0,0.24968571880657434,-0.18004074467071418,2.6068444917933156,0.0,0.3584971174710123,0,0,0.24968571880657434,-0.18004074467071418,2.6068444917933156,0.0,0.3584971174710123,0,0,0.24968571880657434,-0.18004074467071418
168,1.7201504998546822,0.0,0.33214304576092224,0,0,0.21635452882058764,-0.14830238626490067,1.7201504998546822,0.0,0.33214304576092224,0,0,0.21635452882058764,-0.14830238626490067,1.7201504998546822,0.0,0.33214304576092224,0,0,0.21635452882058764,-0.14830238626490067,1.7201504998546822,0.0,0.33214304576092224,0,0,0.21635452882058764,-0.14830238626490067,1.7201504998546822,0.0,0.33214304576092224,0,0,0.21635452882058764,-0.14830238626490067
169,2.580126389640346,0.0,0.3713632413893651,0,0,0.30004788299518426,-0.15445333375732584,2.580126389640346,0.0,0.3713632413893651,0,0,0.30004788299518426,-0.15445333375732584,2.580126389640346,0.0,0.3713632413893651,0,0,0.30004788299518426,-0.15445333375732584,2.580126389640346,0.0,0.3713632413893651,0,0,0.30004788299518426,-0.15445333375732584,2.5870917267890317,0.006965337148685524,0.3713632413893651,837.0239285676579,16,0.2570563628618696,-0.15445333375732584
170,3.061018151213622,0.0,0.43459094462015563,0,0,0.22724259378932388,-0.2108397794950846,3.061018151213622,0.0,0.43459094462015563,0,0,0.22724259378932388,-0.2108397794950846,3.061018151213622,0.0,0.43459094462015563,0,0,0.22724259378932388,-0.2108397794950846,3.061018151213622,0.0,0.43459094462015563,0,0,0.22724259378932388,-0.2108397794950846,3.061018151213622,0.0,0.43459094462015563,0,0,0.22724259378932388,-0.2108397794950846
171,2.5636415426818195,0.0,0.33821183405795957,0,0,0.19229306912556646,-0.1387250759986306,2.5636415426818195,0.0,0.33821183405795957,0,0,0.19229306912556646,-0.1387250759986306,2.5636415426818195,0.0,0.33821183405795957,0,0,0.19229306912556646,-0.1387250759986306,2.5636415426818195,0.0,0.33821183405795957,0,0,0.19229306912556646,-0.1387250759986306,2.5636415426818195,0.0,0.33821183405795957,0,0,0.19229306912556646,-0.1387250759986306
172,2.28999718238459,0.0,0.34656026497516157,0,0,0.21868898582171462,-0.12243061670619626,2.28999718238459,0.0,0.34656026497516157,0,0,0.21868898582171462,-0.12243061670619626,2.28999718238459,0.0,0.34656026497516157,0,0,0.21868898582171462,-0.12243061670619626,2.28999718238459,0.0,0.34656026497516157,0,0,0.21868898582171462,-0.12243061670619626,2.28999718238459,0.0,0.34656026497516157,0,0,0.21868898582171462,-0.12243061670619626
173,2.015615615910916,0.0,0.48115385571756797,0,0,0.29052715738889384,-0.32881351825183913,2.015615615910916,0.0,0.48115385571756797,0,0,0.29052715738889384,-0.32881351825183913,2.015615615910916,0.0,0.48115385571756797,0,0,0.29052715738889384,-0.32881351825183913,2.015615615910916,0.0,0.48115385571756797,0,0,0.29052715738889384,-0.32881351825183913,2.0260603233716665,0.010444707460750546,0.48115385571756797,598.7452406704081,21,0.25779694710475426,-0.32881351825183913
174,2.2772793727977896,0.0,0.34498682252700075,0,0,0.24641803266736262,-0.06513376375450797,2.2772793727977896,0.0,0.34498682252700075,0,0,0.24641803266736262,-0.06513376375450797,2.2772793727977896,0.0,0.34498682252700075,0,0,0.24641803266736262,-0.06513376375450797,2.2772793727977896,0.0,0.34498682252700075,0,0,0.24641803266736262,-0.06513376375450797,2.2772793727977896,0.0,0.34498682252700075,0,0,0.24641803266736262,-0.06513376375450797
175,1.7180161175172362,0.0,0.3885775938979201,0,0,0.2344236627775082,-0.14067705258140795,1.7180161175172362,0.0,0.3885775938979201,0,0,0.2344236627775082,-0.14067705258140795,1.7180161175172362,0.0,0.3885775938979201,0,0,0.2344236627775082,-0.14067705258140795,1.7180161175172362,0.0,0.3885775938979201,0,0,0.2344236627775082,-0.14067705258140795,1.7180161175172362,0.0,0.3885775938979201,0,0,0.2344236627775082,-0.14067705258140795
176,5.138329301415979,0.0,0.3915756537349243,0,0,0.37797881051425347,-0.2129795883391875,5.138329301415979,0.0,0.3915756537349243,0,0,0.37797881051425347,-0.2129795883391875,5.138329301415979,0.0,0.3915756537349243,0,0,0.37797881051425347,-0.2129795883391875,5.0865751542361215,-0.05175414717985749,0.3915756537349243,14312.731337064284,15,0.34324598291100816,-0.2129795883391875,4.673087363708747,-0.46524193770723166,0.3915756537349243,35390.05601665669,47,0.27290079370020814,-0.2129795883391875
177,2.407826206360019,0.0,0.3571819134551219,0,0,0.17667376315296854,-0.10344287219547288,2.407826206360019,0.0,0.3571819134551219,0,0,0.17667376315296854,-0.10344287219547288,2.407826206360019,0.0,0.3571819134551219,0,0,0.17667376315296854,-0.10344287219547288,2.407826206360019,0.0,0.3571819134551219,0,0,0.17667376315296854,-0.10344287219547288,2.407826206360019,0.0,0.3571819134551219,0,0,0.17667376315296854,-0.10344287219547288
178,2.238571521641313,0.0,0.2674813428451438,0,0,0.19541910867514886,-0.14270232803566751,2.238571521641313,0.0,0.2674813428451438,0,0,0.19541910867514886,-0.14270232803566751,2.238571521641313,0.0,0.2674813428451438,0,0,0.19541910867514886,-0.14270232803566751,2.238571521641313,0.0,0.2674813428451438,0,0,0.19541910867514886,-0.14270232803566751,2.238571521641313,0.0,0.2674813428451438,0,0,0.19541910867514886,-0.14270232803566751
179,1.8552480592338656,0.0,0.4060553795817065,0,0,0.20970023221115497,-0.16202293923808664,1.8552480592338656,0.0,0.4060553795817065,0,0,0.20970023221115497,-0.16202293923808664,1.8552480592338656,0.0,0.4060553795817065,0,0,0.20970023221115497,-0.16202293923808664,1.8552480592338656,0.0,0.4060553795817065,0,0,0.20970023221115497,-0.16202293923808664,1.8552480592338656,0.0,0.4060553795817065,0,0,0.20970023221115497,-0.16202293923808664
180,1.9493816161908362,0.0,0.3412723014861904,0,0,0.29348531952466084,-0.10786386962381367,1.9493816161908362,0.0,0.3412723014861904,0,0,0.29348531952466084,-0.10786386962381367,1.9493816161908362,0.0,0.3412723014861904,0,0,0.29348531952466084,-0.10786386962381367,1.9493816161908362,0.0,0.3412723014861904,0,0,0.29348531952466084,-0.10786386962381367,1.9623692564354482,0.012987640244612075,0.3412723014861904,1965.4421055999912,5,0.27170628259926766,-0.10786386962381367
181,5.329070261609013,0.0,0.36975044325502976,0,0,0.5592086609087552,-0.10669374590913905,5.209331632761996,-0.11973862884701703,0.36975044325502976,7975.222474663016,13,0.5122558567109469,-0.10669374590913905,4.819387236851919,-0.509683024757094,0.36975044325502976,17693.38750864523,35,0.4160275048118541,-0.10669374590913905,4.477768247975199,-0.8513020136338145,0.36975044325502976,20189.910102864676,63,0.344872691250219,-0.10669374590913905,4.032628363332116,-1.296441898276897,0.36975044325502976,19071.580295262032,74,0.27188647184252906,-0.07254242395032873
182,1.8562654945569796,0.0,0.3867292303233248,0,0,0.238980742280398,-0.15452948271594957,1.8562654945569796,0.0,0.3867292303233248,0,0,0.238980742280398,-0.15452948271594957,1.8562654945569796,0.0,0.3867292303233248,0,0,0.238980742280398,-0.15452948271594957,1.8562654945569796,0.0,0.3867292303233248,0,0,0.238980742280398,-0.15452948271594957,1.8562654945569796,0.0,0.3867292303233248,0,0,0.238980742280398,-0.15452948271594957
183,2.665774958219887,0.0,0.3337412258179497,0,0,0.20743694958036005,-0.05602332219846162,2.665774958219887,0.0,0.3337412258179497,0,0,0.20743694958036005,-0.05602332219846162,2.665774958219887,0.0,0.3337412258179497,0,0,0.20743694958036005,-0.05602332219846162,2.665774958219887,0.0,0.3337412258179497,0,0,0.20743694958036005,-0.05602332219846162,2.665774958219887,0.0,0.3337412258179497,0,0,0.20743694958036005,-0.05602332219846162
184,1.9364349336055247,0.0,0.3601830081417067,0,0,0.18537662183260803,-0.08887062818855684,1.9364349336055247,0.0,0.3601830081417067,0,0,0.18537662183260803,-0.08887062818855684,1.9364349336055247,0.0,0.3601830081417067,0,0,0.18537662183260803,-0.08887062818855684,1.9364349336055247,0.0,0.3601830081417067,0,0,0.18537662183260803,-0.08887062818855684,1.9364349336055247,0.0,0.3601830081417067,0,0,0.18537662183260803,-0.08887062818855684
185,2.368508873596826,0.0,0.3248896094067585,0,0,0.25361483217043634,-0.16401953504434663,2.368508873596826,0.0,0.3248896094067585,0,0,0.25361483217043634,-0.16401953504434663,2.368508873596826,0.0,0.3248896094067585,0,0,0.25361483217043634,-0.16401953504434663,2.368508873596826,0.0,0.3248896094067585,0,0,0.25361483217043634,-0.16401953504434663,2.371061006344986,0.0025521327481601297,0.3248896094067585,0.0,2,0.2532171582898991,-0.16401953504434663
186,2.0396390370290782,0.0,0.3874765044049835,0,0,0.2082054681251163,-0.15432726649859485,2.0396390370290782,0.0,0.3874765044049835,0,0,0.2082054681251163,-0.15432726649859485,2.0396390370290782,0.0,0.3874765044049835,0,0,0.2082054681251163,-0.15432726649859485,2.0396390370290782,0.0,0.3874765044049835,0,0,0.2082054681251163,-0.15432726649859485,2.0396390370290782,0.0,0.3874765044049835,0,0,0.2082054681251163,-0.15432726649859485
187,1.93698494631308,0.0,0.32508657002226776,0,0,0.19826147074881612,-0.2267158880873179,1.93698494631308,0.0,0.32508657002226776,0,0,0.19826147074881612,-0.2267158880873179,1.93698494631308,0.0,0.32508657002226776,0,0,0.19826147074881612,-0.2267158880873179,1.93698494631308,0.0,0.32508657002226776,0,0,0.19826147074881612,-0.2267158880873179,1.93698494631308,0.0,0.32508657002226776,0,0,0.19826147074881612,-0.2267158880873179
188,2.7003671079404685,0.0,0.35542208119513885,0,0,0.24975396170706538,-0.05789923204333547,2.7003671079404685,0.0,0.35542208119513885,0,0,0.24975396170706538,-0.05789923204333547,2.7003671079404685,0.0,0.35542208119513885,0,0,0.24975396170706538,-0.05789923204333547,2.7003671079404685,0.0,0.35542208119513885,0,0,0.24975396170706538,-0.05789923204333547,2.7003671079404685,0.0,0.35542208119513885,0,0,0.24975396170706538,-0.05789923204333547
189,2.02962553040789,0.0,0.3653383588364904,0,0,0.1687251451679574,-0.13271725724743444,2.02962553040789,0.0,0.3653383588364904,0,0,0.1687251451679574,-0.13271725724743444,2.02962553040789,0.0,0.3653383588364904,0,0,0.1687251451679574,-0.13271725724743444,2.02962553040789,0.0,0.3653383588364904,0,0,0.1687251451679574,-0.13271725724743444,2.02962553040789,0.0,0.3653383588364904,0,0,0.1687251451679574,-0.13271725724743444
190,2.4600780974239576,0.0,0.36021864541974935,0,0,0.2072645669552496,-0.12105708427804085,2.4600780974239576,0.0,0.36021864541974935,0,0,0.2072645669552496,-0.12105708427804085,2.4600780974239576,0.0,0.36021864541974935,0,0,0.2072645669552496,-0.12105708427804085,2.4600780974239576,0.0,0.36021864541974935,0,0,0.2072645669552496,-0.12105708427804085,2.4600780974239576,0.0,0.36021864541974935,0,0,0.2072645669552496,-0.12105708427804085
191,4.50471517430016,0.0,0.35748097197853207,0,0,0.5014948006821427,-0.14062162521739408,4.505144553588863,0.0004293792887031245,0.35748097197853207,0.0,1,0.5014948006821427,-0.14062162521739408,4.379752531793553,-0.12496264250660705,0.35748097197853207,13843.827873403256,7,0.428932866630299,-0.14062162521739408,4.139112316718581,-0.36560285758157907,0.35748097197853207,17819.827572936796,20,0.3626416470775995,-0.12325811685541088,3.6899926488506636,-0.8147225254494965,0.35337934823823774,15900.016830759912,34,0.2780744799564869,-0.08797228966349702
192,2.8447244620162424,0.0,0.37420262235316465,0,0,0.37963013296170267,-0.19986828573209448,2.8447244620162424,0.0,0.37420262235316465,0,0,0.37963013296170267,-0.19986828573209448,2.8447244620162424,0.0,0.37420262235316465,0,0,0.37963013296170267,-0.19986828573209448,2.8129783205788863,-0.0317461414373561,0.37420262235316465,3385.4754311512334,12,0.3434456699514647,-0.19986828573209448,2.6905454670121314,-0.15417899500411103,0.37420262235316465,6712.810275314574,22,0.272095507311545,-0.19986828573209448
193,2.3722264785264544,0.0,0.3415752380060917,0,0,0.2230166039876602,-0.14364273241459935,2.3722264785264544,0.0,0.3415752380060917,0,0,0.2230166039876602,-0.14364273241459935,2.3722264785264544,0.0,0.3415752380060917,0,0,0.2230166039876602,-0.14364273241459935,2.3722264785264544,0.0,0.3415752380060917,0,0,0.2230166039876602,-0.14364273241459935,2.3722264785264544,0.0,0.3415752380060917,0,0,0.2230166039876602,-0.14364273241459935
194,3.9844358779403257,0.0,0.3211106520481553,0,0,0.5613022401992829,-0.07852291722274096,3.9734834859086083,-0.010952392031717384,0.3211106520481553,8691.54354264031,10,0.5233673825329211,-0.07852291722274096,3.827345225777864,-0.15709065216246154,0.3211106520481553,19837.2008490569,21,0.4221208625161754,-0.07852291722274096,3.6507762560423025,-0.33365962189802323,0.3211106520481553,24578.190295888755,32,0.3503159711813131,-0.07852291722274096,3.3911456356429635,-0.5932902422973623,0.3211106520481553,26284.531343059552,42,0.28464768839582955,-0.07852291722274096
195,1.8716314849090574,0.0,0.3680715982844043,0,0,0.17032959400157233,-0.10631416683062878,1.8716314849090574,0.0,0.3680715982844043,0,0,0.17032959400157233,-0.10631416683062878,1.8716314849090574,0.0,0.3680715982844043,0,0,0.17032959400157233,-0.10631416683062878,1.8716314849090574,0.0,0.3680715982844043,0,0,0.17032959400157233,-0.10631416683062878,1.8716314849090574,0.0,0.3680715982844043,0,0,0.17032959400157233,-0.10631416683062878
196,4.195645894687487,0.0,0.34491582316894925,0,0,0.5209377963767161,-0.07126265620029038,4.1830859238428575,-0.01255997084462912,0.34491582316894925,2657.111491787359,5,0.5155787356342624,-0.07126265620029038,4.03626497050305,-0.15938092418443617,0.34491582316894925,14598.819806711681,12,0.44157679889236323,-0.0685752118548778,3.722276252524265,-0.47336964216322164,0.34491582316894925,15887.423174356572,24,0.36858569031103977,-0.03317427138517537,3.324973568083581,-0.8706723266039056,0.3414366551640932,14395.952294208582,34,0.28313959453768267,0.004927556707752023
197,1.9896797831213757,0.0,0.3714680136514877,0,0,0.27770870854698015,-0.11733444133731752,1.9896797831213757,0.0,0.3714680136514877,0,0,0.27770870854698015,-0.11733444133731752,1.9896797831213757,0.0,0.3714680136514877,0,0,0.27770870854698015,-0.11733444133731752,1.9896797831213757,0.0,0.3714680136514877,0,0,0.27770870854698015,-0.11733444133731752,2.0073973341735254,0.01771755105214967,0.3714680136514877,652.0113984082807,4,0.270335475994436,-0.10289844506341228
198,2.12884239178059,0.0,0.31635832807356223,0,0,0.2785322905877158,-0.12077800468046052,2.12884239178059,0.0,0.31635832807356223,0,0,0.2785322905877158,-0.12077800468046052,2.12884239178059,0.0,0.31635832807356223,0,0,0.2785322905877158,-0.12077800468046052,2.12884239178059,0.0,0.31635832807356223,0,0,0.2785322905877158,-0.12077800468046052,2.1384934458033564,0.009651054022766559,0.31635832807356223,1251.5916994490146,5,0.2603852251511528,-0.12077800468046052
199,1.6087511350962045,0.0,0.35828560308870244,0,0,0.29192659612329186,-0.07122524683439913,1.6087511350962045,0.0,0.35828560308870244,0,0,0.29192659612329186,-0.07122524683439913,1.6087511350962045,0.0,0.35828560308870244,0,0,0.29192659612329186,-0.07122524683439913,1.6087511350962045,0.0,0.35828560308870244,0,0,0.29192659612329186,-0.07122524683439913,1.6216681343872261,0.012916999291021636,0.35828560308870244,348.7745328284846,4,0.28068385986600175,-0.07122524683439913
