symbol,events,median_duration,whipsaw_rate,median_roundtrip,median_avoided,value_0,value_25,value_50,value_75,value_100
AAPL,26,2.5,0.8076923076923077,0.023085135402079793,0.0,93389.04921111742,78146.53436896698,65349.789415175095,54475.51616545994,45248.539474882295
MSFT,33,2,0.7878787878787878,0.015631206466880432,0.0013448563645932499,61102.705369106116,59509.054571640845,57842.25233680599,56021.15011337458,54070.319380609675
GOOGL,31,2,0.7419354838709677,0.025842021070656473,0.007821439584493217,67183.518425174,59730.00883716578,52871.43539657749,46441.60009906339,40500.07646418847
AMZN,44,3.0,0.9318181818181818,0.020927016228912243,0.005960077540148989,48595.30974831307,38631.932236254135,30198.270767991544,23193.927728751136,17532.885520040632
META,28,3.0,0.7857142857142857,0.025589021381323906,0.009374671431060355,40544.368161615566,39115.98726486908,36746.03810309531,33717.54169747467,30346.444542570393
INTC,32,8.0,0.78125,0.027443126536889295,0.017848081966971574,31224.65855859148,29910.677269262243,27962.022044475718,25456.899298180444,22626.66220001018
CSCO,30,3.5,0.7666666666666667,0.014683842373168332,0.0031846023186605232,43764.25466361743,40546.26185802816,37622.6735153815,34768.693436914145,32032.070849588505
ORCL,39,3,0.8205128205128205,0.0207494519257736,0.006433782161300194,29105.948750712745,26221.301298619874,23272.686364781846,20298.220253482115,17426.786495665638
IBM,45,5,0.8444444444444444,0.017636942705910874,0.008450718721806139,21414.893998162646,16119.999571561411,12166.16895519592,9126.707183584429,6802.845354827772
QCOM,49,5,0.7959183673469388,0.023477503678321687,0.011010982389163648,38407.82737441773,25972.13925524703,17391.316599738046,11465.724840808136,7427.9439899347135
TXN,42,5.0,0.7619047619047619,0.017003733269356336,0.009758363822317262,43928.392714943606,35667.06726384931,28974.63092801216,23465.26802374117,18943.211292031458
AVGO,36,3.0,0.8611111111111112,0.026998264749569123,0.004900553545541975,206421.12169240857,153206.70576898364,113686.49799304649,83801.05463536599,61448.468817862224
ADBE,28,3.5,0.8571428571428571,0.023767781199601212,0.007408681993244126,16397.59529285199,19260.46655864477,21201.713541933765,22236.708083142566,22470.711598875663
CRM,31,3,0.9032258064516129,0.02228638442642561,0.011461482460779271,18539.44697161351,17543.3611666737,16237.75600119348,14702.938184275932,13054.558613797475
NVDA,14,5.5,0.7857142857142857,0.04582779237158974,0.04712066265904413,625028.7154092626,624286.4807662924,614007.3579351489,595574.0924292535,570404.0275473517
AMD,35,2,0.8285714285714286,0.02818101710161014,0.003310018969700068,441548.18817850936,351605.65302812034,276159.524922991,213944.4707768711,163543.73517914116
MU,38,5.0,0.7368421052631579,0.033841550412101795,0.01775623131581472,333023.44392625266,255663.71775182194,194107.84460504033,145129.46160448345,106814.38129786645
HPQ,35,5,0.8,0.016974155285673254,0.011418525968842186,18082.46916397138,15707.745907177288,13609.300986796658,11726.913031343507,10059.759426943307
HPE,55,3,0.9090909090909091,0.024783438596866603,0.0034199887093619985,42131.4175793227,31546.55550805298,23367.038353954336,17111.866959069906,12402.499428542025
STX,32,3.5,0.90625,0.025545415367087432,0.008183294255636298,283203.62534485443,239444.5821470423,201793.15713038115,168824.0672419539,140196.17359040515
WDC,38,4.5,0.7368421052631579,0.02010015703906498,0.021185237526263945,86768.20661402555,84861.56161535767,82315.80299782894,78548.95462241255,73853.95419393337
NTAP,32,4.5,0.84375,0.024437664411801285,0.0066721115980225565,51196.72417749309,42488.38591342644,35071.44473099382,28691.944924770087,23248.315415399524
AKAM,37,3,0.7027027027027027,0.01253378453972065,0.0016761026669361856,23627.1598983339,21006.854120622942,18633.971305780015,16428.36130378321,14396.465491747105
EBAY,35,3,0.8285714285714286,0.012383207877256996,0.004422335928535803,35759.8535280913,34915.387612577564,33827.93516111002,32374.130794425884,30659.361777010447
PYPL,34,4.5,0.7941176470588235,0.02770434917067266,0.025098537433036916,11349.96191304875,14387.822870805476,16093.159738872379,16707.25014267131,16493.400837330726
NFLX,24,2.5,0.7916666666666666,0.019982841881418523,0.0029341891041837487,44299.33766563209,51772.593379290054,57931.44425748086,62653.80807073122,65976.01123854153
DIS,35,3,0.8571428571428571,0.015309448132138526,0.006026956860903709,9455.054041201416,9795.00009316583,9950.710776584881,9905.164956959714,9698.634767798383
CMCSA,39,4,0.7692307692307693,0.014747935853783867,0.01415644698075802,7877.385764537786,8198.195300637304,8480.017914439584,8653.156924786792,8723.354434736275
T,48,3.0,0.8125,0.012076076534892621,0.0006846542868090832,16017.938815934775,13680.00074097892,11714.669005095973,9979.615404074826,8479.352672622312
VZ,59,4,0.864406779661017,0.010079583761413602,0.004910940481563264,16936.338707132614,14112.772098478237,11802.741751092814,9813.40142896033,8106.526511130573
TMUS,39,3,0.8717948717948718,0.01410549169763331,0.00862415900492386,28760.359019898937,26583.51326784343,24602.723756524,22681.702042493856,20833.264228288434
JPM,28,4.0,0.8571428571428571,0.02588637990962528,0.004497655851944282,51440.756818324364,46226.95207350162,41461.27645186736,37002.87755046544,32866.627764495584
BAC,35,3,0.8,0.01631927231257424,0.007692355697703879,32776.533696241575,29791.690653497568,27099.67061219456,24536.365309498276,22153.803015727834
WFC,50,3.0,0.86,0.018474480646856084,0.00761144427568311,20743.939368513813,18698.391654661307,16659.708696732974,14594.056035316014,12589.166908065628
C,31,4,0.7419354838709677,0.017028044534740605,0.014543533791679164,28165.908098195618,28959.660375674357,29490.373953844635,29622.436015152496,29373.665782793432
GS,38,5.0,0.868421052631579,0.019897111272890844,0.011192122083741707,57204.320003162014,46854.038349929775,38445.30635541033,31398.3817293521,25523.21473738339
MS,36,3.0,0.8055555555555556,0.019856031842326094,0.006776022929095182,64132.87768102851,53199.06040910954,44105.865172672675,36377.19764064474,29824.517522474798
USB,37,4,0.7837837837837838,0.016436968367608884,0.008331273667917416,17471.114571945345,16770.625252481088,16098.057828854338,15352.620764303092,14532.271195814457
PNC,33,3,0.696969696969697,0.014516429139083131,0.0035063824265672006,27943.97600729716,27619.076624315654,27282.64324774574,26810.662820615962,26217.01845590241
AXP,33,4,0.8181818181818182,0.017401774847706886,0.008040052001128672,47240.13614376187,37550.73702259053,29728.79900000173,23348.806075935558,18183.378816248987
SCHW,27,10,0.8518518518518519,0.02702701814987085,0.03347464330650596,28223.803278676423,24456.444298388247,21154.66815007269,18205.42441604435,15577.344378959278
BLK,31,4,0.8387096774193549,0.027301355403380523,0.012794281167946342,33881.67741005808,28550.076860407877,24012.716711650424,20093.265549780117,16726.35783735519
COF,36,4.0,0.8611111111111112,0.019095562217440354,0.008651574967080189,29356.55033980976,27871.471849723686,26175.674020785144,24227.82544052376,22132.515878098395
TRV,36,4.5,0.8888888888888888,0.013812031177731887,0.015104896089901954,39362.60247604971,33351.077037739866,28367.131822496984,24088.16435139565,20419.968795329467
ALL,47,3,0.8723404255319149,0.016615274462677965,0.002924339610172688,37871.774376150206,29759.698758949216,23462.396423192204,18447.743641215864,14464.446775511546
PGR,36,2.0,0.8888888888888888,0.014544463470349434,0.0,69024.45235836903,58465.61263894697,49492.20584379563,41744.51517204144,35068.75812809786
MET,55,4,0.8545454545454545,0.020722058388237485,0.005975054491706655,27803.83448960255,21057.569247693038,15996.51116689358,12094.578763556248,9090.267060488415
PRU,56,2.5,0.7857142857142857,0.01634099692444635,0.0011104967811599864,17126.872173309937,13888.022183941057,11314.012363071126,9165.496437609745,7384.480334844985
AIG,53,3,0.8301886792452831,0.014570688532872689,0.0008840656818511761,16109.543185795,15473.472341327706,14736.153086638422,13821.663350193732,12780.67253845065
JNJ,51,6,0.8627450980392157,0.011930997687927825,0.009255048413612021,26547.65250021639,21641.62485381149,17745.001776623354,14526.01323890595,11870.770685646054
PFE,45,3,0.8666666666666667,0.016575198926836343,0.0030310697546935828,12122.534520138279,11249.986708425744,10343.181929883001,9359.960381168818,8377.769276076964
MRK,29,9,0.896551724137931,0.015385973744833858,0.022406435808209002,28605.770920633502,26938.27064057222,25337.301037049318,23715.94514732097,22098.40283227315
ABBV,48,3.0,0.9583333333333334,0.020164469726077328,0.0023790343540834313,56773.16729579802,43208.86675478317,32804.10641788875,24748.42193609487,18554.347650195665
AMGN,56,3.5,0.9107142857142857,0.013595400015069647,0.004303533842870744,31056.48685568167,23120.422457905017,17283.70854465963,12878.199999771563,9562.817462870515
GILD,52,3.0,0.8461538461538461,0.017370717397940383,0.003063957389306815,27609.119999117105,21384.814576119796,16647.57075052186,12915.00651284144,9983.387636797574
BIIB,28,8.0,0.7857142857142857,0.024050668496189975,0.027834802350458876,7912.473360061499,7552.9854946322175,6982.197245669252,6245.5911852909185,5421.457641793945
LLY,28,4.5,0.9285714285714286,0.022263712269423364,0.02553467662238329,173267.32347596745,144731.30007796097,120940.27723356828,100859.38789996713,83941.51869720737
BMY,37,4,0.7567567567567568,0.015537561142347611,0.007749113088084236,15894.140473992456,15348.010756158894,14760.223268935684,14063.637094916598,13271.54516791851
UNH,31,5,0.8709677419354839,0.019982548055297977,0.009939112213877332,29137.467371570423,24794.630695991604,20978.21753970162,17608.528081791515,14665.061708278974
CVS,32,12.0,0.71875,0.015894910990980282,0.031027029248127558,18707.797073808113,17255.789626210513,15862.53400410699,14452.620926200174,13056.741349413947
CI,46,4.0,0.8695652173913043,0.02226973053954262,0.005143545719046072,19842.398482783934,14902.088816328785,11148.660509972744,8256.543423963725,6050.476512841358
HUM,51,3,0.8627450980392157,0.02496275228196576,0.0036576953094241693,18627.295795339327,14370.837617525496,10920.934418480394,8130.359530419305,5931.985646699373
ABT,26,3.5,0.8076923076923077,0.01391933208745888,0.002087723417433629,27925.07686751598,26167.12001645538,24439.212492125054,22713.128966035838,21005.759963557284
MDT,44,4.5,0.8863636363636364,0.014835188674838684,0.009613701585802437,12655.691061115203,11400.528588207853,10261.040667056077,9163.614336526754,8126.2312497354615
SYK,29,6,0.9310344827586207,0.01796687954269105,0.021894032476098335,27080.398090863906,23891.016715903454,21087.85994997567,18564.874779037236,16300.813009785546
BSX,47,4,0.8723404255319149,0.018652902520875703,0.008282153352925481,16699.22169317747,17565.346396044166,17441.091819331505,16592.787009616568,15307.168017185035
BAX,36,6.5,0.75,0.01303637133388702,0.00786788278015682,4507.688111201672,5261.631555213984,5906.4119308697855,6395.2977180975495,6725.0912156238255
ZTS,27,3,0.7777777777777778,0.018940517844598936,0.002852641715997084,13545.19932140594,16209.434225087982,18224.98114137864,19615.383690849478,20441.832677583672
XOM,40,3.0,0.825,0.011185094867387613,0.0063395297497161884,28294.603866825844,27897.27181480397,27115.845250480317,25930.495276506357,24467.134022906946
CVX,57,4,0.9122807017543859,0.01777082832511101,0.006709895851086944,26905.62170182695,21172.80383304755,16722.114495314567,13141.463855372818,10276.516459838655
COP,42,5.5,0.8095238095238095,0.0179856262880278,0.011263235730030408,33939.06846489535,30174.69683424391,26629.455791358705,23258.870589526367,20113.319218386216
SLB,40,3.5,0.8,0.015456840144624562,0.008794926810381298,9553.36974861663,11182.59902212094,12545.463116687935,13484.110033358287,13982.981084620502
HAL,30,5.5,0.7666666666666667,0.021020385907519867,0.019907583586927236,8549.351063948921,9602.380807349764,10286.968832797429,10521.078540504135,10372.111420177764
OXY,46,2.0,0.8695652173913043,0.020149532754634603,0.0,12090.657140969926,14973.338714916834,16861.66781998705,17718.0815053309,17721.935380586245
PSX,43,3,0.813953488372093,0.024445787536916397,0.005626465682531667,37109.448321440876,31709.55380097324,26956.907962517835,22677.53949708856,18887.118935174905
VLO,30,4.0,0.8666666666666667,0.02586039045492694,0.01411894915549361,66401.39211242393,60290.79626564719,54285.04450518182,48324.91792547265,42534.37098479211
MPC,15,6,0.8,0.030478934971700067,0.015973828208659002,77420.750718369,79175.57681884163,80208.87888474227,80461.60416082329,79985.10687333066
KMI,46,4.0,0.9130434782608695,0.017164906481847653,0.011599078480583391,26891.241719542795,23471.15584054127,20375.275879465844,17585.991982921933,15099.707727621071
WMB,38,2.0,0.8157894736842105,0.01441670418245189,0.0006159711489364672,39226.65503171104,33445.07566162624,28579.53218832825,24276.733162383836,20555.5085851822
DVN,31,6,0.7096774193548387,0.01746901694324099,0.012168683507232103,17000.069559084954,20952.09086679154,24788.064086845647,28306.624087717006,31490.803310255476
APA,24,6.5,0.8333333333333334,0.03710376682629368,0.030354098784618366,9024.09524594096,10631.42459006442,11802.132063039013,12408.85760513163,12458.939173444382
BA,37,3,0.8378378378378378,0.016915327279896086,0.01268168270392711,12163.196415625984,12709.941658853484,12785.043566573975,12426.221544507533,11738.192505572943
CAT,27,13,0.8888888888888888,0.027387662326452178,0.03738194158794994,105375.76457424888,87215.36455521097,72248.31725545776,59727.47589125213,49273.17932172359
DE,59,4,0.8813559322033898,0.0210513182962202,0.013614615210973624,62799.78082612514,42113.373158398135,28232.410595979265,18822.976903569863,12477.441284137767
MMM,26,6.0,0.7307692307692307,0.009826618591660008,0.025023242903996712,14164.117226435645,14617.518180887973,14905.856922968858,14986.850205641229,14892.003169377098
HON,58,3.0,0.8448275862068966,0.012741464526206836,0.0044504063521340065,23518.043639016538,19593.927087795888,16407.25163145577,13711.271752922146,11435.13038803637
GE,23,3,0.6956521739130435,0.012771074169287466,0.017722302888312225,28944.39758340425,37298.722334592305,44999.18358196927,51655.57568588535,57145.65134133742
UPS,42,4.5,0.8095238095238095,0.020225018847340626,0.01730294896962714,15595.866655818696,13292.417586328722,11332.820989913931,9608.969895623566,8102.526317499335
FDX,41,3,0.8292682926829268,0.01596894057598819,0.0022941511498775213,23419.990771927965,22071.651214236732,20597.618321257632,18933.895813678966,17159.270179190673
LMT,72,2.0,0.875,0.013851502567938101,0.003218608396829359,27357.02037339006,19601.58339058402,14118.969446239813,10128.127586993593,7234.110729830056
RTX,35,2,0.9714285714285714,0.024368704496994242,0.004592658634268387,34423.30104869225,28662.026831611056,23921.55972664615,19906.16170410648,16516.141449943418
NOC,30,4.0,0.8333333333333334,0.017753907979993877,0.006940988011068072,25422.20959194625,23469.336119608975,21685.276671566513,19983.559342563676,18367.17412982181
GD,40,4.0,0.8,0.011868400188088435,0.007764271789287236,24244.556943152314,21497.746164582142,19160.81617667879,17053.6676788127,15156.224496114462
EMR,55,3,0.8727272727272727,0.01606117596531198,0.009914848598585269,31301.7257456531,24256.429396630592,18875.704493250367,14653.542894949562,11347.58224396051
ETN,40,3.0,0.9,0.020701958815054988,0.0048965060856162035,62662.92697306052,49873.741219964926,39811.68023987342,31698.6189590105,25172.753193921242
ITW,38,4.0,0.7894736842105263,0.013720342648025352,0.009092751617749473,25597.49084461044,21924.417021284793,18799.209967722792,16066.037197949126,13683.492530731392
CSX,61,3,0.8688524590163934,0.015228437440484521,0.011812672633169319,35803.48188519108,27238.526387653532,20750.603125584996,15730.84327280459,11890.57411828926
UNP,52,3.0,0.7884615384615384,0.016358877023708196,0.0035131595552593264,33910.30799618724,27247.772404765437,21950.17154202406,17626.353670143326,14108.20074680512
NSC,44,3.0,0.8409090909090909,0.01562861162102147,0.00825224458881657,35935.760235245405,29755.633322181882,24695.699413014463,20450.33164721584,16895.907485794032
DAL,50,5.5,0.88,0.03212646603134728,0.028396572394340125,19175.44485635852,14484.788495263338,10769.726847929644,7830.157920804192,5580.401901123455
UAL,50,4.5,0.8,0.021516395992606352,0.018398899281351744,14950.553181783218,12700.73293465963,10285.314676707565,7965.260339325942,5952.6781679376645
LUV,55,3,0.6909090909090909,0.017922560684069833,0.009421795613361983,8677.942288578028,7464.109431993452,6453.3483604525145,5521.662018631222,4676.792664330964
PG,47,3,0.8936170212765957,0.015660414309562443,0.0045868025882888075,21916.398329108626,17685.28857422418,14294.490203061489,11506.358976884181,9222.26654876937
KO,39,4,0.8461538461538461,0.009465212062945705,0.0032617833557970766,24972.10987080837,21990.661479355054,19445.982791994422,17175.147222845186,15137.705010506586
PEP,50,4.0,0.82,0.01336496428558398,0.003021236587985754,15957.189995138098,13956.838798250119,12264.727391473163,10751.391590777825,9401.696996295734
WMT,35,3,0.8857142857142857,0.013418934486447931,0.001865938252792132,50433.94095899906,41922.61062180771,34880.48276650343,28898.01781998388,23865.718017922965
COST,42,3.0,0.8809523809523809,0.01580719132040076,0.003430009098541853,61762.85216988452,49798.368130310824,40221.670720703965,32411.468937141697,26055.71055043397
TGT,31,3,0.8387096774193549,0.020822319928185173,0.007906083175984513,31252.367262914362,29190.39765581847,26795.404856284214,24155.08030365398,21415.05701649602
HD,26,6.5,0.7307692307692307,0.01281636756025406,0.015336900352644345,26337.851660887012,24113.313830678733,22091.39118979087,20198.071457779763,18427.96310717607
LOW,44,4.0,0.8409090909090909,0.01771743793229741,0.006602531312859816,28921.02898021748,23279.137393715282,18743.669624180242,15022.520377801871,11984.555418499864
MCD,43,3,0.9302325581395349,0.014420147178296316,0.004614159201273282,22343.15315817342,19306.129468421546,16730.000781702893,14466.905098197638,12483.816725056895
SBUX,45,3,0.8888888888888888,0.019920985046431916,0.0001789569061675378,20944.72797143211,16742.781881258772,13378.503039383895,10621.09753894888,8378.467734558613
NKE,35,5,0.8,0.019151623603564483,0.015564205854999846,8975.701607240368,9873.843558554921,10595.641753523616,11089.182291688556,11354.840544925866
KHC,36,3.0,0.8333333333333334,0.014034918453992185,0.0035666376232764696,4444.681283586758,5459.794894492309,6287.438341611145,6884.463739915362,7266.742342015553
GIS,34,3.0,0.8235294117647058,0.011381320062908817,0.0023133832076486782,9147.14626843899,9626.28883606796,10084.701733174421,10464.025443214203,10750.160276102675
CPB,39,3,0.7948717948717948,0.012618256853222709,0.006323105465186218,5330.210979463995,6276.311505100441,7197.414714372684,8032.680136541045,8757.367615192901
CL,53,4,0.7735849056603774,0.011582054056674451,0.010114473377963673,15779.509454178125,12893.02689566523,10601.638712670427,8694.273148136364,7110.564527823419
KMB,48,3.0,0.8541666666666666,0.015962132054030298,0.004337638781758302,11965.250472401047,10083.185925483118,8528.969444426773,7183.085277020553,6023.764344220644
MO,26,14.5,0.7307692307692307,0.010402967609594138,0.03553020467572504,19792.297764312683,18242.499039925275,16881.77382851466,15592.752251949747,14355.488316143057
PM,51,6,0.8235294117647058,0.013513678144702057,0.005366475126250214,26982.17194178275,22746.816645573144,19284.515107869498,16290.470316836363,13712.68592234373
MDLZ,68,3.0,0.8235294117647058,0.012614812906486472,0.004399284294548611,16613.58705555832,12733.349875570673,9830.228863282728,7565.6879588139445,5797.179357161785
CLX,37,3,0.8378378378378378,0.013290288375598314,0.0,9573.397615963164,9546.920103440028,9519.099445505413,9436.942581336485,9304.717797077046
SYY,59,3,0.9322033898305084,0.014469607293936315,0.007280577044421421,19465.22269978119,14993.733933648047,11570.560660466002,8875.887761094484,6767.348402529501
YUM,48,3.0,0.8958333333333334,0.010825367507979577,0.006116189295021779,25272.416838736826,21412.47212229777,18200.15469425737,15444.377595157031,13083.957398708919
M,28,2.0,0.7857142857142857,0.024776963424679388,0.0,15359.19184556416,21868.230675129336,25992.244633136583,28131.825597499614,28691.330287867815
KSS,37,4,0.8108108108108109,0.0272134762610321,0.019512257819664702,7866.382492562059,7629.62434098273,6993.953885746406,6061.156156907154,5008.9466414696035
BBY,43,3,0.9069767441860465,0.025740526342647785,0.00841024426455228,23134.633355644786,17605.741034513783,13332.583828622855,10001.965730714082,7431.17840613075
F,54,4.5,0.7222222222222222,0.015032293815593678,0.006693877545112137,21096.62447000815,17916.977171509163,15062.116541125086,12533.61207596176,10323.030859640076
GM,45,4,0.8,0.03264779876419621,0.004347802831743297,29115.91635653769,23762.994818886116,19201.954319418815,15277.878095516766,11970.735039564672
COTY,38,3.0,0.7631578947368421,0.027513357994245924,0.009016664837687705,1576.1352964608575,3160.143189850417,4771.231808887406,6192.284395023946,7302.537070732844
DD,38,4.0,0.8157894736842105,0.017582415508728855,0.006429635533196476,14931.401691519593,14098.660016733967,13275.313910408777,12372.928477680922,11422.22845025514
NEM,41,4,0.8048780487804879,0.024104378288787975,0.007902233153480931,35130.05949623155,28572.211068387736,23192.57072765111,18667.179836410378,14900.097497235192
FCX,52,2.0,0.7307692307692307,0.02279921581259492,0.006533587719126821,58996.58900742088,44957.30631717456,33951.97400280578,25401.44103027069,18824.605313814252
MOS,21,11,0.7619047619047619,0.02400002262184775,0.08850619744546029,11196.766708659681,13343.778903414111,15544.176068299592,17698.828422732237,19758.644516588414
NUE,48,2.5,0.8958333333333334,0.01667518354200026,0.000746031743703135,52145.13300258077,43502.83108426406,36296.10416621654,30087.659434597026,24781.716114682615
CLF,41,8,0.7804878048780488,0.03230536168454834,0.04290091930541373,20098.568542479054,16796.723566550518,13651.135696224623,10812.340286509183,8356.235380893671
DUK,42,3.0,0.8571428571428571,0.010817388944690753,0.0037904048046997763,22826.92590470714,20052.25221897549,17698.790333972604,15605.088151167947,13744.305597915945
SO,38,3.5,0.9473684210526315,0.012756522578097673,0.005788944645632399,28458.657554805748,24310.182742021127,20838.19469195059,17830.89465624325,15219.087747528354
D,55,2,0.8727272727272727,0.011938617304173338,0.0,13788.551347572395,12123.926393824413,10618.334788893815,9185.709105704093,7859.869281743134
NEE,37,3,0.8378378378378378,0.018805646960626587,0.004521017431311947,33332.44679838291,27526.827242096624,22696.579840704533,18620.109013620986,15196.544157075341
AEP,40,2.0,0.9,0.014280076821279852,0.0036601338801549033,27359.600371872017,23297.65799935374,19912.50936952994,16989.16243263433,14468.795378703313
EXC,42,4.0,0.8571428571428571,0.009167033442580075,0.012431553657947236,26395.41645143316,23234.77121817462,20501.87649786196,18038.809125563665,15854.049579602952
XEL,44,3.0,0.8863636363636364,0.014568728048433455,0.008015359137336309,23750.72299358031,20319.98296244014,17455.227263767203,14967.836478283907,12803.762656996929
SPG,41,4,0.8536585365853658,0.020254328637447916,0.005638074414194949,24064.139087227566,23786.516556210143,22538.073669283272,20612.827621047374,18348.364537133373
PLD,33,4,0.8484848484848485,0.01675611183844805,0.005575396319086656,34962.212208539946,30775.13430271297,27109.693965489823,23809.327732723603,20844.454783384197
AMT,51,2,0.8235294117647058,0.017997791078606218,0.0,16512.550330546965,14405.023988439552,12546.230397533298,10848.755316039236,9316.720974316104
CCI,55,2,0.9090909090909091,0.012467738310747878,0.0010081155923784557,11442.521363818487,10289.851233205405,9182.518134736187,8089.865822261225,7047.593581335043
O,49,4,0.8367346938775511,0.010537720477998835,0.003676460341633936,19683.705377758168,17167.40789223325,15051.658541520968,13173.520221341218,11494.759447112769
TWX,6,19.0,0.6666666666666666,0.0032604471820271153,0.02691267980562012,10374.070751517364,10305.9793935346,10250.272095518045,10194.621336957433,10139.02870793883
ESRX,2,68.5,1.0,0.03498635369833614,0.02995200231673012,15516.164474918709,15246.56261027254,14983.517302961283,14721.47444189437,14460.43402707179
ANDV,4,5.0,1.0,0.01934885027290756,0.017049239903371927,19363.045843093278,18879.038416700863,18415.191032355644,17959.29381687637,17511.2606853741
SCG,9,6,0.8888888888888888,0.014974642113777303,0.01312680568454605,7889.856888709505,8453.005093713842,8917.042816727782,9271.1792028368,9522.479688726005
FOX,27,3,0.7777777777777778,0.015384492154958407,0.0049504892614743445,15022.867242607987,14150.01643696226,13368.284200597378,12587.307644561459,11804.484898081957
SBNY,1,122,1.0,0.15384615384615374,0.27692307692307694,6103.480792154216,7329.914539905186,8446.021244488093,9451.800905902937,10347.253524149717
INFO,2,2.5,0.5,0.0011417665749508532,0.008663814281732185,12140.954793968833,12123.670066346389,12110.404152400855,12095.001609151257,12079.514250924589
LB,5,2,1.0,0.07632217939264163,0.008787648351706312,10986.550989700725,10141.18839392109,9357.356104800605,8621.120677035242,7930.385641967206
