portfolio,even_mult,even_vs_even,even_mdd,even_names,buy_only_mult,buy_only_vs_even,buy_only_mdd,buy_only_names,rank_held_mult,rank_held_vs_even,rank_held_mdd,rank_held_names,rank_open_mult,rank_open_vs_even,rank_open_mdd,rank_open_names,random_open_mult,random_open_vs_even,random_open_mdd,random_open_names
0.0,3.1552526696190095,0.0,0.20379796394442315,10,3.400822946904527,0.2455702772855175,0.22417555991790264,10,2.936691343261316,-0.21856132635769354,0.1922793382975303,10,3.3757909379735156,0.22053826835450607,0.2510631960676882,20,2.6007720702029307,-0.5544805994160789,0.2068579169917326,20
1.0,2.724997791380267,0.0,0.20449524538711272,10,3.3547392545801795,0.6297414631999123,0.21961641320567524,10,2.301089786345792,-0.423908005034475,0.19321305035811479,10,2.9573959484268286,0.23239815704656142,0.24557774595338955,20,2.4972644234670636,-0.22773336791320364,0.20001678831272096,22
2.0,2.064522095682637,0.0,0.22412964891034912,10,2.065141788668791,0.0006196929861537193,0.21418724016221732,10,2.0845934773978003,0.020071381715163206,0.21815668111892364,10,2.845420296601276,0.7808982009186387,0.22038837263584185,20,2.135466699418268,0.07094460373563072,0.22597476895500054,22
3.0,3.704318411107763,0.0,0.25481498200811814,10,3.6215691206813116,-0.08274929042645152,0.25714966810414097,10,3.339997503375113,-0.36432090773265013,0.2318800013481115,10,3.7299698699329857,0.025651458825222573,0.23361734795897476,20,3.1653549086108175,-0.5389635024969457,0.22572939494133293,22
4.0,1.943892209870908,0.0,0.22072783243507993,10,2.100589435874216,0.15669722600330815,0.2287879054004826,10,1.8262483706876549,-0.11764383918325305,0.20308697105786047,10,2.7835467437597483,0.8396545338888404,0.21317912888690194,20,2.4000713779418947,0.4561791680709868,0.23232091007615427,21
5.0,2.290310728323786,0.0,0.3317960698583343,10,2.338809849750197,0.048499121426410774,0.3288820500896222,10,2.2166164799819854,-0.0736942483418006,0.3232618777248673,10,2.957757756897051,0.6674470285732648,0.26264599002374095,20,2.434250796853478,0.14394006852969188,0.2600720506453068,20
6.0,2.0945043450781338,0.0,0.23763994340802722,10,2.2666489291701164,0.17214458409198263,0.2572380244809182,10,1.932125779463294,-0.16237856561483976,0.20325546632842265,10,2.846652182111813,0.7521478370336792,0.2017131222078845,20,2.420061277768553,0.3255569326904193,0.22692982435464967,21
7.0,2.7513255545956863,0.0,0.2884761834723474,10,2.9629565497710653,0.21163099517537898,0.2998242301708502,10,2.6208689713617126,-0.1304565832339737,0.27577222805823537,10,3.0123450411158954,0.2610194865202091,0.24528873521145594,20,2.5875331522571754,-0.1637924023385109,0.26348815751656113,22
8.0,2.7611007632603046,0.0,0.1832916039809782,10,2.6671390790350546,-0.09396168422524998,0.21525184655892904,10,2.901558910882545,0.1404581476222404,0.18244033340183308,10,3.448595542702039,0.6874947794417343,0.19103670828004898,20,2.7906226442062696,0.029521880945964973,0.17812955626222104,21
9.0,3.5147128261431426,0.0,0.14375742536873956,10,3.6130151944234794,0.09830236828033678,0.1515925753661932,10,3.5513700446395475,0.03665721849640491,0.1465144165189587,10,3.898521672567978,0.38380884642483526,0.17583388724933013,20,3.051085879845891,-0.46362694629725176,0.14070590052894646,21
10.0,2.2721079415865515,0.0,0.184928396904698,10,2.1680724401737175,-0.10403550141283402,0.19267315500286547,10,2.3854947993367093,0.11338685775015778,0.1883950786016123,10,3.2302178180274908,0.9581098764409393,0.20930871977959745,20,2.634410356259343,0.36230241467279134,0.19698212344483487,22
11.0,1.7412817207944784,0.0,0.2667564792290732,10,1.9085060185279739,0.16722429773349545,0.24568781509076593,10,1.5962871024563117,-0.14499461833816674,0.3044823711660128,10,2.56181471009184,0.8205329892973616,0.2940964124058219,20,1.8966702348551783,0.15538851406069987,0.2022767298199921,20
12.0,2.0737651045510535,0.0,0.3073449906982711,10,2.15385217206941,0.08008706751835648,0.34166857302234127,10,1.956358856600823,-0.11740624795023047,0.2813513845269106,10,2.841554871236964,0.7677897666859104,0.24300047811197262,20,1.8207892827399512,-0.25297582181110223,0.2623641135882718,22
13.0,1.722116801294178,0.0,0.27297021786209996,10,1.8812260126544704,0.15910921136029232,0.2767402248127989,10,1.6181297685558202,-0.10398703273835785,0.28560462385636787,10,2.5885194899598756,0.8664026886656975,0.30221176848725084,20,2.076236205203569,0.3541194039093909,0.2414327420596521,20
14.0,4.5338481420577965,0.0,0.17270732121842525,10,4.4578177006185875,-0.076030441439209,0.1832354641590768,10,4.572651852580559,0.0388037105227621,0.15781071660033802,10,4.464942892651829,-0.06890524940596787,0.16712436975686917,20,3.826112139463033,-0.7077360025947637,0.17856502242552846,20
15.0,4.6847207581027455,0.0,0.23514417583922514,10,4.576839490791011,-0.10788126731173442,0.21924815109686768,10,4.418672057120779,-0.2660487009819663,0.24585213477651385,10,4.621885700007522,-0.0628350580952235,0.2653651874595071,20,4.2378661670156275,-0.446854591087118,0.20815598490495715,22
16.0,2.217952624045113,0.0,0.20916205499668233,10,2.1481029201766964,-0.06984970386841649,0.21970851569429278,10,2.227712027496721,0.009759403451607973,0.20240472906758894,10,2.8647194064410297,0.6467667823959169,0.23022384572107263,20,2.2135211283368674,-0.004431495708245414,0.21104448122808972,22
17.0,4.737456790789525,0.0,0.16034704177353898,10,4.334630612948856,-0.40282617784066943,0.1636857928955292,10,4.825793279222262,0.08833648843273689,0.15723904821517978,10,4.937956317678616,0.20049952688909034,0.1750829894332978,20,4.1559779353279405,-0.5814788554615848,0.16368802902952326,22
18.0,1.7501968728682902,0.0,0.20952128073868476,10,1.7819597585895242,0.03176288572123398,0.20819637941162417,10,1.6998893335221767,-0.05030753934611343,0.199059393090674,10,2.5145852478724486,0.7643883750041585,0.24264288804986223,20,1.700886019006042,-0.049310853862248205,0.21298834048217602,22
19.0,3.7915974882438075,0.0,0.2041922785639908,10,3.9127237018742016,0.12112621363039411,0.20816418849811383,10,3.893110030172701,0.10151254192889336,0.19935443565847155,10,3.7870306722934446,-0.004566815950362901,0.23995600390766345,20,3.502885980979476,-0.2887115072643316,0.19907884611157436,22
20.0,2.2384509138923856,0.0,0.40009975206360077,10,2.377728654665707,0.13927774077332122,0.4341899402507292,10,2.082399464398849,-0.15605144949353678,0.3783374093804744,10,2.8248518670938227,0.5864009532014371,0.28674995557623817,20,2.0025850554323377,-0.23586585846004793,0.33660775368037416,22
21.0,5.09696132403939,0.0,0.2421851509050767,10,5.5801661967870775,0.4832048727476872,0.2295498864283543,10,5.294282646252847,0.19732132221345644,0.24062224849351327,10,4.610489604961756,-0.48647171907763465,0.2687153173759621,20,4.390336797885815,-0.7066245261535755,0.23831388680636345,20
22.0,2.527360210340975,0.0,0.24010460928489463,10,2.625965813578178,0.09860560323720291,0.24677249021369388,10,2.563915124394497,0.03655491405352196,0.22510432030149025,10,3.1529999376278326,0.6256397272868575,0.24393583467752492,20,2.6929081435074784,0.1655479331665033,0.2293889056829781,20
23.0,2.6846713191392086,0.0,0.22856131318631268,10,2.892868628584025,0.20819730944481618,0.21203271797321774,10,2.5860738769660623,-0.09859744217314637,0.24527506224942283,10,3.0801672086472256,0.39549588950801695,0.27586401573940933,20,2.5615686561332063,-0.12310266300600237,0.20639548023766324,21
24.0,2.185215510912784,0.0,0.2416874829000819,10,2.2260933015561095,0.04087779064332553,0.24997333648444323,10,2.1685553442556738,-0.01666016665711023,0.2114995462664511,10,2.963458114258357,0.7782426033455732,0.21044875956415995,20,2.259917855877612,0.07470234496482808,0.21886716851414514,21
25.0,2.011212393737771,0.0,0.17031170978046858,10,2.197041042233309,0.18582864849553804,0.16168281466410034,10,1.950250897094026,-0.06096149664374484,0.17701797612309347,10,2.817776581905229,0.8065641881674583,0.2321060076124882,20,2.5868669580345127,0.5756545642967419,0.1940596819870947,21
26.0,2.7425077568364347,0.0,0.3139977953545649,10,2.8812755657662374,0.13876780892980278,0.32962971197465113,10,2.596865834900946,-0.14564192193548875,0.29434599678866996,10,3.1439567189857747,0.40144896214934,0.2635703724570143,20,2.5561650123944912,-0.18634274444194343,0.28702208593115786,20
27.0,3.6129545619938863,0.0,0.23737343943295353,10,3.3464676211986393,-0.26648694079524704,0.24195953947784324,10,3.721778044567265,0.1088234825733787,0.20248857530976624,10,3.7284523966156837,0.11549783462179741,0.24419672812437102,20,3.6877054757433196,0.07475091374943332,0.21975028178242478,22
28.0,3.0555370618245763,0.0,0.21445596098409658,10,2.865165364806564,-0.1903716970180125,0.20349019144437108,10,3.0565788544449544,0.001041792620378068,0.2246452105149908,10,3.5222342906649184,0.46669722884034215,0.25736125212024147,20,2.9192090896688447,-0.13632797215573156,0.21362992855182164,21
29.0,4.2086437022968,0.0,0.2739624640549086,10,3.9151164856747127,-0.29352721662208703,0.22159407180856486,10,3.6155542347995864,-0.5930894674972134,0.3304856008713321,10,4.374130666512095,0.16548696421529563,0.3054179009192939,20,3.463028810974539,-0.7456148913222607,0.2954142864334646,22
30.0,2.2886671413877426,0.0,0.22672608602899297,10,2.495532780912508,0.20686563952476522,0.2609055299821284,10,2.2400131548473237,-0.04865398654041897,0.1960639107398077,10,2.851962790870427,0.5632956494826842,0.21840657480900363,20,2.6565580604770305,0.36789091908928784,0.20253199424105278,22
31.0,3.6823222904302284,0.0,0.24633837749854318,10,3.553269818290062,-0.12905247214016624,0.24148416795141825,10,3.653514755907962,-0.028807534522266476,0.2442685686652049,10,3.5752507755628433,-0.10707151486738509,0.2499848470975298,20,3.0566901787241,-0.6256321117061283,0.23211350528587552,21
32.0,2.2458570437797007,0.0,0.27040323623402424,10,2.4001960337537795,0.1543389899740788,0.2665275347682813,10,2.1502017032235248,-0.09565534055617597,0.27266210311750055,10,2.9385682602714023,0.6927112164917015,0.2228798468792477,20,2.3573051889249705,0.1114481451452698,0.2544004155580023,20
33.0,2.6360420720849116,0.0,0.1714185920892064,10,2.48515627891985,-0.1508857931650618,0.1812627806006823,10,2.7894713561234243,0.15342928403851275,0.15569889068537707,10,3.578992584007281,0.9429505119223696,0.1568562663863019,20,2.7076572756308463,0.07161520354593476,0.17243041650380486,21
34.0,3.6219833390480782,0.0,0.18077009482864512,10,4.513650092832598,0.8916667537845195,0.1977536066368654,10,2.97119521328059,-0.6507881257674883,0.17662899102476737,10,3.5014956760286617,-0.12048766301941649,0.2218320064367435,20,3.4162126464492526,-0.20577069259882563,0.16882716503842593,21
35.0,3.580547464794756,0.0,0.23112155335682952,10,3.583733242330535,0.0031857775357786444,0.2336935697105138,10,3.4621180969657175,-0.11842936782903868,0.22766082957713274,10,3.737917308638553,0.1573698438437967,0.2620319890457107,20,2.9604183492011953,-0.6201291155935609,0.20711663851767176,22
36.0,4.639974842491368,0.0,0.27324385674372176,10,4.6576468226336765,0.01767198014230864,0.24693969130294438,10,5.271786806322682,0.6318119638313142,0.31731606067419815,10,4.258245696862605,-0.38172914562876326,0.29035480257753715,20,3.939850167841439,-0.700124674649929,0.2640168984737901,22
37.0,2.2511499485128477,0.0,0.2117936269094695,10,2.158269662988038,-0.09288028552480965,0.1998510102969835,10,2.316731490174612,0.06558154166176422,0.21825921623776748,10,2.9869599720097546,0.7358100234969069,0.266523384415603,20,2.9414316846958446,0.6902817361829969,0.22193173994707763,20
38.0,4.721289777328469,0.0,0.29674436410496535,10,4.86664214365531,0.1453523663268408,0.2624539674259245,10,4.717625007160607,-0.0036647701678615974,0.3322086903054882,10,4.429113630827039,-0.2921761465014301,0.3127274140267192,20,3.86662209856484,-0.8546676787636289,0.2715674465405271,21
39.0,2.763474892118729,0.0,0.13894960715142773,10,2.7091721897170866,-0.05430270240164248,0.1819268199953671,10,2.888479155305889,0.12500426318715974,0.15016102186234756,10,3.5767427953221365,0.8132679032034074,0.1666657966201578,20,2.7030635089894415,-0.06041138312928762,0.13694554712814574,21
40.0,1.772423871166847,0.0,0.18580214564138733,10,1.8982800457204818,0.12585617455363485,0.19463948245727555,10,1.6630711088327277,-0.10935276233411928,0.17438666710772835,10,2.6305880775799437,0.8581642064130968,0.23520973979141085,20,1.6554372698176836,-0.11698660134916339,0.18608482676219698,20
41.0,3.1317043379879967,0.0,0.3215956704378523,10,2.874487719506485,-0.2572166184815119,0.28803249967053896,10,2.8615966440702265,-0.27010769391777023,0.3667353337899911,10,3.4524559520380596,0.3207516140500628,0.3287095157076627,20,3.5326063180266774,0.4009019800386806,0.31763673055637,21
42.0,3.587783852875829,0.0,0.2505467920040249,10,4.191943205806555,0.6041593529307261,0.22667914943583534,10,3.0492852991776234,-0.5384985536982057,0.2577657978643921,10,3.4782089506406995,-0.10957490223512956,0.28928651197817074,20,2.784859266876087,-0.802924585999742,0.23934737944114343,22
43.0,2.404163014149417,0.0,0.20537799926488773,10,2.6261010673848757,0.2219380532354589,0.17140538934642535,10,2.267646780696201,-0.13651623345321573,0.2288236042559821,10,2.9940626049301793,0.5898995907807625,0.2598472782657398,20,2.2077461889760723,-0.19641682517334447,0.1767522160931739,22
44.0,4.231818694964064,0.0,0.25569755634538743,10,3.7442941942822094,-0.48752450068185427,0.2733621362382364,10,4.278639872766397,0.0468211778023333,0.23435667540064054,10,4.195893396621072,-0.03592529834299185,0.24684342789981176,20,4.050208286397244,-0.18161040856681954,0.2205137789139367,21
45.0,1.9830993730578577,0.0,0.3436377620630681,10,2.1001885572301076,0.1170891841722499,0.3540926701306433,10,1.953616560726945,-0.029482812330912767,0.35112871273414276,10,2.687181412682627,0.7040820396247693,0.32746198736572774,20,2.00509690744018,0.021997534382322215,0.2740693762635468,22
46.0,4.90085036702075,0.0,0.20103479743038796,10,4.411736122291474,-0.4891142447292758,0.23492015814151562,10,5.06578369312845,0.1649333261077004,0.1840481161923208,10,4.934483919352185,0.033633552331434835,0.2065941193492558,20,4.73369695218489,-0.16715341483585977,0.19675759335761228,21
47.0,1.7730058612146755,0.0,0.2037881918232631,10,1.7481255649017273,-0.02488029631294819,0.20688197592687582,10,1.852879031414059,0.07987317019938356,0.20417238223711678,10,2.692264161588515,0.9192583003738393,0.24844571859870157,20,1.8190882367633223,0.0460823755486468,0.19883916146231997,22
48.0,3.861328777059318,0.0,0.14659291660847218,10,4.387312514962762,0.5259837379034438,0.16011940504955346,10,3.443225906658911,-0.41810287040040706,0.15563901410578126,10,3.858759872389258,-0.0025689046700598794,0.18819822430278768,20,3.6319629962117395,-0.22936578084757864,0.14649735407025613,20
49.0,2.1997147369028154,0.0,0.3070252501115359,10,2.250839597747309,0.051124860844493636,0.3275326482032324,10,2.2606788066665398,0.06096406976372437,0.2756301127032456,10,2.896862235011076,0.6971474981082606,0.2502712565974544,20,2.6464470840305347,0.44673234712771936,0.2690135890740841,22
50.0,4.287862139829415,0.0,0.357512824863668,10,4.170906469126885,-0.11695567070252988,0.3357883931420229,10,5.113590423903699,0.8257282840742839,0.4158327719857084,10,4.096786337073345,-0.19107580275607017,0.3567901962439192,20,3.919283196967139,-0.3685789428622761,0.30752541805793465,22
51.0,1.7555793652787288,0.0,0.2841707789769532,10,1.9519228609707135,0.19634349569198473,0.3418170632045314,10,1.7120963270261922,-0.04348303825253663,0.21203068013733029,10,2.553312216587976,0.7977328513092472,0.22122076643358754,20,1.9216213181309818,0.16604195285225298,0.2449355189733247,22
52.0,2.354027157702275,0.0,0.22183546175190066,10,2.610747284191364,0.25672012648908904,0.23017747671090327,10,2.2242642220636983,-0.12976293563857677,0.20013317835265393,10,2.9914589966313074,0.6374318389290323,0.20180480435709616,20,2.480192166631571,0.12616500892929583,0.22073890150368575,22
53.0,2.2102996742534327,0.0,0.2390118569355034,10,2.155875110040034,-0.054424564213398696,0.2530133663794816,10,2.2193650836830194,0.00906540942958678,0.20804680168882517,10,2.8221278849014864,0.6118282106480537,0.21814541300674026,20,2.078474898523328,-0.13182477573010454,0.23096458011873452,21
54.0,2.3008598092288532,0.0,0.30673518052140186,10,2.5643976264719717,0.2635378172431184,0.32226933142820047,10,2.161226478278452,-0.1396333309504012,0.27690811536220183,10,2.8982819004580773,0.5974220912292241,0.2541884726103214,20,2.970913274398056,0.6700534651692029,0.27099654448048915,20
55.0,4.032370239063357,0.0,0.1988417990655401,10,3.6799111531919206,-0.35245908587143626,0.20158020825461492,10,3.8506252041390128,-0.18174503492434413,0.22455434761440238,10,4.13331484823886,0.10094460917550307,0.2675907076296249,20,3.3280704752936336,-0.7042997637697233,0.2023175874072992,20
56.0,1.658647984555685,0.0,0.219428227420925,10,1.8108427791780493,0.1521947946223643,0.24804769893110873,10,1.5413375708175467,-0.11731041373813822,0.21228715264865258,10,2.5348770706527626,0.8762290860970776,0.24748467733284202,20,1.9561191823841935,0.2974711978285085,0.1953279907308826,22
57.0,1.856464519516569,0.0,0.2019265023136799,10,1.971119103326071,0.11465458380950211,0.1931737842536599,10,1.7983722683524315,-0.05809225116413752,0.20505186732456007,10,2.6012235163038597,0.7447589967872907,0.23848452264877745,20,2.168067658648068,0.31160313913149884,0.1866847302156845,20
58.0,2.5377341052930955,0.0,0.2585970435917913,10,2.6195101090151782,0.08177600372208271,0.2760216418399309,10,2.4961548108940605,-0.04157929439903496,0.2354677112347669,10,3.0466173907911087,0.5088832854980132,0.22428583937957902,20,3.360825061084201,0.8230909557911055,0.216502409796696,21
59.0,2.8402110769596436,0.0,0.22391872208789504,10,2.54983142218454,-0.29037965477510363,0.23869172446381476,10,2.942374372154382,0.10216329519473843,0.22138179991479875,10,3.336148642627093,0.4959375656674494,0.2022477429687265,20,2.5111951838071644,-0.32901589315247914,0.20339488100572076,21
60.0,2.4050271824056355,0.0,0.22674432607643072,10,2.5539099798290854,0.1488827974234499,0.24633424332352155,10,2.249816095214011,-0.15521108719162457,0.21455763322699653,10,2.924394226966022,0.5193670445603864,0.2349151615248653,20,2.8347278241739873,0.42970064176835177,0.21441627363877772,21
61.0,2.0568271234263915,0.0,0.2700716802167119,10,2.0697012767050555,0.012874153278664036,0.2539299101902833,10,1.99350190356296,-0.06332521986343154,0.292220366775624,10,2.780929375976194,0.7241022525498026,0.3070069557030307,20,2.061981223882295,0.0051541004559036985,0.26024789953949373,21
62.0,2.2645717684109843,0.0,0.1727875658690625,10,2.2509558449700844,-0.013615923440899902,0.17491611606986882,10,2.2329279526619765,-0.031643815749007764,0.15819988541218383,10,2.8180017505407644,0.5534299821297801,0.17954247603408455,20,2.075167100875664,-0.18940466753532048,0.15898005651083208,20
63.0,1.9921506480885844,0.0,0.30030955798747927,10,2.2767081708469425,0.2845575227583581,0.3237729960658453,10,1.798686961034484,-0.19346368705410044,0.3129658014170251,10,2.7079313931671747,0.7157807450785902,0.2725823571407754,20,1.9286717018022845,-0.06347894628629991,0.2719589033162042,22
64.0,4.883911180720972,0.0,0.26037880822554743,10,4.58214784900005,-0.30176333172092207,0.2538267178616651,10,5.606084263783955,0.7221730830629829,0.31224230304257344,10,4.40998990862022,-0.4739212721007515,0.28712314079714957,20,4.435444384945565,-0.44846679577540716,0.2447823980252425,22
65.0,1.9090148827118631,0.0,0.2137592393709588,10,1.9823689348445097,0.07335405213264656,0.2177216856133427,10,1.818596417742068,-0.09041846496979522,0.21788459777906566,10,2.6139423108996684,0.7049274281878053,0.2410827653113399,20,1.9838404646575416,0.07482558194567845,0.20863375851187563,22
66.0,2.0606554576897262,0.0,0.31174105100078914,10,1.9775248224546376,-0.08313063523508868,0.31268071193860764,10,2.045491395157369,-0.015164062532357026,0.3167934394710377,10,2.7389707497550537,0.6783152920653275,0.25986639559793157,20,1.9679044625725035,-0.09275099511722273,0.2729346807765878,21
67.0,3.953330156852205,0.0,0.2616292192647685,10,4.088677323678356,0.135347166826151,0.28610012979204624,10,4.00924928297026,0.055919126118055384,0.22553004506349583,10,3.9247773917882407,-0.028552765063964092,0.2347481126419487,20,3.373603536446334,-0.5797266204058706,0.22612084125766932,22
68.0,4.021242304549755,0.0,0.2471340848452015,10,4.275092515542437,0.2538502109926819,0.2659117368550993,10,3.927976287436239,-0.09326601711351623,0.23365438617588882,10,3.7094899013291815,-0.3117524032205736,0.20736506843131494,20,3.1366040930273247,-0.8846382115224305,0.20955608938842793,21
69.0,2.5736099883725223,0.0,0.23865863084601963,10,2.783704481667276,0.21009449329475371,0.24155436111376738,10,2.4266549296335853,-0.146955058738937,0.22762689894662874,10,3.1065308796692097,0.5329208912966874,0.2317158572174175,20,2.0965046501307105,-0.4771053382418118,0.2000512243249928,21
70.0,4.60122660206715,0.0,0.32714541334168384,10,4.862737260002316,0.26151065793516537,0.33148980192278166,10,5.073260941859719,0.47203433979256904,0.3497299635675925,10,4.284254382542766,-0.31697221952438426,0.33367791713768025,20,4.293411326793561,-0.30781527527358943,0.28186824428542734,21
71.0,1.9578143107146568,0.0,0.20407926670066917,10,2.015949613061005,0.05813530234634823,0.21303928566604088,10,1.9075816887787929,-0.050232621935863975,0.1872277270128251,10,2.787362311785573,0.829548001070916,0.23462680148712134,20,2.036769492716506,0.07895518200184903,0.19264084691627667,21
72.0,5.508027337051202,0.0,0.21388400640621724,10,5.575129295015602,0.06710195796439944,0.21565509727836227,10,6.056731332784908,0.5487039957337059,0.23923370711415037,10,5.146800105568121,-0.3612272314830811,0.2315796540402638,20,4.629708514043152,-0.8783188230080503,0.197618180434185,22
73.0,2.152471523216047,0.0,0.2565278130188193,10,2.2525236972822045,0.1000521740661573,0.29118988880764557,10,1.993212774444067,-0.1592587487719801,0.2121497617583667,10,2.782164490061599,0.629692966845552,0.20739949620753834,20,2.1119216559210936,-0.04054986729495358,0.22055747186078375,21
74.0,2.081616567617594,0.0,0.31454798696141667,10,2.2200589548114293,0.13844238719383517,0.32286956372733894,10,1.9968606520046555,-0.08475591561293871,0.29972867967126604,10,2.7213361168924153,0.6397195492748211,0.2529260358580202,20,2.0389198099590633,-0.04269675765853087,0.27056261336163134,21
75.0,3.937273743872736,0.0,0.26442117145524424,10,3.656581920641722,-0.28069182323101405,0.2934235794778042,10,4.083597948891154,0.14632420501841814,0.24847262021162259,10,3.8455499028875986,-0.09172384098513753,0.23357969042950352,20,3.864669745935669,-0.07260399793706718,0.2254850239330969,22
76.0,4.642341076911862,0.0,0.340143372736849,10,4.848736065824382,0.20639498891252028,0.31580931000149326,10,4.880693114034462,0.2383520371226,0.3802505625282789,10,4.300306687406379,-0.3420343895054829,0.3443971632957616,20,3.8272640620384384,-0.8150770148734234,0.33837377972667104,22
77.0,3.1361897417040923,0.0,0.21388442798988916,10,3.007066596446063,-0.12912314525802948,0.21328044317282768,10,3.0576848538348633,-0.07850488786922893,0.2070290313591723,10,3.4502859895993137,0.3140962478952214,0.25445204482186257,20,2.834146787987212,-0.3020429537168803,0.21938408478716806,20
78.0,2.682036064605641,0.0,0.18957522961910037,10,2.5352148296329533,-0.14682123497268762,0.18657023486465107,10,2.723013529145908,0.04097746454026696,0.18684293296553942,10,3.162575528053232,0.48053946344759124,0.22037781347920674,20,2.54083733886974,-0.14119872573590087,0.18891907982621142,20
79.0,1.802243820403488,0.0,0.1276172507637573,10,1.921664914392833,0.11942109398934497,0.11791661566946057,10,1.7404684559396462,-0.06177536446384191,0.15777189861728827,10,2.622039775536151,0.8197959551326628,0.2188599231049514,20,2.0183199537115555,0.2160761333080674,0.14114207633092585,21
80.0,2.5240522677067974,0.0,0.18071374824406014,10,2.606921502290185,0.08286923458338746,0.1832690478105256,10,2.433990343464871,-0.0900619242419265,0.1801783781908183,10,3.016649724831935,0.4925974571251377,0.1807060409199653,20,2.4665258664002514,-0.05752640130654596,0.1773850254767282,21
81.0,2.2067791766419744,0.0,0.240042084861778,10,2.4049062052995214,0.19812702865754694,0.22254514163314354,10,2.133475790400855,-0.0733033862411192,0.24856198226203183,10,2.8779997784923337,0.6712206018503593,0.2611964325561937,20,2.088806339312007,-0.11797283732996755,0.20506035342153214,21
82.0,4.260807521084895,0.0,0.24136441084097743,10,3.9319994008959793,-0.3288081201889157,0.2382647516255863,10,4.092701403951665,-0.1681061171332301,0.24042267804855863,10,4.390688295794311,0.12988077470941572,0.268264174332194,20,3.6834316936044345,-0.5773758274804606,0.22949285605906825,22
83.0,4.961011612023546,0.0,0.21543998569213776,10,5.27286258516011,0.31185097313656396,0.2254078764887743,10,5.717879048693129,0.7568674366695829,0.26021692360422644,10,4.260743139506296,-0.7002684725172497,0.23559976338234573,20,3.815678535531207,-1.1453330764923386,0.19198493869441452,22
84.0,3.7735974876041,0.0,0.18970698570882372,10,3.7316356719139985,-0.04196181569010138,0.2046717012714233,10,3.6883536377227095,-0.08524384988139033,0.19899673546482458,10,3.804815622655807,0.03121813505170712,0.2433783931363334,20,3.484218128821769,-0.2893793587823308,0.17851720213688588,21
85.0,4.1029249454386285,0.0,0.3123569244362368,10,3.8469617936705793,-0.2559631517680492,0.3179043757112158,10,4.245361356039885,0.1424364106012561,0.3054096240900211,10,4.019123280494507,-0.08380166494412133,0.3175968825278672,20,3.7595729378499465,-0.343352007588682,0.29591302320614254,21
86.0,2.05177559840141,0.0,0.15961250614464723,10,2.0725850501746015,0.0208094517731916,0.1716892426690225,10,2.051604764577157,-0.00017083382425298055,0.15970344912562925,10,2.94781734353485,0.8960417451334401,0.21030761737700646,20,2.241643922007056,0.18986832360564598,0.16521593032274665,22
87.0,2.518880013343388,0.0,0.23371152117852356,10,2.506419340011482,-0.012460673331906147,0.25564363729859996,10,2.6790304635205144,0.16015045017712648,0.20990028684646095,10,3.409418055785741,0.890538042442353,0.21568767609375755,20,2.4152895423022205,-0.10359047104116748,0.22020031721435437,22
88.0,2.1100763323148937,0.0,0.2035069735810508,10,2.1265487878568177,0.016472455541924003,0.19738408073264946,10,2.0309508562021277,-0.07912547611276599,0.21242617313966658,10,2.818441164716832,0.7083648324019385,0.20194715740551758,20,1.9260100044511772,-0.18406632786371646,0.2037170318143327,22
89.0,2.1038502359589124,0.0,0.289508308869582,10,2.316555989559513,0.21270575360060073,0.29590762675221643,10,1.9811293590383563,-0.12272087692055611,0.2971289029861815,10,2.6891834696762262,0.5853332337173138,0.30557344459762475,20,2.2955402444296698,0.19169000847075734,0.244018354640984,22
90.0,2.2362906727003433,0.0,0.18041584081302087,10,2.2505478700057076,0.014257197305364233,0.16766923478069728,10,2.2701176923904,0.03382701969005675,0.18433699045058108,10,2.8845458474633037,0.6482551747629604,0.23988980675920302,20,2.2910306004942416,0.054739927793898246,0.17236957191590332,20
91.0,4.1827164058510835,0.0,0.2985138691884015,10,4.29704215836928,0.11432575251819621,0.28837161666508393,10,4.239666619079511,0.056950213228427415,0.3265151077799769,10,4.536536259203596,0.35381985335251276,0.35142327381609656,20,3.5649546319498713,-0.6177617739012122,0.28740293760835073,21
92.0,1.8634037314179606,0.0,0.22048879144567252,10,1.9276054710172847,0.06420173959932418,0.23198165231315085,10,1.8557275431960334,-0.0076761882219271715,0.22622796991872116,10,2.7066190244602866,0.843215293042326,0.27039974928754973,20,2.4505863356632047,0.5871826042452442,0.21991157596832253,22
93.0,1.9453635526975637,0.0,0.21215672741253963,10,2.1191895173697,0.1738259646721363,0.22737594621292234,10,1.8188543307354545,-0.12650922196210912,0.2274903115673394,10,2.6918205768819243,0.7464570241843607,0.24986204595828737,20,1.9604474396022582,0.015083886904694532,0.19917670620603103,22
94.0,2.0756278426453676,0.0,0.252498829556671,10,2.149225825259299,0.07359798261393147,0.21442844371821151,10,1.9838890929232809,-0.09173874972208673,0.27512620236011215,10,2.8079160435577077,0.7322882009123401,0.2829801929251374,20,2.6603690542417042,0.5847412115963366,0.223573675504334,21
95.0,4.187589220672878,0.0,0.20806197130820506,10,3.944120132261673,-0.24346908841120518,0.2426920452286378,10,4.103725524183806,-0.08386369648907177,0.1935122891200381,10,4.2954511367975545,0.10786191612467633,0.2232583198670733,20,3.868129473557967,-0.319459747114911,0.1968436036053551,22
96.0,2.470154050077838,0.0,0.30797830091340944,10,2.714645804029201,0.24449175395136313,0.3096167901006757,10,2.3523946488955567,-0.11775940118228112,0.28080155698442205,10,3.0638174815082495,0.5936634314304117,0.2514724488559985,20,2.121484814721177,-0.34866923535666094,0.28413133547333314,20
97.0,1.7503649926236524,0.0,0.2186628767762734,10,1.8636545153831092,0.1132895227594568,0.23428955942931082,10,1.6028606714061764,-0.14750432121747603,0.2707215098352004,10,2.6184329260934205,0.8680679334697681,0.25203306680879817,20,1.7929371679805406,0.042572175356888176,0.20939576574446833,22
98.0,1.9729351800641388,0.0,0.267286533056081,10,2.129299727956836,0.15636454789269738,0.26205919437060643,10,1.8690382548101472,-0.10389692525399163,0.2687655763811792,10,2.731016605709114,0.758081425644975,0.2348762238148768,20,2.18481640502333,0.21188122495919126,0.25307010695377147,22
99.0,2.1585550923941095,0.0,0.2962989292464679,10,2.4663621677530387,0.30780707535892926,0.31959281531689115,10,1.9821740408486486,-0.1763810515454609,0.267736143758803,10,2.7336878919701024,0.575132799575993,0.21909450216631712,20,2.018196090370718,-0.14035900202339135,0.24393993240855255,20
100.0,2.0619169671067206,0.0,0.32868151272873153,10,2.12046339847619,0.05854643136946924,0.33398240233732307,10,2.012551307186389,-0.049365659920331595,0.317771229553793,10,2.690217112709837,0.6283001456031165,0.302525557636462,20,2.254324402297424,0.19240743519070325,0.3126650682679023,21
101.0,1.7715904830398783,0.0,0.2358215585682701,10,1.8797332958965403,0.10814281285666194,0.22925585141381416,10,1.7562261313389855,-0.015364351700892787,0.26554054452566916,10,2.5525665740694246,0.7809760910295462,0.2843787944178788,20,1.7095991735564402,-0.06199130948343812,0.22899824679932068,22
102.0,1.7050148675551198,0.0,0.26100833380129046,10,1.7082239274446496,0.0032090598895297973,0.24989829927348972,10,1.6415763360864741,-0.06343853146864564,0.27448238290090626,10,2.6201750211755193,0.9151601536203995,0.2484233718391299,20,2.6533214393332614,0.9483065717781416,0.25275050455753056,22
103.0,1.7260400406788707,0.0,0.2143740873145654,10,1.774990269635316,0.048950228956445185,0.1913205806741905,10,1.6220915866185537,-0.10394845406031705,0.25779568165821704,10,2.72094863411227,0.9949085934333994,0.2685886004348846,20,1.788879470680997,0.06283943000212622,0.20647200373778898,21
104.0,6.068183427398659,0.0,0.2666327073382422,10,5.485831984567534,-0.5823514428311247,0.2171465438132897,10,6.972590686730581,0.9044072593319221,0.3273800320020343,10,5.13389774110165,-0.9342856862970086,0.3093427393746275,20,4.673238012048702,-1.394945415349957,0.25739384036245555,20
105.0,3.936045816645621,0.0,0.30578032233743224,10,3.850620270452998,-0.08542554619262299,0.3016243104191491,10,4.1732805717659875,0.23723475512036662,0.3055888028771708,10,3.9147900668550237,-0.02125574979059719,0.2563029246875343,20,3.4222629228551082,-0.5137828937905127,0.2640139273452757,20
106.0,1.7749132631489253,0.0,0.2954152033310905,10,1.9213944815870312,0.1464812184381059,0.27183332757808126,10,1.6762926010717805,-0.09862066207714482,0.3371369962014982,10,2.5911224761572647,0.8162092130083394,0.31822322522498425,20,1.906408488305011,0.1314952251560857,0.2801915228458846,21
107.0,1.832796863127479,0.0,0.27796177111913967,10,1.9648894793513785,0.13209261622389956,0.2786074312352659,10,1.7026063463199008,-0.1301905168075781,0.27242771927345466,10,2.5509328122100614,0.7181359490825825,0.27832071134659253,20,1.7367460502387269,-0.09605081288875206,0.2547254167142321,22
108.0,3.450814160302871,0.0,0.18040137948269025,10,3.275471464127133,-0.1753426961757376,0.19563985538455472,10,3.4896650818538775,0.03885092155100667,0.17460203212170375,10,3.474876632555725,0.024062472252854405,0.204931074623656,20,3.4746293858026114,0.023815225499740578,0.1811856200173046,22
109.0,1.860089667118004,0.0,0.3104854092701242,10,1.8364106025298328,-0.02367906458817126,0.3197725093355999,10,1.7906366700827554,-0.06945299703524865,0.2959179053956116,10,2.6833522950304136,0.8232626279124096,0.2787640847570578,20,2.3808383011199856,0.5207486340019816,0.27679186988182314,22
110.0,2.4458898033015886,0.0,0.1826742329075854,10,2.518469642693109,0.07257983939152046,0.2012187459756891,10,2.260878216978105,-0.18501158632348336,0.16098161438625117,10,2.965428890237624,0.5195390869360352,0.1853092742640573,20,2.469563918384106,0.02367411508251749,0.16869516193025666,21
111.0,3.524235249397513,0.0,0.30158956243380947,10,3.501962620522006,-0.02227262887550685,0.2527797384063967,10,3.542151725386414,0.017916475988901226,0.3399995696759376,10,4.171080007393842,0.646844757996329,0.35110276664344564,20,3.509931372427122,-0.014303876970390927,0.2873579596687267,22
112.0,2.5986769095173403,0.0,0.23100785489731315,10,2.5611629996457657,-0.03751390987157466,0.2372334048777114,10,2.6991360333282555,0.10045912381091515,0.21321628525362263,10,3.5556740686959833,0.956997159178643,0.20251942627751324,20,2.579851483475037,-0.018825426042303306,0.21054004324629105,22
113.0,3.0886557199287097,0.0,0.20703536767758143,10,3.0694231562083814,-0.019232563720328333,0.2265436447501329,10,3.0008830926239543,-0.08777262730475544,0.19700963844149808,10,3.403298937816017,0.3146432178873071,0.24755891960584692,20,2.931682873165229,-0.15697284676348078,0.17547645514944807,21
114.0,2.167973233731281,0.0,0.20291423695933847,10,2.3573447589878564,0.18937152525657552,0.2219268068605478,10,2.0492549932942086,-0.11871824043707235,0.18782884794069318,10,2.8538514789794176,0.6858782452481367,0.1936310531029008,21,2.4116696574818035,0.24369642375052258,0.18234411596032282,20
115.0,2.5895605787333884,0.0,0.2053461363614237,10,2.5509367700993053,-0.0386238086340831,0.19358383907419827,10,2.741114245132285,0.15155366639889678,0.22269158226744312,10,3.3813507244412286,0.7917901457078402,0.22580836867015167,20,3.108501640473369,0.5189410617399806,0.20629647630037726,20
116.0,1.9117113641005947,0.0,0.27977297502328563,10,2.046269411000895,0.1345580469003005,0.3132374789289189,10,1.6439363637937383,-0.2677750003068564,0.36228039268788403,10,2.707938145072223,0.7962267809716284,0.2995784396516518,20,1.904269874641902,-0.007441489458692718,0.24464479756527358,22
117.0,3.341472657056796,0.0,0.32582079481472315,10,3.064310048862055,-0.2771626081947409,0.3076575997301377,10,3.361636390520812,0.0201637334640159,0.3385626770384781,10,4.2400984622561,0.8986258051993037,0.35612392395864795,20,3.1341896317758087,-0.2072830252809874,0.31615699844927464,22
118.0,2.315420305835489,0.0,0.23538556762642796,10,2.5212144242296293,0.2057941183941403,0.21710970755224657,10,2.1612365756778518,-0.1541837301576372,0.2322606224409648,10,2.990242096662969,0.6748217908274801,0.2751022192031302,20,2.2254679408111,-0.08995236502438875,0.180454228381819,21
119.0,3.5556279660567003,0.0,0.2425248435423193,10,3.1845854476145092,-0.37104251844219105,0.27343013926094195,10,3.722217592973748,0.1665896269170477,0.20533291469572948,10,3.986761511600102,0.43113354554340155,0.19261241345991795,20,3.214454795639917,-0.3411731704167833,0.22300782350414936,21
120.0,4.090029282176039,0.0,0.2714461385836731,10,4.246669621649473,0.1566403394734337,0.23683350143070533,10,4.1540217441736065,0.06399246199756714,0.33171782267698663,10,4.457108688814098,0.3670794066380587,0.33319844852611097,20,4.094119099396883,0.00408981722084345,0.3062461431259476,22
121.0,2.202420335108923,0.0,0.24608084494218468,10,2.2184607671209675,0.016040432012044636,0.23873973846100582,10,2.1499833678190057,-0.0524369672899172,0.2480277699279742,10,2.994129506997843,0.79170917188892,0.2866681539224211,20,2.195148013651,-0.007272321457922892,0.2292103198995801,21
122.0,2.5591952255486565,0.0,0.301719614313739,10,2.402669980309976,-0.15652524523868072,0.3180779118847668,10,2.80262074749273,0.24342552194407352,0.2867555691838001,10,3.4571496276996165,0.89795440215096,0.2396993714720039,20,3.18570907928493,0.6265138537362733,0.2818856898798149,21
123.0,1.9096691900787561,0.0,0.26924084856893743,10,2.0266405779976404,0.11697138791888428,0.2737305622670717,10,1.7871637657087809,-0.12250542436997525,0.26247064843961865,10,2.6293461151872073,0.7196769251084512,0.22254033056363656,20,2.122556640140788,0.2128874500620317,0.2658598670339888,21
124.0,3.8110975016711404,0.0,0.2358181569017473,10,3.7602274405084026,-0.050870061162737734,0.24557834657876962,10,3.608398978014331,-0.2026985236568093,0.21536300182402837,10,3.638235454830553,-0.17286204684058726,0.23876398000166119,20,3.409868219163601,-0.4012292825075394,0.24483487340395374,20
125.0,2.1595236894030045,0.0,0.2236188544949412,10,2.1334067292321537,-0.026116960170850856,0.22363945511034874,10,2.1423390957026625,-0.017184593700342088,0.22469686120538868,10,2.9284794537926206,0.7689557643896161,0.2153325180919005,20,2.213446078766065,0.053922389363060486,0.2121811044171261,21
126.0,2.2433175442575424,0.0,0.2125830175034498,10,2.2829054476793718,0.039587903421829385,0.20578575410906816,10,2.203770388496161,-0.03954715576138135,0.2236431021851635,10,2.94430964947462,0.7009921052170776,0.20660887894507482,20,2.12412605727812,-0.11919148697942239,0.20278706234270327,22
127.0,1.715790260195887,0.0,0.24026862490429252,10,1.8569029478574373,0.14111268766155027,0.27122517365747467,10,1.6080764122004807,-0.10771384799540629,0.22518609443083784,10,2.615922058784507,0.9001317985886199,0.23220950184463915,20,1.8169625991029121,0.10117233890702515,0.21018260976366626,21
128.0,2.149387437314906,0.0,0.25973029463016584,10,2.2025561226752335,0.05316868536032748,0.26584403452112493,10,2.104533504461469,-0.04485393285343697,0.25027849208313463,10,3.0181675397767798,0.8687801024618738,0.26240993395455225,20,2.738998561362534,0.5896111240476278,0.2396023411998154,21
129.0,2.63775824517985,0.0,0.19607449679952774,10,2.694618814972912,0.05686056979306198,0.19608583137961563,10,2.52404276454245,-0.11371548063740011,0.1982841911495423,10,3.1014429473747014,0.46368470219485136,0.22440514200526748,20,2.3579408096333356,-0.2798174355465144,0.19044415551948918,20
130.0,5.313030569175823,0.0,0.31336607068273115,10,5.167961394650797,-0.14506917452502588,0.3182004707210224,10,5.4511800518680475,0.13814948269222427,0.3125542117722029,10,5.274858787497412,-0.038171781678411065,0.3459103473952898,20,4.739994116013021,-0.5730364531628025,0.2578465097526384,21
131.0,2.1704395596076154,0.0,0.1602456632581486,10,2.197389255884371,0.026949696276755475,0.13541661530763502,10,2.024157502275696,-0.14628205733191946,0.2089845445816885,10,2.9098550294493886,0.7394154698417732,0.2279072521870974,20,2.3060040180641788,0.1355644584565634,0.17266322510035575,21
132.0,1.9603874802218246,0.0,0.22412853371777353,10,1.9859331224713972,0.025545642249572564,0.23272654206005716,10,1.9864745672621251,0.026087087040300494,0.20745179701313327,10,2.736066640698919,0.7756791604770943,0.25562233164624665,20,2.006296210730979,0.04590873050915456,0.2015609024028487,21
133.0,1.8443080939767622,0.0,0.1907622240666374,10,1.9571910678642703,0.11288297388750812,0.19250763806443114,10,1.7719218633291454,-0.07238623064761684,0.20104501613412162,10,2.656484848580469,0.8121767546037066,0.25684827219709655,20,2.236287836580225,0.3919797426034628,0.22177730009580596,21
134.0,6.1939560850237125,0.0,0.2431400364315412,10,6.009684199785174,-0.18427188523853832,0.2204394113522869,10,6.460197429082152,0.26624134405843947,0.25451535441281836,10,5.173823534641963,-1.0201325503817493,0.24835810498809324,20,5.175739546900745,-1.0182165381229673,0.23729045075616156,22
135.0,2.0139446778875802,0.0,0.19015471168455025,10,2.040376919362732,0.026432241475151663,0.18452331056108986,10,1.9791723324015114,-0.03477234548606889,0.18987735650648807,10,2.7232484718369987,0.7093037939494184,0.23084020390375318,20,2.3954436084384945,0.3814989305509142,0.19213573077948984,21
136.0,1.7605188883215752,0.0,0.2411903996858171,10,1.8214454145955299,0.06092652627395467,0.22940589820539278,10,1.7486782581784737,-0.01184063014310155,0.23841272287371912,10,2.536853786308102,0.7763348979865268,0.26932557982367017,20,1.8698339645334778,0.10931507621190262,0.213774442145647,21
137.0,1.8501992216078316,0.0,0.30299421514433506,10,1.9688487579658163,0.1186495363579847,0.32293566246699423,10,1.7110427432072084,-0.13915647840062317,0.2791520589313663,10,2.6105817316995137,0.7603825100916821,0.23935781716911783,20,1.9845388568782822,0.13433963527045067,0.2695763109645356,21
138.0,2.219351822458516,0.0,0.26654457194901615,10,2.3850660751128365,0.1657142526543205,0.27341814564211697,10,2.1529769208535288,-0.06637490160498727,0.2428697977500943,10,2.8883691532949296,0.6690173308364136,0.2556744785733179,20,2.1160511954683265,-0.10330062699018949,0.26054105290679436,20
139.0,2.563769257555539,0.0,0.23824979593381382,10,2.8283305979044866,0.26456134034894774,0.24426360477048037,10,2.4359094674440014,-0.12785979011153747,0.23018335547597166,10,3.154901921413885,0.5911326638583461,0.2818679956339001,20,2.3696005538240885,-0.19416870373145034,0.20571601293672848,21
140.0,2.2832561435760512,0.0,0.18977526177848617,10,2.39900536055443,0.11574921697837892,0.24340754651179972,10,2.181133168093112,-0.10212297548293936,0.1618470959913642,10,3.0554582056323105,0.7722020620562593,0.2152329441909939,20,2.114694718767391,-0.1685614248086602,0.16828600179653502,22
141.0,2.0428793571941344,0.0,0.2786452430030203,10,2.1082602830778616,0.06538092588372724,0.3008009315607996,10,1.9283561086783436,-0.11452324851579077,0.24724898944246262,10,2.755813546177828,0.7129341889836938,0.22776918704722135,20,2.49274096773158,0.4498616105374458,0.24999337694928395,21
142.0,3.295880767449356,0.0,0.18431930718048342,10,3.055031775012654,-0.24084899243670188,0.19739042314266952,10,3.305506458530151,0.009625691080795029,0.16605679146435892,10,3.6682036193434997,0.3723228518941437,0.21261327034725558,20,3.017364322424782,-0.27851644502457384,0.1788304899717809,21
143.0,4.015192313649848,0.0,0.30851595975077933,10,3.4143644203308505,-0.6008278933189977,0.2703913913623592,10,3.881437515762847,-0.13375479788700106,0.3364369291800903,10,4.245651041054232,0.23045872740438345,0.34258301558316506,20,3.386167321089277,-0.6290249925605713,0.2699860534740496,22
144.0,5.393832641453048,0.0,0.3042356635012459,10,5.375001571498676,-0.01883106995437167,0.2353552684439558,10,5.29394008516018,-0.09989255629286742,0.3297814490236147,10,5.457770165634881,0.06393752418183318,0.34686025625437095,20,5.5505756689139405,0.15674302746089275,0.31821420561885017,22
145.0,5.441351925111901,0.0,0.23597308173211534,10,5.807333501338111,0.3659815762262104,0.2399501340406282,10,5.789505273236916,0.34815334812501497,0.2649612630008463,10,4.488322291721898,-0.9530296333900026,0.2399248494262695,20,4.408853122835037,-1.032498802276864,0.22929140454489805,22
146.0,3.467345215223934,0.0,0.21532989927375112,10,3.4797628794057767,0.012417664181842536,0.21847800617520882,10,3.4616722405397056,-0.00567297468422856,0.21916137779750336,10,3.9261863383040323,0.45884112308009817,0.1925064505783569,20,3.432495194536033,-0.03485002068790122,0.21875652785905148,21
147.0,2.488287792488893,0.0,0.1378686467201254,10,2.3597430960829957,-0.12854469640589716,0.1601720316869517,10,2.6660855520513307,0.17779775956243782,0.11906180147183117,10,3.3986642160029263,0.9103764235140335,0.1729917569450638,20,2.379802401969669,-0.10848539051922401,0.12279941042902805,21
148.0,2.038574942570226,0.0,0.19073394429091234,10,2.133390788073543,0.09481584550331723,0.19806116373861193,10,1.9036027617088047,-0.13497218086142126,0.18120302335250849,10,2.7797483057059598,0.7411733631357338,0.22078021516875118,20,2.0161540148421717,-0.022420927728054263,0.19520109887153397,20
149.0,2.498782281180796,0.0,0.22900122958912583,10,2.5358511817904876,0.03706890060969181,0.23891884292980994,10,2.344437171219309,-0.15434510996148676,0.24043949901832443,10,3.0084223564929715,0.5096400753121757,0.27197330664016794,20,3.002001603476253,0.5032193222954571,0.21253892200191415,21
150.0,2.297366281679274,0.0,0.2645312155428466,10,2.393483405285069,0.09611712360579494,0.270011666212222,10,2.313209817390215,0.015843535710941214,0.24282957287534265,10,2.921933090896394,0.6245668092171202,0.27761586402356403,20,2.203727632056069,-0.0936386496232049,0.23456458335835317,20
151.0,1.9807058246910874,0.0,0.3682028474572141,10,2.115789060144694,0.13508323545360668,0.37831284794849007,10,1.8542249813829041,-0.1264808433081832,0.3530069148234731,10,2.7293045835284824,0.748598758837395,0.30065821561478956,20,2.1806443027231848,0.1999384780320974,0.32099319368936613,22
152.0,1.7604659599636152,0.0,0.22444873105962107,10,1.865234644309184,0.10476868434556885,0.23688639386388038,10,1.6952409353991638,-0.06522502456445145,0.21203719726473863,10,2.6172594548520576,0.8567934948884424,0.24110563762185744,20,2.0783349039351404,0.3178689439715252,0.2162045879235734,21
153.0,4.979809627714266,0.0,0.23832275925292346,10,5.18005340142949,0.20024377371522384,0.23798612249683804,10,5.2750467074645195,0.2952370797502537,0.2715481114377884,10,4.472260851303024,-0.5075487764112419,0.277160631575822,20,4.325135001596113,-0.6546746261181529,0.2237514348393387,21
154.0,2.0179868478625504,0.0,0.24361615913173798,10,2.0842615592749563,0.06627471141240582,0.2628871382051278,10,1.8744415907083087,-0.1435452571542417,0.2229123632284588,10,2.6957111908278906,0.6777243429653401,0.2259196824239108,20,2.052106469980971,0.034119622118420345,0.22736638939246318,20
155.0,2.070315786871169,0.0,0.20640168687079197,10,2.17863159722715,0.10831581035598115,0.20766157179785297,10,1.9788521540768613,-0.09146363279430769,0.20246624132283508,10,2.766206940256935,0.6958911533857659,0.19555840658010193,20,2.2638907832571484,0.19357499638597941,0.218024309147708,21
156.0,5.601423338365872,0.0,0.25047980326366104,10,5.390542691597418,-0.21088064676845342,0.2643356503214782,10,6.08743371285855,0.48601037449267803,0.24227304856738127,10,5.58068445957118,-0.02073887879469183,0.3129501477542641,20,4.880326931983908,-0.7210964063819638,0.21814242953050145,21
157.0,4.113352630729748,0.0,0.2117436615126602,10,4.04978286338964,-0.06356976734010811,0.18135121704253626,10,4.306480972473679,0.19312834174393068,0.23106019076603798,10,4.634260085516443,0.5209074547866948,0.30017371726304093,20,3.4911197463659787,-0.6222328843637697,0.23807276304851716,20
158.0,2.05168378028211,0.0,0.202268135650298,10,2.1656257054182144,0.11394192513610424,0.21204044874756806,10,1.9425828575581385,-0.10910092272397165,0.19025959759828645,10,2.7676540474633495,0.7159702671812394,0.21943374538964697,20,2.3400624772701173,0.2883786969880071,0.1813344245187531,21
159.0,1.8219535447573816,0.0,0.15678741544126626,10,1.9545524443239795,0.13259889956659787,0.1626620630894667,10,1.7598870579799852,-0.062066486777396346,0.1537527119791869,10,2.660849647240264,0.8388961024828823,0.2140535256998563,20,2.26113945561802,0.43918591086063863,0.15903324237392313,20
160.0,2.252882798534516,0.0,0.17895301347609313,10,2.2951954531670733,0.0423126546325574,0.19097973866186965,10,2.168843083676098,-0.08403971485841799,0.19386779308945404,10,2.914595336978223,0.661712538443707,0.25168539517009375,20,2.388545212068741,0.13566241353422503,0.16301006392398057,22
161.0,2.262287253546116,0.0,0.25096650655244485,10,2.3923390788612386,0.13005182531512283,0.2687617966512832,10,2.1395820564025576,-0.12270519714355821,0.24268385779941345,10,2.895815267357752,0.6335280138116364,0.2203365527817018,20,2.0056909491195096,-0.2565963044266062,0.24197918132189272,22
162.0,2.4912265161277216,0.0,0.16698390407800587,10,2.509144116867353,0.017917600739631556,0.17074474622142047,10,2.309037137781026,-0.18218937834669546,0.1525242848807608,10,2.887830763621808,0.3966042474940865,0.2134554685568903,20,2.218770968931555,-0.2724555471961665,0.1714041866455615,22
163.0,5.522648984087101,0.0,0.22640423246027253,10,5.16326881326761,-0.3593801708194908,0.2468558898300297,10,6.178301430173837,0.6556524460867363,0.2205921111693096,10,4.791480678196315,-0.7311683058907859,0.21086489043131776,20,5.539836894860882,0.01718791077378068,0.21055181371322948,21
164.0,6.316883292093664,0.0,0.33635871145518287,10,6.411399355340509,0.09451606324684558,0.3188903974526072,10,6.9104494682138515,0.5935661761201878,0.3842617656853832,10,5.868382001812483,-0.4485012902811807,0.367931129042172,20,5.841890728037894,-0.4749925640557695,0.3110844686383,21
165.0,2.533853569158309,0.0,0.16201559412785613,10,2.4970663654691636,-0.03678720368914545,0.16165989939645836,10,2.6143512117882524,0.0804976426299433,0.16221597459415277,10,3.4134227508483512,0.8795691816900422,0.16262504611422718,20,2.517312409976221,-0.016541159182088094,0.17180411993023909,22
166.0,2.2008870456933782,0.0,0.2360692446414782,10,2.297834995836348,0.09694795014296975,0.2653930922938521,10,1.9573433453503841,-0.2435437003429941,0.1953587486232737,10,2.664664633696124,0.46377758800274593,0.21366372995356178,20,2.5159262762097385,0.3150392305163603,0.22994674076469795,22
167.0,2.69669148417141,0.0,0.25500317425934976,10,3.3124639155694475,0.6157724313980375,0.28667114319565495,10,2.2891006211963796,-0.40759086297503044,0.22190161086497515,10,3.0476909431585564,0.35099945898714635,0.23599730240498362,20,2.1907567525609473,-0.5059347316104628,0.22164625654519884,21
168.0,4.488035285081423,0.0,0.24206734715581985,10,4.5995111020679404,0.1114758169865171,0.2410226245611052,10,4.4257761813963254,-0.062259103685097905,0.2942567210530494,10,4.669838089167163,0.18180280408573957,0.2979462332408386,20,4.19199506190918,-0.296040223172243,0.23968432419434155,21
169.0,3.4089850585928705,0.0,0.15017538786666035,10,3.1208680543962846,-0.2881170041965859,0.16786682292806637,10,3.558777036090172,0.14979197749730133,0.15857382531616177,10,3.489725504287824,0.08074044569495342,0.2066560043973456,20,2.8881748254804918,-0.5208102331123787,0.1915288585649848,22
170.0,4.47831105599281,0.0,0.32355873255360473,10,4.430079313827122,-0.048231742165688374,0.3215230089556582,10,4.9260053662515,0.4476943102586901,0.34063939039405217,10,4.815834611934682,0.3375235559418721,0.37137902878258555,20,4.03787614767903,-0.4404349083137804,0.30996384267901284,20
171.0,3.1707251174352007,0.0,0.24985860248295713,10,3.06614629240555,-0.10457882502965088,0.24963701056503987,10,3.2151260670395407,0.044400949604340045,0.23918755236659608,10,3.551768535233188,0.38104341779798734,0.20897266726474106,20,2.966287974668688,-0.2044371427665128,0.2437626907099062,21
172.0,2.0260493627510745,0.0,0.2874652467045863,10,2.2083729343916603,0.18232357164058577,0.2939389136357208,10,1.83330724149145,-0.19274212125962453,0.2587442978045376,10,2.6655995083029294,0.6395501455518549,0.2294627593198004,20,1.9938802217062812,-0.03216914104479329,0.25489718929296235,22
173.0,1.7839066786465048,0.0,0.20842930544438298,10,1.8980159702315265,0.1141092915850217,0.2255880844281195,10,1.7042933876196042,-0.07961329102690051,0.19017948526397452,10,2.687294291193405,0.9033876125469003,0.24369682328017606,20,2.777922618986841,0.9940159403403364,0.2026554039320811,22
174.0,1.9595044590709119,0.0,0.22120280040486714,10,1.8905676671211278,-0.06893679194978408,0.26633562748675754,10,2.0416191235392374,0.0821146644683255,0.183653331156808,10,2.7997719509546686,0.8402674918837567,0.19599323784928713,20,2.2700357610939847,0.3105313020230729,0.2079675698302915,22
175.0,2.3838943408739643,0.0,0.2994567083524137,10,2.5608013037770454,0.17690696290308106,0.3072372206388497,10,2.3006977385173117,-0.0831966023566526,0.2956792562565361,10,2.9544503778760176,0.5705560370020533,0.24885067944377776,20,2.0276264538867528,-0.35626788698721157,0.26120808164330683,22
176.0,2.038555344026151,0.0,0.21958892416268258,10,2.203435545052477,0.1648802010263264,0.2287512005003182,10,1.8489774983475706,-0.18957784567858016,0.2097315574307318,10,2.666677959022581,0.6281226149964301,0.24519502073128102,20,1.988536904501484,-0.05001843952466678,0.19761513646459775,21
177.0,2.6852790668962245,0.0,0.23704990082932853,10,2.54857879580546,-0.13670027109076432,0.25218857241766063,10,2.813464097161488,0.1281850302652634,0.22753376051131521,10,3.2822129354162386,0.5969338685200141,0.2609236055893868,20,2.6635050205254314,-0.021774046370793165,0.2159399398236586,21
178.0,2.786023521497263,0.0,0.22319181296669297,10,2.760601928442625,-0.02542159305463798,0.25090579028753535,10,2.804272415685479,0.01824889418821618,0.1781055889935771,10,3.2553037051227895,0.4692801836255267,0.19372349051410365,20,2.4085197818720663,-0.37750373962519657,0.18316917997882992,21
179.0,2.1121779313468556,0.0,0.2568425761626769,10,2.135248237956449,0.023070306609593416,0.2603821010834572,10,2.008848702189178,-0.10332922915767773,0.23640262846165477,10,2.6347042862727235,0.5225263549258679,0.20818833575026974,20,2.31333802794276,0.2011600965959044,0.24695081593152388,22
180.0,2.207624013103732,0.0,0.24776633936294767,10,2.3335963479444572,0.12597233484072534,0.26549653392527756,10,2.0642527893513503,-0.14337122375238165,0.272730476877359,10,2.7945383658874654,0.5869143527837335,0.29028464225489065,20,2.355793385750293,0.14816937264656094,0.23785580839657725,20
181.0,3.083583107431,0.0,0.20091615369534935,10,2.9735166837420732,-0.11006642368892683,0.19224412589341486,10,3.125007129418703,0.0414240219877029,0.21607893458746757,10,3.400290204156922,0.316707096725922,0.25253653243226204,20,3.0949875914326044,0.01140448400160432,0.2345202888804637,21
182.0,2.0058637646193676,0.0,0.3018297285753333,10,2.211257433443198,0.20539366882383048,0.33987687266883354,10,1.9604134083847613,-0.04545035623460625,0.257614809809178,10,2.7046254953465056,0.6987617307271381,0.25816898803414357,20,1.9608182567942671,-0.04504550782510042,0.2561397730219897,22
183.0,1.7782308341333357,0.0,0.2833786419488174,10,1.804724676468679,0.026493842335343354,0.2632937536896982,10,1.6915625328199135,-0.08666830131342218,0.2983084158065488,10,2.674974730884278,0.8967438967509425,0.2426045253506178,20,2.576864554199627,0.7986337200662914,0.23715732123398942,22
184.0,1.9745618444667337,0.0,0.20615151425885891,10,2.0650127190616456,0.09045087459491197,0.2087763167526171,10,1.9259830469144978,-0.04857879755223582,0.19931224134237055,10,2.627362680946563,0.6528008364798292,0.2172124175052427,20,2.0216176022031713,0.047055757736437664,0.20120027922152725,20
185.0,1.8700994461780005,0.0,0.2628980066094405,10,1.9829999121776074,0.1129004659996069,0.22368797930743256,10,1.803871544069128,-0.06622790210887253,0.298568219288833,10,2.7042121337308553,0.8341126875528548,0.3096539076885471,20,2.065723723261301,0.19562427708330032,0.23543261588870323,21
186.0,2.0202056176976004,0.0,0.2773016509089149,10,2.1569426422534566,0.13673702455585612,0.2839784522008827,10,1.8666760997720913,-0.15352951792550917,0.2561022681755743,10,2.7958269708929624,0.775621353195362,0.23813895814066982,20,1.8413516028351025,-0.17885401486249797,0.239863734879174,21
187.0,3.132053573771726,0.0,0.2598018927538495,10,3.553001419569312,0.4209478457975857,0.27195712093153973,10,2.6507905527384845,-0.4812630210332416,0.3110272052071014,10,3.249510679286592,0.1174571055148661,0.26577148347242013,20,3.505048415314669,0.3729948415429427,0.22710364384616288,22
188.0,2.2265279862875738,0.0,0.19458947151422404,10,2.2712834010837195,0.044755414796145754,0.20923445071739907,10,2.1621930495252557,-0.06433493676231805,0.18834786170922332,10,2.910318778777421,0.6837907924898472,0.19748146296167365,20,2.107022647439664,-0.11950533884790993,0.20496832083318428,21
189.0,2.0562303892955334,0.0,0.2030198429304545,10,2.0730470980171063,0.016816708721572926,0.17473781784927792,10,1.8622747278992655,-0.19395566139626785,0.2869611468675225,10,2.7936235608792668,0.7373931715837334,0.2682619696530071,20,2.034645609516243,-0.021584779779290297,0.17771760997277225,22
190.0,2.1697346680408622,0.0,0.16795024205706835,10,2.2786685272550096,0.10893385921414733,0.16064861035991237,10,2.0885754590715977,-0.08115920896926454,0.16608762171157498,10,2.8777368336289095,0.7080021655880473,0.15895210489560177,20,2.695455663460291,0.5257209954194288,0.16943208512333743,22
191.0,2.943263797413776,0.0,0.34253314180321137,10,2.925442683088706,-0.017821114325069942,0.3629118794004693,10,3.0584132631633913,0.11514946574961549,0.32905245519073995,10,3.594306517365785,0.651042719952009,0.2735166042482905,20,3.724859756616456,0.7815959592026802,0.26535867739547575,21
192.0,1.912468753531965,0.0,0.20267342471667102,10,1.9182140069922216,0.00574525346025645,0.20552509743231043,10,1.9154893559024535,0.003020602370488401,0.19284225506266042,10,2.5780569939742266,0.6655882404422615,0.18654065208458417,20,2.2842252424265586,0.37175648889459345,0.19893932270779752,20
193.0,3.2762974797727247,0.0,0.14063385618704838,10,3.1219874169688753,-0.1543100628038494,0.1413237743700289,10,3.539086441048694,0.2627889612759695,0.14019257706293245,10,3.490032819060467,0.21373533928774213,0.13894894034035987,20,3.2468147011712833,-0.02948277860144133,0.13627912324082725,20
194.0,2.464126050415369,0.0,0.20902157935239793,10,2.391285165859228,-0.07284088455614102,0.20866798982684412,10,2.3689812749215773,-0.09514477549379174,0.20147246110454559,10,3.0051593731266197,0.5410333227112507,0.2357630573660292,20,2.2962342823183874,-0.1678917680969816,0.20937419952613687,21
195.0,2.0650365489931914,0.0,0.2509192078496437,10,2.1955340376910746,0.13049748869788313,0.23744180272725163,10,1.9694648679623699,-0.09557168103082159,0.24792476304639094,10,2.7826752928926157,0.7176387438994243,0.218379479568848,20,1.8965503734153153,-0.16848617557787615,0.25474510784375615,22
196.0,4.3723892532724555,0.0,0.30500268912653217,10,4.795777000287502,0.4233877470150462,0.27415611980233806,10,4.681634385201304,0.30924513192884806,0.3407435543511846,10,4.147997616775448,-0.22439163649700777,0.3254189422567545,20,4.335944834246067,-0.036444419026388175,0.28074030923090865,21
197.0,2.0736927261373896,0.0,0.1807146415640789,10,1.9977705641358807,-0.07592216200150892,0.17119307563495026,10,2.0891870201253298,0.015494293987940111,0.22872555983753826,10,2.8048450282240633,0.7311523020866737,0.2475588258027007,20,2.3299237772525725,0.25623105111518285,0.16430465405988026,20
198.0,2.782340782504193,0.0,0.1960567364173112,10,2.6180380296062262,-0.1643027528979668,0.20736253226926057,10,2.9890769127233145,0.20673613021912152,0.18608445734648224,10,3.4974493676294065,0.7151085851252135,0.18368064535865994,20,3.2166719733343156,0.4343311908301226,0.18531371302122587,20
199.0,2.350028411778039,0.0,0.20688567845953817,10,2.3593410034583697,0.00931259168033094,0.2036814795519949,10,2.150471441355493,-0.19955697042254572,0.20807074483872762,10,2.9386912682927853,0.5886628565147465,0.25281666805208847,20,2.128463498318841,-0.22156491345919793,0.20059242688390194,22
