portfolio,drift_ret,drift_vs_drift,drift_mdd,drift_tax,drift_turn,annual_ret,annual_vs_drift,annual_mdd,annual_tax,annual_turn,quarterly_ret,quarterly_vs_drift,quarterly_mdd,quarterly_tax,quarterly_turn,band20_ret,band20_vs_drift,band20_mdd,band20_tax,band20_turn,cap25_ret,cap25_vs_drift,cap25_mdd,cap25_tax,cap25_turn
0,6.118990206318497,0.0,0.2497336095368978,0,1.0,5.606253813867561,-0.5127363924509357,0.27475984615435667,79738.50844436974,10.482903983791653,3.9522151479114864,-2.1667750584070107,0.2782629703727122,54584.96815489991,10.528813619707957,3.631504471423157,-2.487485734895339,0.2847549302175239,67012.56577036816,14.456860730273432,4.693861511043556,-1.4251286952749407,0.2497336095368978,53436.65408082612,6.382994812259564
1,8.015803536269434,0.0,0.4251007870086436,0,1.0,5.254434048151016,-2.761369488118418,0.37718566195507114,69995.44035123519,9.309026716799861,3.97132886529623,-4.044474670973204,0.39657683286064466,57600.18768894491,11.35979606823051,3.7594414679000163,-4.256362068369418,0.3883594100097605,63151.739779319265,14.918551958364494,5.310501178556237,-2.705302357713197,0.355198644134503,53285.03855566618,6.2363768010107785
2,5.084572524375301,0.0,0.3323922985059482,0,1.0,5.4455691473290315,0.3609966229537304,0.34253234310416447,75729.4999972652,10.218105336861683,3.768662857271992,-1.3159096671033086,0.3345323617798539,46478.70159644361,9.633851378954981,3.588740243894459,-1.495832280480842,0.33714368224746183,58482.16752480602,13.02929888669436,3.7535936329359885,-1.3309788914393121,0.3323922985059482,39682.973576641845,4.906345774211732
3,2.3773490046555636,0.0,0.4021718282412979,0,1.0,3.168101923624471,0.7907529189689079,0.42480324778028355,25414.26866450863,5.850039883051469,2.771947225684606,0.39459822102904263,0.4432213081977647,28520.30345673414,8.518251590681832,2.6277376721221994,0.2503886674666358,0.4499557723271282,39839.401487204064,11.84657315091085,2.237412414594136,-0.13993659006142756,0.4021718282412979,9076.732924181742,2.036304744565064
4,9.172006142765138,0.0,0.3561886190325363,0,1.0,6.520902731512666,-2.651103411252472,0.3119296423437696,63917.93001105684,8.959831629132164,5.504375133326969,-3.6676310094381694,0.3259386345466513,76271.8742623413,13.345528165467128,5.867603090513852,-3.3044030522512853,0.3275603462116371,108080.41598353066,24.89518101801306,7.736996121253659,-1.4350100215114794,0.30213630168893973,52256.361414909756,5.662599964111708
5,1.0485605467766321,0.0,0.3424179792514294,0,1.0,1.4704687882040122,0.4219082414273804,0.31857136345129083,11713.14265158116,4.331201760163699,1.1860439204625108,0.13748337368587904,0.33323357999143455,13454.70896029126,6.293475500476692,1.3027925240223293,0.25423197724569735,0.33649506491656883,17973.720167718555,9.66456469695127,1.1369773432424455,0.08841679646581353,0.3313187060939442,2086.2164369871757,1.561218030993171
6,1.4055321067686921,0.0,0.41205085275224007,0,1.0,1.6505647118305227,0.24503260506183056,0.344086735732796,18896.008691695304,4.852280156573612,1.458724563628146,0.05319245685945381,0.337164759379649,23208.346783142744,7.544363695541469,1.4886178004648332,0.08308569369614095,0.33406929835671234,24799.101256975275,9.57711570459871,1.4433365656289685,0.03780445886027621,0.4015191029220879,560.3717802446562,1.156397339719435
7,1.8558861522540644,0.0,0.3378151781267631,0,1.0,2.014792369644979,0.15890621739091468,0.3372699352819564,11931.38483894415,3.7405440729009407,1.8586134270222838,0.002727274768219795,0.3449643403255849,18530.754945642704,5.750226578088779,1.934534707528687,0.07864855527462263,0.3435652412687347,22616.271319477535,6.617856627186564,1.8558861522540644,0.0,0.3378151781267631,0,1.0
8,1.4710163648849544,0.0,0.41869413468868993,0,1.0,1.5046954964784134,0.03367913159345888,0.422812518706212,7684.332494949542,3.602777964082585,1.3598458247679477,-0.11117054011700704,0.4248575700218844,11210.760279187916,5.167710882113439,1.3828524451107902,-0.08816391977416439,0.43013490292727474,13747.940612453907,5.571738974630394,1.4693202873076618,-0.0016960775772927445,0.41869413468868993,223.89324317271945,1.040421548321023
9,2.8943834680282907,0.0,0.3186814083566548,0,1.0,3.498566981824365,0.6041835137960746,0.35442779631776256,21560.02608424287,5.07508630896183,3.139770820381867,0.24538735235357656,0.3637860494868646,34025.25361511379,8.149647969088491,3.1069881043196936,0.21260463629140286,0.3687216888711176,42350.37128635895,10.099374575567408,2.8943834680282907,0.0,0.3186814083566548,0,1.0
10,5.736255188505587,0.0,0.39673631927916747,0,1.0,4.638696057904433,-1.097559130601154,0.3880173323466676,48706.85983438218,7.420701612566983,3.7459369456920886,-1.9903182428134985,0.39885863889987183,37120.73603100672,8.312551450549321,3.5930577079965893,-2.1431974805089977,0.4075699290607438,46661.806554635106,11.021816527487799,4.928511166480164,-0.8077440220254228,0.39673631927916747,45316.98425402182,5.81396463519835
11,7.3930200420982235,0.0,0.36089268985658357,0,1.0,2.8900105607106252,-4.503009481387598,0.3360987189161376,36008.80310604958,6.4101028548292005,2.370300384530197,-5.022719657568026,0.348740983595,40623.432172694214,8.991557742593306,2.5100246739191094,-4.882995368179113,0.35890572367986523,52121.65273876613,12.98476861269444,3.6976029318547994,-3.6954171102434232,0.2985094977535459,40515.38595429875,4.962668622267115
12,5.566966540996591,0.0,0.39436614308399787,0,1.0,3.1820227215432473,-2.3849438194533445,0.33651408945337397,39966.66711647519,6.712353489219896,2.6144484171551,-2.9525181238414917,0.34864249558972127,36596.78694854372,8.739121993722787,2.852665595923822,-2.71430094507277,0.34650360844924255,47381.85066023787,15.342725805509009,3.3370587025330325,-2.2299078384635593,0.3327290537406276,31915.875568387102,4.345055157122956
13,1.854433110498992,0.0,0.35905517995352,0,1.0,2.2156926160269923,0.3612595055280003,0.37353994293635345,15270.874323244307,4.349327635468046,2.077290331231872,0.22285722073287995,0.3836182213758438,22950.20589368822,6.854424486526027,2.154293234941021,0.29986012444202903,0.38202148373772155,35218.289561843354,10.341521794470934,1.9236656935392071,0.06923258304021496,0.35905517995352,2703.2984298524316,1.2661982460411187
14,4.356131085505636,0.0,0.34596040074589646,0,1.0,4.519721012957078,0.16358992745144177,0.381885441635988,56722.29165032858,8.240043764505234,3.1426168332413527,-1.2135142522642832,0.39734106645927486,33619.513602480416,7.768031616532423,3.041522902186421,-1.3146081833192147,0.40369894482191565,46771.65198860631,10.975138558643527,3.260486391625638,-1.0956446938799973,0.34596040074589646,32436.79707256136,4.180959537948403
15,1.538820500216545,0.0,0.3879776456821916,0,1.0,2.5784608985017425,1.0396403982851978,0.385603682538062,19259.639698089002,5.093392791172966,2.1077519307755916,0.5689314305590468,0.41599563511213383,22051.557336675643,7.456723054015294,2.214211457759276,0.6753909575427309,0.42309311590857646,31421.94148788756,11.536186652780106,1.538820500216545,0.0,0.3879776456821916,0,1.0
16,3.945962819018277,0.0,0.42270047171228853,0,1.0,3.2240966384225986,-0.7218661805956775,0.43573593831286467,34269.416107936624,5.897222037305552,2.6343069472490965,-1.31165587176918,0.44084014724853604,29987.632116577897,7.546105836931015,2.5547024276646906,-1.391260391353586,0.4375043934486469,42365.95926505853,11.194929165336292,2.7980650728662844,-1.1478977461519924,0.42270047171228853,25673.243982046748,3.6513791958315975
17,0.9550047498805536,0.0,0.4726389583450772,0,1.0,1.451137193223667,0.4961324433431134,0.4865576338955732,10144.351174185394,4.098690320269207,1.2272268066539889,0.2722220567734353,0.504961000028208,13853.776722452596,6.266321450401924,1.3301108109004778,0.3751060610199242,0.5047505757971891,21070.517274402588,9.348288777526719,0.9550047498805536,0.0,0.4726389583450772,0,1.0
18,7.11426053162414,0.0,0.32028642128969503,0,1.0,5.223645661944408,-1.8906148696797318,0.34390491742242996,51559.60462801078,7.820106276399832,4.391332675592011,-2.722927856032129,0.36527574218503245,57909.90515572019,11.19258956785614,4.527832846942196,-2.586427684681944,0.37574070851207547,74619.72182085775,17.11000285237838,5.426116081290008,-1.6881444503341325,0.3188531041345144,32958.343046167254,4.177793926445873
19,2.185869643133982,0.0,0.38993033833918,0,1.0,2.5252434484749693,0.33937380534098777,0.38345596782291735,15016.820069418784,4.525439719706966,2.2386562256141653,0.05278658248018357,0.3836598260376541,21618.778635118433,6.893546408243891,2.19957682959393,0.013707186459948425,0.3922144801939495,26805.95726647121,8.539888045843,2.185869643133982,0.0,0.38993033833918,0,1.0
20,4.665351252078964,0.0,0.2872063673438372,0,1.0,3.4106732396404826,-1.2546780124384822,0.2919113305154831,45755.19948937539,6.726891886573897,2.418802125010216,-2.2465491270687488,0.2961134372755299,32033.76076842117,7.504868714642822,2.3808623441106755,-2.284488907968289,0.2986830838480812,36532.72200229614,10.31634305539391,3.179133125215224,-1.4862181268637407,0.2872063673438372,39850.33438366245,5.511806976061326
21,4.050874293122031,0.0,0.3843648077290645,0,1.0,3.6225523060587212,-0.4283219870633102,0.3989218552128538,50133.40763821169,7.924208996463483,2.7285136740824116,-1.32236061903962,0.4206430548125221,36009.65010201571,8.813013158601056,2.649623203381588,-1.4012510897404433,0.41810373173799,45261.42396776499,13.37454548529943,2.930446950365747,-1.1204273427562845,0.3843648077290645,26650.40233463755,3.7815349727301024
22,3.674384153212361,0.0,0.34381567457424006,0,1.0,2.8199056115720915,-0.8544785416402692,0.3437960663460048,18565.823407315344,4.509183171405593,2.510847930413642,-1.1635362227987183,0.34581100765581696,26354.68578769147,6.745941736943807,2.6389238936724584,-1.0354602595399023,0.33915269322287267,42733.821869130006,10.231758429337324,3.1395676192638744,-0.5348165339484863,0.34381567457424006,17083.991910651726,3.0748274249017267
23,1.2538268703565265,0.0,0.33886829335964724,0,1.0,1.9662989558517405,0.7124720854952137,0.3151257687139948,20502.24658700142,4.855585121140764,1.64335916729963,0.38953229694310315,0.3157652747299135,22463.923471998478,7.665530680608202,1.5549333873302893,0.3011065169737628,0.3148237232348346,26051.23985136111,9.711044065997426,1.3514237624033787,0.09759689204685186,0.3151353719519721,892.8153050482538,1.1775410358154343
24,4.17352568064369,0.0,0.3856997702081098,0,1.0,3.5843912650991463,-0.5891344155445433,0.41702673214062247,39519.96008251055,6.762057931763766,2.8722222065128316,-1.301303474130858,0.45463774591796574,36738.50663928033,9.059251870818166,3.121383794672025,-1.0521418859716645,0.45906671164641905,54176.53256875018,16.07854474945779,3.2046734008904894,-0.9688522797532008,0.3856997702081098,27003.77721318303,3.678611583173097
25,7.840970321684885,0.0,0.3408214689729573,0,1.0,6.52702698573883,-1.3139433359460544,0.3540050047694177,80009.03942508642,10.230989844215175,5.114361640989969,-2.7266086806949157,0.36050071076508605,61976.99379154417,10.830363199473572,4.9604013966174305,-2.880568925067454,0.3683567887216846,67677.59567013133,13.661540413277127,6.598360468628073,-1.2426098530568124,0.3408214689729573,53167.932444217855,5.812953782133882
26,8.53114656656165,0.0,0.3891278961016345,0,1.0,4.704182132141705,-3.8269644344199447,0.2654484040032921,77471.56829717394,9.922862025159707,3.18732339410902,-5.3438231724526295,0.2561165353878606,51489.43280188607,9.857255307607863,3.185918451134592,-5.345228115427059,0.2507760347739144,55876.61360764425,14.137241906163528,5.382875528063288,-3.1482710384983625,0.2947552967660113,65455.35407075034,7.912333922640199
27,1.0151416849440982,0.0,0.363850318075336,0,1.0,1.0726742332741814,0.05753254833008337,0.37087332620533114,8740.084611730854,3.5383634349465534,0.9976495986845819,-0.017492086259516364,0.37315253065364173,12288.360670915126,5.490591088608737,1.0517559819269136,0.03661429698281514,0.37390330110132297,14040.600548938732,6.595135384106239,1.0151416849440982,0.0,0.363850318075336,0,1.0
28,2.0359866044439183,0.0,0.320242589219053,0,1.0,2.0090691688074247,-0.02691743563649361,0.3241908619993083,18334.431566964424,4.583048475751349,1.7211230400934152,-0.31486356435050317,0.3186180474458098,24323.82270472349,6.140993531161296,1.7725158277571649,-0.2634707766867534,0.3301487332029735,25565.242562956784,6.40480283741151,2.0167909724225814,-0.019195632021336933,0.320242589219053,3959.982031047099,1.4485625947064782
29,7.167629025055074,0.0,0.3963586438037149,0,1.0,3.0228930370558773,-4.144735987999198,0.39843332681403704,34610.366937233994,6.32487762191447,2.4314442748138205,-4.736184750241255,0.4209792913654611,31494.969985771917,8.179067812504181,2.445466865877122,-4.722162159177953,0.4284396239031868,40896.41363162685,11.930669553627357,3.2383331164369915,-3.9292959086180828,0.3963586438037149,30426.800456946934,4.235380665692318
30,1.8394299275831618,0.0,0.3737665729932962,0,1.0,2.2310578792735294,0.3916279516903678,0.3652785925036884,22761.519961378042,5.656727876070071,1.8205374118305016,-0.01889251575266011,0.37051565619132676,26029.356991936405,8.00143542230089,1.8734722363294498,0.034042308746288184,0.38648601654881654,34068.77658854601,10.959541720480388,1.8394299275831618,0.0,0.3737665729932962,0,1.0
31,3.0794585201082683,0.0,0.3841474415960101,0,1.0,3.186625157923233,0.10716663781496522,0.3974923898185666,19621.160679974237,4.661307082143286,2.9604617852098225,-0.11899673489844544,0.4213216663562861,29403.97925140202,7.958111696462949,3.127390901964797,0.04793238185652881,0.4253806221005163,38211.99646838827,10.153587149836433,2.9816600807129334,-0.09779843939533457,0.3841474415960101,8774.091278748805,1.8282992937273796
32,1.318265559086662,0.0,0.3519716639795832,0,1.0,1.242993262761631,-0.07527229632503149,0.3396956686147251,9337.990281047118,3.2523889196730043,1.1700540036381164,-0.14821155544854583,0.33994916126766306,15379.835233074806,5.1775254204915795,1.2296490387815693,-0.08861652030509286,0.34610729381452576,17441.404226889474,5.37600264689955,1.318265559086662,0.0,0.3519716639795832,0,1.0
33,2.420030999294833,0.0,0.3136333311743106,0,1.0,2.6269987306205187,0.20696773132568633,0.3208895723875638,28198.95376876794,5.752662224368222,2.26119780254384,-0.1588331967509928,0.3318608942871365,39109.632211487085,8.966234773870141,2.307751070331738,-0.11227992896309472,0.33507270136347805,48259.1851937482,13.30743957477079,2.3277125950154884,-0.09231840427934425,0.3136333311743106,9416.200824004389,1.892739703543469
34,1.963762620301472,0.0,0.3621045570062858,0,1.0,2.557789215509257,0.5940265952077851,0.3846574852054311,19088.1661730356,5.1278324156993165,2.258518177439442,0.29475555713796986,0.40196721193587714,26384.709741090934,8.103470939839292,2.2427476137759093,0.2789849934744375,0.4121897021578726,35332.737699361314,10.637522309627034,1.963762620301472,0.0,0.3621045570062858,0,1.0
35,1.5497177854724153,0.0,0.38598938788574033,0,1.0,1.8038603098604038,0.25414252438798807,0.38748716194865196,7542.349757838063,3.277561058654509,1.7478237746152496,0.19810598914283414,0.38988909446306036,13628.456815857706,5.395986732530025,1.8562156703312684,0.30649788485885276,0.3813978757143689,16899.919914386228,5.954481691724806,1.5497177854724153,0.0,0.38598938788574033,0,1.0
36,3.356144577459667,0.0,0.31422335323368716,0,1.0,3.441566346713821,0.08542176925415348,0.34836807902253514,20619.19404154401,4.861591904379737,3.143427728776671,-0.21271684868299634,0.36376794086380104,29888.830422023017,7.442668152192767,3.036626486426833,-0.3195180910328339,0.37745843497505394,33343.28747267842,9.106061467974001,3.166609046846734,-0.1895355306129332,0.31422335323368716,7167.309051772791,2.001659571108163
37,1.7072544013332145,0.0,0.418611790980146,0,1.0,1.9155700141895426,0.20831561285632838,0.43430791864955554,15513.873091693269,4.317468420158854,1.619099450907258,-0.08815495042595663,0.45454661727764295,18980.998865580645,6.0371857076997575,1.7564846492177302,0.049230247884515556,0.4527733732563729,24193.616654861013,7.588779207697443,1.7002378508510518,-0.007016550482162856,0.418611790980146,431.94821076185906,1.074394213802487
38,4.306737330285,0.0,0.31760384739656156,0,1.0,3.760286099293139,-0.5464512309918611,0.30829139092463775,45811.195707250365,7.061260629830968,2.7500402780880018,-1.5566970521969983,0.3144504436103958,33592.97314432273,7.394312720170948,2.6506208212110507,-1.6561165090739494,0.30589604003560905,41161.27544064157,9.198213129414409,3.3128153993730924,-0.9939219309119071,0.31760384739656156,28013.16590237913,3.5973914096291275
39,1.2738983354987607,0.0,0.38944730974899894,0,1.0,1.456380702516892,0.1824823670181312,0.39942767258780815,3956.4838812727467,2.812418288080998,1.403989164673598,0.13009082917483727,0.402766441257504,8608.04731359652,4.5620319951040695,1.5071873390430484,0.2332890035442877,0.404105326952107,10747.320946093256,5.070123709485176,1.2738983354987607,0.0,0.38944730974899894,0,1.0
40,3.5783207982256604,0.0,0.2658152156091951,0,1.0,3.745689664578082,0.16736886635242088,0.2728269520715258,36257.00908930987,6.639477898194094,3.024802170562362,-0.553518627663299,0.27005259385138336,36274.68215372524,8.206176040284438,2.8789816357676137,-0.699339162458047,0.2715490202463867,43940.22776448334,10.28042265450184,3.3401691474160993,-0.23815165080956124,0.2658152156091951,10663.290497687387,2.37487558133655
41,1.8687407695830354,0.0,0.3584892926389183,0,1.0,2.6563524439305115,0.7876116743474763,0.35865150989499217,31435.06970460374,6.147083189768957,2.1959305138766108,0.32718974429357567,0.3616555198187301,34948.41945287808,8.642280034882432,2.1474403744004795,0.2786996048174443,0.3609209246288139,35499.2165015517,10.828872971816352,1.8687407695830354,0.0,0.3584892926389183,0,1.0
42,1.019311760006429,0.0,0.39133810709478656,0,1.0,1.5143724293080938,0.49506066930166504,0.4077246755135364,11582.373580142405,4.135000320505309,1.297240277115939,0.27792851710951044,0.4305152745230238,12205.09702929854,5.949903617668643,1.5968480250672403,0.5775362650608117,0.4477618115202803,20320.699354425695,9.664446961092063,1.019311760006429,0.0,0.39133810709478656,0,1.0
43,2.7105908480621737,0.0,0.4320365150020421,0,1.0,2.7664286471372384,0.05583779907506483,0.4638587107261645,12403.66726814843,3.725420149506544,2.7594726049044542,0.04888175684228074,0.4668161093142834,24607.23441894375,6.7133732058831255,2.7696797288343786,0.0590888807722053,0.46998820080731396,31805.81856207201,7.831590170366104,2.744165600959583,0.033574752897409486,0.4320365150020421,77.41833830328204,1.0707378075470202
44,2.965221593227402,0.0,0.4075412930422215,0,1.0,2.4913068833293135,-0.4739147098980885,0.42562523302894417,22719.573673370327,5.247021021228101,2.0903448874661943,-0.8748767057612078,0.44041689218732155,26938.289754064474,7.154288435475099,2.252984516001017,-0.712237077226385,0.43291479040776565,40583.03441531957,11.3207768619614,2.356919363329437,-0.6083022298979649,0.4075412930422215,14454.043801619953,2.8098295784011764
45,2.4375735127998994,0.0,0.34879606689057163,0,1.0,2.667737933255129,0.2301644204552297,0.3724141548837393,20578.179203985743,4.9178478989202254,2.3700189617891487,-0.06755455101075059,0.37982243099652935,26140.83962385065,6.871071661907692,2.4830328724728967,0.04545935967299738,0.38818691018082635,34933.14599682408,9.248539677755659,2.4220717699723244,-0.015501742827575072,0.34879606689057163,697.3273160722864,1.0926067654184313
46,1.890884722287169,0.0,0.2961026514639236,0,1.0,2.3914397583511553,0.5005550360639864,0.30521059534191586,23143.53349791524,5.299730837801474,2.0742163383636716,0.18333161607650283,0.32071406446354966,30104.372750723825,7.814748877001252,2.11721420719352,0.22632948490635085,0.3219840857732891,37915.08858931133,11.085327691247638,1.890884722287169,0.0,0.2961026514639236,0,1.0
47,1.2937245433601205,0.0,0.41849511746879137,0,1.0,2.064957976104464,0.7712334327443433,0.42169035327373516,24294.871561531476,6.096878796073023,1.4910223284279458,0.19729778506782517,0.4268854249728714,19746.447413141923,8.37219959291591,1.4785370576293726,0.18481251426925185,0.43490547035035776,25905.796673284945,11.560245163709569,1.379545962370567,0.0858214190104464,0.391926924502613,5406.745670761113,2.065609876206462
48,1.6929985002111283,0.0,0.3027120298739502,0,1.0,2.5250235207613136,0.8320250205501856,0.32845820514181895,38021.72474362861,6.400395250627488,1.6279283360548988,-0.06507016415622958,0.3171504220300703,20391.691353224756,6.566097514257375,1.4931068514340105,-0.19989164877711765,0.31550050663597495,23435.989249810424,8.101555402212577,1.6475574082351603,-0.045441091975967865,0.3027120298739502,10396.813573734778,2.3102737238383373
49,7.671827840320258,0.0,0.3710301508944435,0,1.0,3.783604362706561,-3.888223477613697,0.3755879935361482,26129.537335602956,5.306426574523624,3.2696693905609377,-4.402158449759321,0.391441464180066,29048.52761783992,7.607682421835528,3.2266693847194654,-4.445158455600793,0.39466521024471507,36568.19129792138,10.493665016464163,4.173125114200452,-3.4987027261198054,0.3710301508944435,23591.541826317567,3.520473838206029
50,2.5585074987949747,0.0,0.3955053539557579,0,1.0,2.7092479765659516,0.1507404777709773,0.42020161264037437,12945.212359997335,3.8796456113369495,2.5488843623862922,-0.00962313640868233,0.42090860558009574,22594.962657295422,5.958863074408009,2.5801223858848044,0.021614887089830007,0.42480541099005326,27243.992766937863,6.708960407040934,2.5471121362935727,-0.011395362501401687,0.3955053539557579,3436.7682822632783,1.377550294103209
51,1.9994947585078608,0.0,0.4025501146618765,0,1.0,2.2627298033900622,0.26323504488220145,0.40194690318497717,8300.862113348838,3.7245942934470215,2.3095436037228194,0.3100488452149584,0.4105471857844364,16185.055770099072,6.225929417237099,2.2710062939721603,0.2715115354642994,0.4061509359047502,20213.91896703644,7.669205434500721,1.9994947585078608,0.0,0.4025501146618765,0,1.0
52,1.6062192230298464,0.0,0.40294326089265603,0,1.0,3.005734879616524,1.3995156565866773,0.4192505731979407,39314.75177932896,6.818306216340795,2.0270835973715187,0.42086437434167223,0.4324236370227892,19500.276042365032,6.916569260874824,2.087402530344009,0.48118330731416264,0.4471404829733227,29966.355554626618,11.234275459630492,1.5349571934553858,-0.07126202957446076,0.40294326089265603,9583.432122664808,2.084848580519734
53,2.7686149928650194,0.0,0.2512061625833621,0,1.0,2.6754225781130603,-0.09319241475195915,0.2514009046683241,30086.49185621536,5.598332486702037,2.210578600451804,-0.5580363924132153,0.2428693044848857,38265.84079699173,8.112263658640801,2.2075970139059873,-0.5610179789590324,0.25266466538728277,42323.665401436076,9.749988501111083,2.763983016420318,-0.004631976444701431,0.2512061625833621,596.7407081374482,1.0795366118236154
54,3.094207173407016,0.0,0.34349779480231457,0,1.0,4.4289268890829385,1.334719715675923,0.40350813573165023,51516.42748231838,7.88823123777164,3.326767661522865,0.23256048811584945,0.40909929769269104,34316.406196564996,8.351942554173705,3.351038199913102,0.2568310265060869,0.423426966990779,52734.95793568742,12.638646224426038,3.0623964621507174,-0.03181071125629824,0.34349779480231457,2662.7274027575136,1.2504072995193922
55,2.617188296879657,0.0,0.40931736082567216,0,1.0,2.5393958345823746,-0.07779246229728218,0.4347870981145633,20972.79050507724,4.860259055063555,2.21377442034733,-0.4034138765323267,0.4484750951177223,28684.812291996946,7.320740158947535,2.212995519182538,-0.4041927776971186,0.445899717259968,34611.869596882214,10.094821082965106,2.5948527862234716,-0.022335510656185217,0.40931736082567216,1719.1978714030074,1.2263815361246282
56,1.8647291698280117,0.0,0.36461922893983084,0,1.0,1.9257062415056239,0.06097707167761226,0.3819980620154664,11338.638084634278,3.7929066461040892,1.6841261187887522,-0.1806030510392593,0.38159173985119094,17383.722604524715,5.3852663916729835,1.815370521326058,-0.049358648501953574,0.37393968305565056,18540.61653004412,6.501861719934811,1.8647291698280117,0.0,0.36461922893983084,0,1.0
57,1.3278461978390048,0.0,0.4208558550011391,0,1.0,2.236206529357687,0.9083603315186821,0.3561123857987427,21905.58223249575,5.586155004649541,1.6978336967347465,0.3699874988957413,0.3680365148732977,17571.459078467007,7.17883800263833,1.5981140169925223,0.2702678191535175,0.3806923500869084,19605.215992409314,9.401877764619059,1.4470344028938231,0.11918820505481824,0.3775161855616037,2447.720485162129,1.6827275881132249
58,3.299802619222369,0.0,0.37991616070935785,0,1.0,2.546584988680547,-0.7532176305418223,0.3996264941561246,24180.960900171754,5.499665706358836,2.2032861556324037,-1.0965164635899658,0.4098692924608813,37067.81259104368,8.76451562663626,2.1980220802867327,-1.1017805389356368,0.42335149482681617,45465.904057789296,13.513779646158856,2.9396131853004417,-0.3601894339219277,0.37991616070935785,12451.378781728468,2.438304208320997
59,1.4108058059723878,0.0,0.4099434972623335,0,1.0,1.5448257777218055,0.1340199717494179,0.38857127764019617,12395.919175526527,4.145554565313872,1.4086199805542767,-0.0021858254181107623,0.3940800122794135,20581.864149325203,6.948252113953176,1.445532440685409,0.034726634713021634,0.398183770417367,21859.585989958097,8.9663295637305,1.509416632328191,0.09861082635580329,0.4099434972623335,2338.917153901719,1.4431185679428524
60,1.6957241508248613,0.0,0.47224213601629306,0,1.0,2.264459808428422,0.5687356576035608,0.46353109855361335,16439.30712424655,5.071393873387645,1.9121522172470948,0.21642806642223383,0.4709895473026476,21229.4960733692,7.6252015252317165,2.0154118743052836,0.3196877234804223,0.4659736657243449,30572.55175362675,12.285717560308617,1.6957241508248613,0.0,0.47224213601629306,0,1.0
61,4.4164107152061876,0.0,0.4031913606897309,0,1.0,3.900318060651295,-0.5160926545548922,0.39598244437408653,58921.505512085,8.504122410065522,2.452953022137511,-1.9634576930686767,0.4120086105048336,34018.00267060481,8.409062084406893,2.3335073604238383,-2.0829033547823492,0.40420161112070657,42036.805808520905,11.667563096070348,2.8250271945659753,-1.5913835206402123,0.4031913606897309,32792.53454322995,4.596229235806432
62,1.9998903377982167,0.0,0.4091199365075931,0,1.0,3.7617189926164203,1.7618286548182036,0.41436715037215643,47414.05556388664,7.465543363267803,2.4966232798153047,0.49673294201708806,0.4320612048227421,26357.517453265646,7.527960038578196,2.472774484951309,0.4728841471530928,0.42239637039882233,38555.303247906966,11.414531126196517,2.048156298212348,0.048265960414131406,0.4091199365075931,10167.589414520326,2.1671386506350663
63,2.9291296650897896,0.0,0.3714455076015469,0,1.0,3.208935364639502,0.27980569954971257,0.39268082850425673,23021.274734618706,5.434723763203577,2.650960292065466,-0.2781693730243237,0.42654278880710117,28954.96451276664,7.737070192726876,2.817551050082224,-0.11157861500756583,0.446407956769508,40893.17568050722,10.849146087737726,2.9291296650897896,0.0,0.3714455076015469,0,1.0
64,2.2205167236602237,0.0,0.3099522436769607,0,1.0,2.8297492540243505,0.6092325303641271,0.30900621613664486,22557.06147244865,5.13709484914213,2.5638829953446427,0.3433662716844189,0.3279708394368327,30916.775323164973,8.083576953621195,2.508980043780664,0.28846332012044035,0.3442005106370302,37926.936646840855,11.28840841492609,2.1904690342957625,-0.030047689364461113,0.3099522436769607,1716.0555792310852,1.2382321221406987
65,1.1169001107728342,0.0,0.23217720629976737,0,1.0,1.200600965251441,0.08370085447860708,0.19150000324053199,9828.04938955282,3.459278658246886,1.0954764679043087,-0.02142364286852535,0.18144253807965507,18401.87937843678,5.767871808631023,1.1289134143269663,0.012013303554131998,0.18312316314298377,17135.806491537292,5.337987781551338,1.1169001107728342,0.0,0.23217720629976737,0,1.0
66,2.7337376132694655,0.0,0.3622665508298257,0,1.0,3.161137739881492,0.4274001266120269,0.40310415581052617,44545.42488357691,7.291480429375263,1.9046688761663928,-0.8290687371030729,0.4096256998669978,30407.572286850736,8.102092125628957,1.7841739236439391,-0.9495636896255263,0.42834395275513637,35612.76197472928,11.643957640096867,2.4083553544087826,-0.32538225886068306,0.3622665508298257,26925.245461584527,4.754105016260204
67,10.047649745192563,0.0,0.37976505774505803,0,1.0,6.348207282439598,-3.6994424627529643,0.3746158188306347,62300.2729113517,9.44931395904687,5.01132021407652,-5.036329531116043,0.39482090238471845,59908.51189968894,11.772384508188358,5.00268632630571,-5.044963418886852,0.41721779141166154,92079.21915389584,19.472778579507718,6.855466785712687,-3.192182959479876,0.37976505774505803,45307.5864886721,5.212540795697289
68,2.0097180922399764,0.0,0.3401138240752013,0,1.0,2.0841594617691777,0.07444136952920119,0.3702474946917247,12344.39119845969,3.8659549334075662,2.040207222326726,0.03048913008674979,0.3766586142768059,21201.18117395717,6.519321148872465,2.193792971450486,0.18407487921050983,0.3949099373526993,33204.51022588521,10.012630676358551,2.0181836927097,0.008465600469723576,0.3401138240752013,6880.212426792853,1.9572105941306945
69,5.055921516726862,0.0,0.32052515229227546,0,1.0,5.544516522880923,0.4885950061540608,0.3067427002815362,73570.1161053936,9.942201827167887,4.212402846407685,-0.8435186703191767,0.2912355631210623,64803.75047287684,11.969731905360426,3.925797621548215,-1.1301238951786474,0.2953884252617963,87182.49351201676,17.965365853932322,4.160326966713473,-0.8955945500133891,0.32052515229227546,36987.793730243066,4.405094631433335
70,4.727960288581971,0.0,0.34148100378374285,0,1.0,4.177543756574396,-0.5504165320075758,0.36719887619188246,58698.59312076519,8.308457039877968,2.918102993033426,-1.8098572955485457,0.3822321967964935,42833.70297782771,9.454897480342433,2.9633161698772246,-1.764644118704747,0.3897738739342871,52512.15614975761,15.128898681582452,3.281229710951293,-1.4467305776306782,0.34148100378374285,41328.35607249433,5.28962654068743
71,1.730483606683677,0.0,0.31631475543169124,0,1.0,2.0021249383878383,0.2716413317041611,0.33909084261488065,13593.356901669646,4.350620592468865,1.7691346688816965,0.03865106219801935,0.34364844126227356,18826.46508196767,6.534165833253784,1.785971680828951,0.055488074145274006,0.3579663528330412,21937.916912898523,8.296519842418828,1.885407675967409,0.1549240692837321,0.31631475543169124,1673.0281347994041,1.300758191474939
72,1.2350341463168721,0.0,0.3875068965586144,0,1.0,1.3395971806177203,0.10456303430084808,0.38446624541630736,5933.694084399456,2.9227368086144416,1.2930988023377545,0.05806465602088254,0.38403371867494457,12454.669265998164,4.93415075136446,1.3394073986851573,0.10437325236828532,0.3787060717507567,16289.881120947888,5.8140451279490275,1.2350341463168721,0.0,0.3875068965586144,0,1.0
73,1.6063691414442576,0.0,0.3745463865096339,0,1.0,1.5905277447951485,-0.015841396649109083,0.36308335324892993,11990.831281129842,3.952705745829435,1.531038435005319,-0.07533070643893851,0.371138378683344,22052.3182824956,6.977814133209888,1.615535503062027,0.009166361617769288,0.3788253931941255,31333.30615754544,10.57550226070346,1.5604862836396776,-0.045882857804580124,0.3745463865096339,3970.8308387015013,1.561145071596917
74,2.1839083872327882,0.0,0.37764304975569346,0,1.0,2.308839088497615,0.12493070126482635,0.38273632716439,11234.456803918461,3.8256378086410923,2.1806312703513115,-0.0032771168814768317,0.3880309271543726,15549.933051093316,5.795316041508757,2.3402555991306326,0.1563472118978441,0.4002184329787156,27526.350549386385,8.64349149801321,2.159438321006861,-0.02447006622592744,0.37764304975569346,2775.0696741042766,1.446488277388658
75,7.453588207271643,0.0,0.3923132355303269,0,1.0,2.9232395829167093,-4.530348624354933,0.3573487075669583,21630.557213670454,4.540723214371851,2.4917897520275454,-4.9617984552440975,0.3701378331141867,25697.94489261903,6.662535892047892,2.4882556727199425,-4.9653325345517,0.37155125746760526,28010.029663032372,7.560272573804491,3.678341759414044,-3.7752464478575987,0.3603458189887166,31523.80032296134,4.195966503340806
76,8.750411985518648,0.0,0.38190356944101056,0,1.0,5.905329612659715,-2.8450823728589327,0.3120209044738917,81988.4936537058,10.757989671170753,4.134892684115105,-4.615519301403543,0.3185614362467945,52028.766084784496,10.100806495951694,4.028072360387626,-4.722339625131022,0.3195902930998612,71128.3079914411,15.990906315272259,6.184367617379798,-2.56604436813885,0.2889382172740387,61304.47976885827,7.277437463748488
77,6.754960245671553,0.0,0.3886811760853704,0,1.0,5.373355414744129,-1.3816048309274238,0.3977448030540952,63245.67506325306,8.71176302311573,4.156409367847366,-2.598550877824187,0.3995223570772282,52259.87979260995,10.011770618799867,3.957370724897732,-2.797589520773821,0.3940693316198419,60678.73311352738,13.355220180293534,5.392668611976004,-1.362291633695549,0.3886811760853704,57873.247079755034,6.8584399308396105
78,1.4173947236930853,0.0,0.4407216220915648,0,1.0,2.2615101416588645,0.8441154179657792,0.47113903322072576,23200.850662310673,6.1025104256139135,1.9414232252999502,0.5240285016068648,0.4981894632524226,25729.438969583523,9.20733164211768,2.184266696875627,0.7668719731825415,0.5050445476455337,43370.73658597167,17.477950985647478,1.4915860543365476,0.07419133064346213,0.4407216220915648,2548.401942657699,1.4391670724124839
79,2.387981030753919,0.0,0.38051944773531293,0,1.0,2.6516416942843533,0.26366066353043427,0.40586248688175863,12545.456351226221,3.9410184725728143,2.5832800618944805,0.19529903114056157,0.4179453821349441,24997.59681859725,7.046049569180373,2.6040015741546814,0.21602054340076227,0.4303271709695317,40201.429215601805,9.90257075020909,2.414805322764524,0.026824292010604985,0.38051944773531293,546.117997915903,1.2052542047736121
80,1.6226700091024435,0.0,0.36282192696926147,0,1.0,1.897529014126846,0.2748590050244023,0.36401274840356,10103.374153381988,3.8617571288595123,1.6766991046213628,0.05402909551891906,0.38044510444413115,16135.190725335477,5.870609636679852,1.7530545607759938,0.13038455167355015,0.3787090809638023,19376.250123912178,6.915677090977262,1.6226700091024435,0.0,0.36282192696926147,0,1.0
81,1.756391634315349,0.0,0.3135441565303109,0,1.0,2.412483367360365,0.6560917330450163,0.32190189604278363,27530.809808124723,5.479376131153067,2.022437892842946,0.26604625852759695,0.3162373488498111,28109.227662576675,7.7694288772438975,1.952238461614607,0.19584682729925787,0.31381757330506516,31641.598194144983,9.715641773701394,1.7143691179817413,-0.04202251633360749,0.3135441565303109,7730.698654609743,1.9713943773233729
82,5.868365553579984,0.0,0.4290839066172022,0,1.0,4.014367530775168,-1.8539980228048174,0.3230462347980436,48381.32991894341,8.029353451102983,3.0516176916671425,-2.816747861912842,0.3405092035189193,46343.757248203285,10.391608427009722,3.0019157086037414,-2.8664498449762434,0.3467784937853289,49123.76102901675,13.972770904533837,3.726647125240123,-2.1417184283398614,0.3223523862349208,30160.262708570433,3.8192798885411943
83,1.3327584402255552,0.0,0.34357447237194866,0,1.0,1.6846995017859565,0.35194106156040156,0.3349700612805597,16825.7978145882,4.953579056355668,1.333322321074522,0.0005638808489669463,0.3540727117274993,15881.738982584242,6.759512491997881,1.4013213788675358,0.06856293864198058,0.364914166436634,20449.638527558916,9.440133511714041,1.3481646202260165,0.015406180000461463,0.34357447237194866,1507.217140385087,1.2441922860949413
84,7.204179546186712,0.0,0.36010432410017995,0,1.0,2.804171029656866,-4.400008516529846,0.37517081704445926,26167.58244970492,5.538154725287012,2.392074376169733,-4.812105170016979,0.382713890261382,28273.019270287063,7.869359280076689,2.4764348048502685,-4.727744741336443,0.4019343596077452,39340.41131127797,11.641289953543472,3.062787408025039,-4.141392138161673,0.36010432410017995,25186.786397983604,3.6752030744070465
85,2.399987852612051,0.0,0.3860124040996936,0,1.0,2.325060899653608,-0.07492695295844286,0.4130864384979567,17733.229550921977,4.786917580552056,1.8958485084206274,-0.5041393441914237,0.42978696692688517,22493.051048473764,7.016422115110458,1.9730680906672298,-0.42691976194482123,0.4431930622344721,27622.628734542104,11.067993257310926,2.394029105279795,-0.005958747332256171,0.3860124040996936,982.8073641089119,1.3281186977840003
86,4.998112877269575,0.0,0.3714124921212455,0,1.0,4.272304912678305,-0.7258079645912698,0.36966341535258596,51165.096869898625,7.628885659000005,2.995279124112989,-2.002833753156586,0.3714063039746224,34827.69606245584,7.858595966836378,2.967834161169222,-2.0302787161003533,0.37256327362016456,40244.3288824682,10.393138352699903,3.679816612803082,-1.3182962644664926,0.3714124921212455,34776.18044642815,4.513273764433358
87,0.9157000972611449,0.0,0.3647729745574795,0,1.0,1.2330071565430338,0.31730705928188896,0.3855831990783212,11788.236426603326,4.210634813001189,1.072054417555091,0.15635432029394636,0.39915901020638667,15243.332143173251,6.19095439231657,1.2263030343762118,0.31060293711506676,0.421259795386326,21548.80065078898,8.904385579297035,0.9157000972611449,0.0,0.3647729745574795,0,1.0
88,2.591929012352851,0.0,0.2805853993086681,0,1.0,2.4532947196829378,-0.13863429266991326,0.2807464555682329,22490.451206408812,4.668684447890092,2.201645048143939,-0.39028396420891165,0.28347982834869534,33601.987242147065,7.833256931345204,2.272494034209399,-0.31943497814345234,0.28519367152283853,33705.830614337516,9.209064941875083,2.590439353275426,-0.0014896590774250216,0.2805853993086681,0.0,1.0024829388900978
89,2.4302519801611897,0.0,0.31375052065034637,0,1.0,4.840164819387145,2.4099128392259557,0.3709181171476221,62972.60396984286,9.134949530034524,2.97584820422904,0.5455962240678502,0.3790860538539409,36886.36353448553,8.884527172293275,2.932619491519674,0.5023675113584847,0.37952313909110597,50318.23009829587,13.87800745842793,2.54124340147563,0.11099142131444066,0.31375052065034637,10366.98853583759,2.2605725942438912
90,7.710764004085293,0.0,0.40339409065078136,0,1.0,4.130405371930788,-3.5803586321545047,0.3332191243621321,54604.19106663608,7.99913083924463,3.4034707939175304,-4.307293210167763,0.34532099982221076,62004.72833015827,11.670965176468494,3.6884718067336113,-4.022292197351682,0.3697977545500956,82943.05087184733,20.112808104390854,5.777497649290649,-1.9332663547946443,0.3210408099050133,54731.30111204588,6.3320001300251
91,2.2931943306116773,0.0,0.35515508610454777,0,1.0,2.4352980189281648,0.14210368831648781,0.35209988033933787,16228.53823526745,4.301978158108713,2.1455144001057245,-0.1476799305059528,0.3550737776593368,19608.228792434413,5.775338239309368,2.1772467537161346,-0.11594757689554244,0.3607224407806793,29400.080171596353,7.854200426898048,2.27515517731686,-0.01803915329481708,0.35515508610454777,1926.2058451590044,1.232654089448295
92,1.0712924363314307,0.0,0.34359988261191204,0,1.0,1.4848700222286535,0.41357758589722277,0.34931395911795454,11389.468856394922,3.783502932517832,1.2416276824139927,0.1703352460825621,0.3558075130401077,14836.912382314504,5.517192438196125,1.2786230107890622,0.20733057445763145,0.37264653740509296,18347.032773730745,6.673690481789353,1.0712924363314307,0.0,0.34359988261191204,0,1.0
93,2.106102147535362,0.0,0.36482422822611177,0,1.0,2.3207569056000583,0.21465475806469622,0.35427058339584677,13475.770993262446,4.029212422228535,2.1796522611437763,0.07355011360841396,0.3615831467187907,20897.161761439722,6.392501846416126,2.261429093844229,0.15532694630886662,0.3693473544015169,31355.8274448111,8.612059250662101,2.106102147535362,0.0,0.36482422822611177,0,1.0
94,2.960791959672193,0.0,0.2790580724909806,0,1.0,3.3819642098715548,0.4211722501993616,0.26816573148561273,26232.33719104216,5.356019796987719,3.1258035566043025,0.1650115969321091,0.274130529025937,34381.5053694088,8.019986571736904,3.2546636380367424,0.2938716783645493,0.27219590851391895,40454.72664225745,10.003443802999156,2.960791959672193,0.0,0.2790580724909806,0,1.0
95,2.2501753054834053,0.0,0.37730939515032724,0,1.0,2.896992830147811,0.6468175246644055,0.39476043907429725,27410.936276214066,6.216384455474471,2.4742215013308004,0.224046195847395,0.41568096161802653,34396.599675677775,9.606993548545756,2.5975148561437353,0.34733955066033,0.44216311268959557,46470.39309241549,14.894031883952287,2.232736580057779,-0.017438725425626037,0.37730939515032724,6203.26858779219,1.867650353226627
96,1.9124846934514101,0.0,0.39298461687243724,0,1.0,2.755706138888479,0.8432214454370685,0.3832929998257216,23940.85727391953,5.383505463511577,2.3573463864448234,0.4448616929934133,0.3946520454316564,23581.62062209525,7.38764505877561,2.2679176124543137,0.3554329190029035,0.3951922216044439,29180.030639776844,9.646325065526161,1.9124846934514101,0.0,0.39298461687243724,0,1.0
97,3.4035600357638662,0.0,0.3725086205864156,0,1.0,4.019892602821063,0.6163325670571969,0.37643810433506375,28175.32857763679,5.45659813006819,3.8499205903060387,0.4463605545421725,0.39011069684625127,43969.24792000964,9.564887460157541,3.812527267579581,0.40896723181571465,0.3961039685563536,55479.07373207072,12.10636973145157,3.4035600357638662,0.0,0.3725086205864156,0,1.0
98,3.6891939504731566,0.0,0.3894241905915546,0,1.0,2.5558219850983237,-1.133371965374833,0.39501965869151645,19663.602545891925,4.247727529513151,2.477505525357568,-1.211688425115589,0.40050428473453814,33496.1079977615,7.625361749397764,2.4787303161102,-1.2104636343629571,0.38602985999591544,40655.64882539197,8.953758762935056,3.16500948134703,-0.524184469126127,0.3894241905915546,13511.616098114231,2.6236070719540026
99,1.2701436083861535,0.0,0.36477443589062425,0,1.0,1.354457516952822,0.0843139085666684,0.3520751946848355,5243.023120510761,3.306294781189759,1.254693528047889,-0.015450080338264815,0.35756429971061954,10454.138524281723,5.283991208965217,1.2981115595547874,0.027967951168633882,0.3538896151607038,12576.811608932076,5.863431791541229,1.2701436083861535,0.0,0.36477443589062425,0,1.0
100,1.1788617548516989,0.0,0.35864997671562804,0,1.0,1.2708725633433549,0.09201080849165591,0.3379297107124947,16146.319101799614,4.527177032497211,1.0209308546450604,-0.15793090020663833,0.3403623181033099,14779.979395145498,6.200888451731108,1.0747487535185671,-0.10411300133313198,0.34270739003623785,19024.572601556814,8.562582703486834,1.2127612791645315,0.03389952431283251,0.35864997671562804,1293.844795855975,1.1895541589978342
101,4.083115195444938,0.0,0.3859490733140538,0,1.0,3.4643251354003093,-0.6187900600446283,0.38408242303747264,20499.95600324285,4.37222460032993,3.3857310612766476,-0.6973841341682901,0.3912666624579247,30320.40666977138,7.26885125924984,3.389080029658273,-0.6940351657866646,0.3856688588039562,35514.84045497967,8.497467860451344,3.6342551509822636,-0.44886004446267386,0.3859490733140538,18563.408835133974,3.0661183263028446
102,7.340225473461416,0.0,0.3751422742565866,0,1.0,5.445843674229599,-1.8943817992318166,0.2876910747663131,49785.497576556096,7.38672028785069,5.133682898589925,-2.2065425748714897,0.290281225599849,66309.43616658592,12.014632760257127,5.0724170912267015,-2.267808382234714,0.2896120512234808,86951.89357545106,17.771432229612774,5.74133656399238,-1.598888909469035,0.3075404145185931,33502.77168125729,4.460575383869336
103,2.5193586547480855,0.0,0.4139926416440616,0,1.0,2.9878850252447737,0.46852637049668816,0.42394455496767797,19305.123530750072,4.740109190731193,2.796624433540629,0.27726577879254355,0.4507604065272764,33208.54166136229,8.65221877543967,2.9033920832638738,0.3840334285157884,0.4550331561190544,42715.510194292074,13.221617546349645,2.459372009324666,-0.05998664542341954,0.4139926416440616,2446.6417803823774,1.326486733755958
104,5.371281968835478,0.0,0.28474719987697306,0,1.0,4.583316865547393,-0.7879651032880857,0.2896359693751765,57528.55751469689,8.087741221865205,3.5137223412515954,-1.857559627583883,0.29756598746959695,47155.88245829086,9.810723086570416,3.3922891681003504,-1.978992800735128,0.29860478201425733,56617.65424542288,13.32251841157481,4.135499486505365,-1.2357824823301133,0.28474719987697306,41541.42468945424,5.241701531525816
105,7.427614378918252,0.0,0.4066641113630354,0,1.0,2.706292864559284,-4.721321514358968,0.31894560875022454,26358.122567618073,5.071015701132236,2.454745663955247,-4.972868714963005,0.32240156255330343,28002.26821297664,7.427084416496367,2.4778700493638417,-4.94974432955441,0.3184700537192253,30834.871953165024,8.946011382681085,3.7432028875680725,-3.6844114913501795,0.34671598528557906,29598.372944672603,4.124993665209163
106,1.8477185141083288,0.0,0.3782183634151851,0,1.0,1.8264245687084486,-0.021293945399880176,0.36593775853420574,10079.978397695328,3.5794570686897473,1.6852151185444857,-0.16250339556384308,0.36820851266280347,14511.584173833286,5.59223045129256,1.749160890041364,-0.09855762406696507,0.37467568266252055,20128.73162362181,6.837770706161227,1.78616257379436,-0.06155594031396904,0.3782183634151851,5825.331038833132,1.780701311152844
107,2.791677777571643,0.0,0.32855327802137896,0,1.0,2.4888792587023585,-0.3027985188692849,0.32417629776901224,23373.37382652785,5.394880098681259,2.1137139667392715,-0.6779638108323718,0.3410502899149136,29996.083490264115,8.215962692197085,2.2465509420540015,-0.5451268355176417,0.33721835343964285,40162.7666070239,13.002817244463216,2.3463635171119286,-0.44531426045971456,0.32855327802137896,12835.805961557415,2.731342236902526
108,1.930430910043496,0.0,0.30758893841412094,0,1.0,2.985583270945726,1.0551523609022302,0.27376656382091125,36241.18865697483,6.786777212782921,2.3857005099658806,0.45526959992238497,0.2728507643667929,33799.084035952146,8.923248533483543,2.2252703186759692,0.2948394086324732,0.27775863703586806,39128.87262785583,11.813918645111029,1.9731538170628813,0.0427229070193856,0.30758893841412094,2791.6436175345293,1.376160344470703
109,3.8094463871518256,0.0,0.40113715752823337,0,1.0,3.0687537742184734,-0.7406926129333523,0.41310715065594517,35684.437769987446,6.015674800307157,2.3653949450959977,-1.444051442055828,0.4196970311197985,25837.437695663724,7.246266346330223,2.329611986438093,-1.4798344007137325,0.419291135298572,30657.01988943262,9.244783526763525,2.6535928001312836,-1.155853587020542,0.40113715752823337,25272.93320511777,3.59518759355929
110,1.7271310867182676,0.0,0.4081303265136475,0,1.0,2.4793097439974114,0.7521786572791438,0.40466973904449416,15866.630914869482,4.743128010741299,2.1865510749636936,0.4594199882454256,0.4334981599684971,22703.84735089215,7.296795226214825,2.262288528514132,0.5351574417958641,0.4356780764306763,29973.60262253404,11.230448827917568,1.6947341372441231,-0.032396949474144496,0.4081303265136475,2682.168092439595,1.3557176187923259
111,1.7832248456149968,0.0,0.36295696304031033,0,1.0,2.1240544585059875,0.3408296128909907,0.36115971161980936,12287.637440605797,3.789852701542005,2.002066926963774,0.21884208134877728,0.3608602644211905,21106.966149774966,6.452603869397404,2.0091669459890826,0.2259421003740857,0.35517340936073727,23641.27424220345,7.740581077805533,1.956355599872302,0.17313075425730495,0.36295696304031033,1285.0644624315523,1.2382238975628825
112,1.131684372623372,0.0,0.3704316343558335,0,1.0,1.4203608004068702,0.28867642778349806,0.39403155550139524,14760.388864757424,4.8962436989072415,1.2593360139241132,0.1276516413007409,0.4197902425534548,21733.402289647813,7.989979758487907,1.3907431859889776,0.2590588133656053,0.43723935001260883,27000.98948034157,13.218716334296335,1.087146634913097,-0.044537737710275103,0.3704316343558335,40.77082770828341,1.1399211527109447
113,1.2679503504379643,0.0,0.36015811565906103,0,1.0,1.2754270618747627,0.007476711436798214,0.37105963867958913,11239.95929315578,3.567198226537062,1.2098856318598536,-0.05806471857811062,0.3698963789583266,20841.23524205813,6.396642526899997,1.1661312269101098,-0.1018191235278544,0.3739104257998357,25169.034153653156,7.350504064719968,1.3572656175247078,0.08931526708674355,0.36015811565906103,2957.302641034157,1.349359449834065
114,3.534917612295099,0.0,0.44931302580635807,0,1.0,2.719956791234722,-0.8149608210603776,0.4867498464475478,29648.048189926518,5.873269044382602,2.114448393007441,-1.4204692192876582,0.5170919619196938,24706.18864467463,7.304230365300455,2.0248369603519594,-1.51008065194314,0.5309944173455076,36615.53144082768,10.03621508924537,2.265897060985255,-1.2690205513098447,0.44931302580635807,24407.871531218392,3.469355142210477
115,7.594010232380084,0.0,0.45005929244324705,0,1.0,3.041827564536658,-4.552182667843426,0.406304287064357,29874.67118189553,5.707748460833697,2.5012782826339865,-5.092731949746097,0.4157254983841783,35155.05484910208,8.551264422751405,2.4125210188229516,-5.181489213557132,0.4158146708322721,43256.242397585054,11.138736213534097,3.9255674588084295,-3.668442773571654,0.4021947353865272,32202.080189025066,4.396825187453733
116,6.1536126497081245,0.0,0.4194718381409454,0,1.0,4.268642900922362,-1.8849697487857624,0.3542908791101107,36396.54634079749,6.2411242482554865,3.719387420448733,-2.434225229259392,0.36545669854076196,42554.42881731808,9.161509119044343,3.839648352973132,-2.3139642967349925,0.3760552230074455,51867.71743007812,13.857262126987926,4.230737599680061,-1.9228750500280638,0.34782516416986325,24168.53298996105,3.4638609097789197
117,4.3437870303945445,0.0,0.3662898320762698,0,1.0,3.8277810720313266,-0.5160059583632176,0.3676503337196018,42349.39299212753,6.489899715037971,3.149006669098984,-1.1947803612955596,0.3742863580254841,33596.21885140049,8.054126175439004,3.0647251813245875,-1.2790618490699561,0.37396598778245344,41606.375561538975,10.570432955174471,3.4229170212017346,-0.9208700091928093,0.3662898320762698,29558.527208851607,3.9491244089134208
118,5.922204422828537,0.0,0.3694027188784168,0,1.0,4.479908475424766,-1.4422959474037715,0.36275180082746517,52620.130896429735,8.646227524764683,3.4183959020836463,-2.503808520744892,0.3832804478152507,43557.4964319732,10.09241153787041,3.3476886742287784,-2.5745157485997594,0.39551724660995957,57912.22211531321,15.462380494623316,3.8336252964999726,-2.088579126328565,0.33887385113311197,23989.211666397037,3.433667781163647
119,1.3202945726137676,0.0,0.3116295382420238,0,1.0,1.872310400058165,0.5520158274443975,0.32625580249458086,15511.690214268801,4.397326272217441,1.588434980659434,0.2681404080456664,0.3386584334698089,20833.88000926285,6.828915616291493,1.5762309658527167,0.25593639323894923,0.3459604718015772,21752.16816029957,7.889761638357428,1.3740712163823687,0.053776643768601355,0.3116295382420238,3522.1321660968733,1.613996000779068
120,0.935021144732594,0.0,0.5000919616282756,0,1.0,1.8246039200358122,0.8895827753032183,0.46671828865150744,7508.634950581197,4.266862737750951,1.5882837085337402,0.6532625638011464,0.4888082472382272,13395.106877939581,6.522178334097728,1.7450394509393132,0.8100183062067194,0.4850246056354784,24342.60308437585,11.533739961707164,0.935021144732594,0.0,0.5000919616282756,0,1.0
121,1.803457005725618,0.0,0.3223613418746163,0,1.0,1.9127884686660481,0.10933146294042992,0.33508190159572754,11457.445961736557,3.730362023404788,1.8455735845776133,0.04211657885199529,0.3411501057466408,22208.728852923203,6.299231917148259,1.8654581443036302,0.062001138578011886,0.3509475387131802,38091.87145454154,9.19477561852515,1.8232565207374782,0.019799515011860058,0.3223613418746163,611.552190537835,1.0564979589900787
122,4.111983642420714,0.0,0.37650455699825897,0,1.0,4.262743405743088,0.15075976332237478,0.37941470185904297,56122.950748011106,7.905413521084623,2.7264576587847817,-1.3855259836359322,0.3742885286398296,32106.51053654581,7.053657642740698,2.765147510022815,-1.346836132397899,0.3800120231863593,51398.90375667176,11.139111394536092,3.8170596021317005,-0.29492404028901364,0.37650455699825897,23382.49289866084,3.5972560140412093
123,4.452964995736658,0.0,0.3352997668720887,0,1.0,3.694876146890186,-0.7580888488464715,0.3434479426364944,41232.95257941259,6.40529652548388,3.0465612325655504,-1.4064037631711073,0.3524680001721211,32228.902066621882,7.745549811254877,2.942406792153955,-1.5105582035827032,0.35692979035986633,39486.708774784296,9.608580591927685,3.5180554333172065,-0.934909562419451,0.3352997668720887,33276.895090699254,4.388679190571929
124,4.54894489361197,0.0,0.44049331039892364,0,1.0,3.3653450628445345,-1.1835998307674356,0.4733931533214789,37676.927262278405,6.504850214193002,2.5744070751676826,-1.9745378184442874,0.496996771052256,30832.134032155012,8.198835196761994,2.629153095716811,-1.919791797895159,0.5087735541182977,44624.73401721849,13.232848116471509,3.1411749511745217,-1.4077699424374481,0.44049331039892364,36074.57655717309,4.8474287904772995
125,3.4967753733552174,0.0,0.3370693877375916,0,1.0,2.4113068332341827,-1.085468540121035,0.3479231315288323,21598.837478294816,4.328055154765959,2.3137096744069514,-1.1830656989482662,0.35050501982430843,35365.25492722504,7.643554619395813,2.2834541386146627,-1.2133212347405549,0.3445510782959148,43261.57075138444,9.319987598258768,3.031229636112645,-0.46554573724257237,0.3370693877375916,21048.964737692306,3.1884527732314467
126,2.696989857620335,0.0,0.3449514083606143,0,1.0,2.516614126048326,-0.1803757315720088,0.35623616913488015,12759.471906940184,3.715044768009471,2.4124859864186368,-0.2845038712016982,0.36235030537140356,23093.282704691737,5.9471363165669935,2.4399652149205666,-0.2570246426997683,0.35243878800387657,24355.55045681684,6.250022003745944,2.62509748773493,-0.07189236988540507,0.3449514083606143,4591.984610790333,1.6478404162653937
127,1.9805949203544029,0.0,0.3877263779466157,0,1.0,1.958943498567363,-0.021651421787039726,0.4391931553132227,20551.485502957898,5.194777614039595,1.5645284932039765,-0.4160664271504263,0.46624253732483356,27023.461497258282,7.867561441739891,1.6352587846198725,-0.3453361357345304,0.4598595883586678,30250.858484823904,10.85694595155552,1.858155665943368,-0.12243925441103463,0.3877263779466157,6885.363601113389,2.079867604698251
128,1.87660004666109,0.0,0.364394642643846,0,1.0,2.529242582822786,0.6526425361616962,0.38083865747379636,39372.809766073,6.342554681429977,1.5353932766057161,-0.34120677005537375,0.3767589869362306,27271.838911835446,6.924424321180273,1.489331388624469,-0.387268658036621,0.37419507795548834,31862.53376221411,9.644699042158006,1.8797340173422628,0.0031339706811727955,0.364394642643846,13199.996116545139,2.374129758666705
129,1.53437839894562,0.0,0.34819188060670747,0,1.0,2.409726950182777,0.8753485512371568,0.36793975852957106,16178.185344446458,5.136545627000015,2.086349486487747,0.5519710875421271,0.39494143530025116,20820.08425431194,7.93902919217894,2.081252893467966,0.5468744945223458,0.42613340950935374,31895.033829365857,11.324639554951517,1.562630003135197,0.028251604189576757,0.34819188060670747,816.7183073546091,1.2312388098469367
130,8.145326471130765,0.0,0.3438640448397717,0,1.0,3.789994604237224,-4.3553318668935415,0.3003161500711362,37593.706684834346,6.270269414388763,3.309153726920366,-4.836172744210399,0.30169736385152174,46429.13931620997,9.213377375323624,3.4499970203024244,-4.695329450828341,0.31246505117350554,60580.72639394917,12.872307638825955,4.731212995510851,-3.414113475619914,0.3011689826653586,34036.66748240812,4.111087074159624
131,1.345521524929831,0.0,0.35311940744423204,0,1.0,1.4690807854178503,0.12355926048801921,0.33261522539703076,11965.429214282722,3.9689967481773474,1.227964222513355,-0.11755730241647601,0.3372966166878985,14470.606212918,5.444594107253483,1.2092872714186398,-0.13623425351119106,0.32980532094450776,19629.904971219195,6.642206376871483,1.3444867597862111,-0.001034765143619734,0.35311940744423204,0.0,1.0116006233491377
132,1.8062920431954401,0.0,0.35010291647984876,0,1.0,2.409813012587695,0.6035209693922551,0.3166239237021804,23202.844889159962,5.561430773922258,1.996817980343228,0.19052593714778776,0.333739038737838,23816.378563153932,7.872985768048747,2.0147250858645642,0.20843304266912396,0.3478953837552411,30746.830271438706,11.345831040666782,1.8301154747162842,0.023823431520843878,0.35010291647984876,410.98603284164983,1.091923060898401
133,5.21023822616076,0.0,0.41190390154739287,0,1.0,5.3457584072212665,0.13552018106050673,0.41017463336195586,51297.16838457044,7.660293014440768,4.183986112073869,-1.0262521140868903,0.4135909509729793,37819.508578543755,7.778611245358972,4.146378559014087,-1.0638596671466727,0.4152709385834357,53663.78743356885,11.04799420787129,4.486455427279455,-0.7237827988813049,0.41190390154739287,28531.302413902933,3.770626017906937
134,2.2586932939248783,0.0,0.3675562854787317,0,1.0,4.231895153435662,1.9732018595107836,0.392204017434391,61085.57084751945,8.968207244017984,2.503762805136296,0.24506951121141785,0.4074874877748407,29771.396698996614,8.06802930857202,2.498342099360805,0.23964880543592676,0.40473581695869393,39275.37908894851,11.718537864352891,2.3433625636163313,0.08466926969145308,0.3681623467398784,11556.301036325889,2.475587358189405
135,2.383561774699251,0.0,0.38911941289825996,0,1.0,4.193383110841348,1.8098213361420976,0.39147979603444355,57540.56389934653,8.617046398781145,2.7584558134822124,0.37489403878296146,0.3953630893925791,35024.09911257906,8.351250418014544,2.6957569808891795,0.3121952061899286,0.407968373700045,49682.38689995123,13.32819710061546,2.5216487488672796,0.13808697416802868,0.38911941289825996,18144.035546272462,3.26520647863696
136,1.88364628229965,0.0,0.4121364201527473,0,1.0,1.961795995093485,0.0781497127938352,0.3998651933175324,10584.351410680265,3.9134438742694817,1.8232848025885753,-0.0603614797110745,0.4131045933423206,17017.472922396315,6.225853178936735,1.8720405182707873,-0.011605764028862467,0.425288966791571,26059.68949712479,8.637027653712325,1.8534182889400412,-0.03022799335960881,0.4121364201527473,2385.260110697533,1.2462191009924735
137,4.19591042545038,0.0,0.35565738563608723,0,1.0,4.374495783020236,0.178585357569856,0.37511087858524245,33013.63374501248,5.7801026381029015,4.0773034025980035,-0.11860702285237669,0.37517255898328344,45583.71448865256,8.603369723662214,4.055740381619681,-0.1401700438306987,0.38526412922738157,60066.18243210567,10.65593335085929,4.19591042545038,0.0,0.35565738563608723,0,1.0
138,1.933235592063904,0.0,0.39523420151225186,0,1.0,1.842859083668193,-0.09037650839571085,0.3826092294663501,16952.558516468096,4.323818347091854,1.6518022399273677,-0.28143335213653625,0.3875587821561137,22049.339979365584,6.901464162909005,1.7028861843193162,-0.2303494077445881,0.3857628807637083,25558.98228530525,9.259584397914757,1.8936505233269174,-0.03958506873698672,0.39523420151225186,11761.667515899167,2.3695942138069515
139,6.088014390434285,0.0,0.40625016570668193,0,1.0,3.5111852214128465,-2.5768291690214387,0.2798368039972405,36107.035247659645,6.0685851368514125,3.0677375193564203,-3.020276871077865,0.2835744034223994,41715.30400699016,9.064960097307146,3.0687301585104505,-3.019284231923834,0.27575018328100864,49721.232015120404,12.518163752941089,4.118915917871938,-1.9690984725623473,0.2960094828690162,25313.070954391525,3.4496219665957195
140,1.8575522112821052,0.0,0.4280692080433717,0,1.0,2.0187673827541763,0.1612151714720711,0.44023185984541885,16215.252137085023,4.410856288208475,1.7033767695777509,-0.1541754417043546,0.44353515178421826,21081.525486900846,6.119558398817313,1.743444847139088,-0.11410736414301734,0.4337819712941936,23267.369483820312,7.788637674504881,1.8575522112821052,0.0,0.4280692080433717,0,1.0
141,1.7446914836883312,0.0,0.43276216115048455,0,1.0,2.232632630617877,0.48794114692954577,0.4410650693777182,8479.863333939524,3.6143871234943896,2.2221639518514618,0.4774724681631307,0.4458984447530701,18072.74008788961,6.187161373963799,2.1527459132733293,0.40805442958499827,0.44783878464941324,27387.213419465446,8.122195165318441,1.7446914836883312,0.0,0.43276216115048455,0,1.0
142,7.376722517344426,0.0,0.34403318981090647,0,1.0,2.581404054232915,-4.795318463111511,0.3425486080325735,24564.743535529582,5.292506184976714,2.0098366422716842,-5.366885875072741,0.34412974842044125,24559.785867839728,7.229214583745582,2.0549813240396833,-5.321741193304741,0.3400617613617265,29456.270431486868,10.654052648445596,3.5302764517234104,-3.8464460656210147,0.324169513644526,31857.018370378886,4.320595367255921
143,8.036197356467968,0.0,0.42347231966489784,0,1.0,4.673881954003596,-3.3623154024643718,0.2819014407990385,60492.14468232397,8.279724415576597,3.707453735066527,-4.328743621401441,0.2715722874478455,51131.83591334161,10.023566476061912,3.51688204851194,-4.5193153079560275,0.2722826754899634,60538.81987647004,13.566142970646215,5.415986713923039,-2.6202106425449285,0.34339758691938754,59660.34217864351,6.9138063411196224
144,1.8202860090536137,0.0,0.4077982210873577,0,1.0,2.149611675589555,0.3293256665359414,0.4350617929833541,14112.916523299808,4.6070555640361315,1.9431822942550543,0.12289628520144091,0.46037152166621703,18414.39568316585,6.868815248411779,2.1245284959331348,0.30424248687952116,0.47353591101976983,33207.321959264875,11.61573508367218,1.8194400347697792,-0.0008459742838342209,0.4077982210873577,0.0,1.03439287672338
145,1.1000185603725048,0.0,0.3592831402896216,0,1.0,1.251405307063501,0.15138674669099594,0.37420264192187097,12672.068174245958,4.045840317592608,1.0682512649874538,-0.03176729538505111,0.38370499219071424,17067.31940552995,6.223124475286294,1.1773120697700499,0.07729350939754484,0.3998497477991226,20349.654402562166,9.052143030813292,1.0529293992112216,-0.04708916116128326,0.3592831402896216,2278.6593519785843,1.3914179088656742
146,2.3108550563418278,0.0,0.37147883245467367,0,1.0,3.397097203662561,1.086242147320733,0.38638371963671886,46091.48224470866,6.92333812996719,2.398122327960741,0.08726727161891351,0.38496269848076214,28417.53183968907,6.986220785263477,2.3284179825221996,0.017562926180372015,0.38576851867327283,37603.01202344382,9.691746546297866,2.448953417371564,0.1380983610297361,0.37147883245467367,12506.046801168914,2.381725220884617
147,2.3129164183444053,0.0,0.40546624528697417,0,1.0,2.573769695888362,0.26085327754395665,0.4235198842562666,14937.580319952438,4.197221445357762,2.420001455413632,0.10708503706922697,0.42797377316903346,26051.892278257234,6.845899845580572,2.488168090789793,0.1752516724453878,0.4338156645656116,32915.132792792436,8.537890232432957,2.2546284082331742,-0.05828801011123112,0.40546624528697417,3063.413243264853,1.358454109755872
148,2.2325512193201638,0.0,0.27827222762916043,0,1.0,2.2014117495428684,-0.0311394697772956,0.27126972168874675,16471.61839299327,4.648562127060334,2.0677552359513345,-0.16479598336882947,0.2818061076037844,27480.63846968228,7.89747351962411,2.1105821399037317,-0.12196907941643206,0.28781892990542673,32993.198131389356,10.636384953080238,2.1561926116605616,-0.07635860765960242,0.27827222762916043,5621.724083998339,1.7911815429126532
149,4.651332697723672,0.0,0.47095218675656014,0,1.0,4.356616327630593,-0.29471637009307977,0.4896797358733855,48098.35556074342,7.786256540930683,3.450590390659128,-1.2007423070645438,0.49978215707902257,39784.44998385659,9.222447575979038,3.523515201619497,-1.1278174961041751,0.5135711921333912,56346.01864777683,14.307445326677012,3.733205872221151,-0.9181268255025207,0.47095218675656014,32933.54509833867,4.282604499287467
150,2.0536279333367093,0.0,0.328343709034081,0,1.0,2.090461224183054,0.03683329084634432,0.3452458042664926,17235.047695393077,4.4437215396504275,1.880982878201912,-0.17264505513479758,0.3652084163466355,26311.75307988268,7.331111060028359,1.9521776975988154,-0.10145023573789397,0.3847583175602933,34638.37548967908,9.920435612312527,2.0526536826726223,-0.0009742506640870124,0.328343709034081,2617.042743295868,1.3796542836913828
151,2.648231699393289,0.0,0.4329465924356572,0,1.0,1.5718548884182093,-1.07637681097508,0.4045008584397832,13020.157224109797,3.9264987277233785,1.4253469401408303,-1.2228847592524588,0.40762263857829245,19385.86521676005,6.231567047599901,1.5004340463870118,-1.1477976530062775,0.4124984394795957,30821.354316253914,9.300451731034185,1.9238088549111736,-0.7244228444821155,0.4329465924356572,14949.990854084825,2.7091413106606494
152,2.8529357772496757,0.0,0.40237984708548785,0,1.0,4.590301549797649,1.7373657725479739,0.42022120236667915,52643.41072161211,8.257462125862018,3.3450290620839658,0.4920932848342904,0.43822234889051537,32624.559302910213,8.358345525317636,3.2730858502751303,0.42015007302545476,0.43849501029364285,46893.8786266193,12.261562220439814,2.959889452943309,0.10695367569363327,0.40237984708548785,11974.06972083433,2.4087424764644383
153,1.8002619138163554,0.0,0.35033449213346296,0,1.0,1.756129564288007,-0.04413234952834842,0.35590621696021546,8251.738832978046,3.2280823475815006,1.7048417715552424,-0.09542014226111292,0.3531527393900157,16553.105568060026,5.193554509204891,1.7393720427205759,-0.06088987109577982,0.3485331127643533,19753.21705654523,5.7523178326304505,1.7659256563494452,-0.03433625746691017,0.35033449213346296,4004.7666458157473,1.5753061909327821
154,8.280096497114952,0.0,0.4355026530553233,0,1.0,3.677583945147372,-4.602512551967581,0.38701510705481373,37169.31463809206,6.406870920184215,2.9402639406025544,-5.339832556512397,0.39445757359766026,39859.35433213278,8.741743833253556,2.8479581658956707,-5.4321383312192815,0.3851618534518232,37608.12780498207,11.339336423800185,4.746412620498516,-3.5336838766164367,0.37207232036539717,27467.510326668555,3.8598617646232385
155,2.0989971006296972,0.0,0.2837344788344659,0,1.0,2.6576744601089937,0.5586773594792968,0.3332004097475082,21778.063758238208,5.329345193557322,2.2770978589949022,0.17810075836520525,0.3413049578805088,28814.473266187917,7.8546228094144865,2.276657824707534,0.17766072407783706,0.36703989566367523,35979.56695656596,10.414223606463102,2.056350227194745,-0.04264687343495199,0.2837344788344659,2666.8504474997953,1.3511125740536267
156,4.40790877837006,0.0,0.32707499654051647,0,1.0,4.102235815949361,-0.3056729624206992,0.35127235578090177,49703.667719755686,7.4987189680582365,3.2807808118855437,-1.1271279664845164,0.3653035730422754,41665.73510861676,9.092172043557865,3.2029725995563885,-1.2049361788136717,0.3882767459833526,59539.153390192354,14.332797630992061,3.45472424734269,-0.9531845310273697,0.32707499654051647,33728.03961951994,4.269922283322015
157,1.9048386316627912,0.0,0.42481149338156715,0,1.0,2.087334255088517,0.1824956234257261,0.4083684585009633,9150.715839198261,3.6173379642628656,1.9494825254074826,0.04464389374469174,0.410945484072604,19113.05243365358,6.105609010829041,1.9110417765050038,0.006203144842212787,0.40968718559415185,26534.201297725194,7.4833268625576235,1.9170732551827085,0.012234623519917368,0.42481149338156715,304.70906712859926,1.0387235854612988
158,7.845723526317499,0.0,0.47956761724871927,0,1.0,4.0791156490080125,-3.766607877309487,0.4517541602401585,32749.624985740487,6.607510481149503,3.308284396200299,-4.537439130117201,0.48008958522922385,36524.944277036266,9.5491254348366,3.356059513610944,-4.489664012706555,0.4765534922506427,55024.89149613851,14.974029008012828,4.2068803266637955,-3.6388431996537043,0.47956761724871927,30579.48541798156,4.134569841269977
159,4.47588724624716,0.0,0.37060539273785126,0,1.0,3.9957838484517403,-0.48010339779541944,0.37454505329028426,47388.95744503416,7.364141365960658,2.9797794900250447,-1.4961077562221152,0.3787549000676665,34420.900490119006,8.17675814493023,2.7909352804425196,-1.6849519658046401,0.37688305364292535,40963.47239529486,10.725032689049504,3.5300517335426402,-0.9458355127045198,0.37060539273785126,32089.416610381362,4.376364938051701
160,3.0762740506000865,0.0,0.4674776509921791,0,1.0,2.3782943249867157,-0.6979797256133711,0.4768134161500369,15814.695806268572,4.996084813557489,1.9558216327776092,-1.120452417822478,0.4999561988979332,22113.310408622998,7.398202530770212,2.294314640193853,-0.7819594104062341,0.5253609220778173,39825.609506712906,13.090214287282903,2.4467641143034142,-0.6295099362966726,0.4674776509921791,12919.059108901187,2.690242127868164
161,2.1994119696457357,0.0,0.4049192141944267,0,1.0,2.501306614981285,0.30189464533554916,0.41455468259535777,18985.123203741427,4.9383376048947625,2.218002653215997,0.018590683570261463,0.4193531889430875,25953.36432389347,7.3429942449299315,2.25296360339461,0.053551633748874304,0.42187870061636495,30887.271256682467,10.421105690535184,2.1994119696457357,0.0,0.4049192141944267,0,1.0
162,5.265272407972058,0.0,0.4536771750777225,0,1.0,4.930446090201291,-0.3348263177707675,0.45417372067662076,55879.1312843985,8.111459726561081,3.8809565441706786,-1.38431586380138,0.46883111671789535,44158.92315005937,9.199039373662252,4.021897051391061,-1.2433753565809968,0.46858344172372074,62002.42631949033,15.324138543058071,4.0411136892447175,-1.2241587187273404,0.4536771750777225,36508.47638735453,4.657088343584241
163,2.3111744941406243,0.0,0.3598747624219032,0,1.0,2.6587455853905895,0.34757109124996527,0.3542756401549302,8595.748288975275,3.579157565123133,2.5162169138329227,0.20504241969229828,0.3578081993745157,16820.91075962792,5.5936626418453095,2.575345615731456,0.2641711215908319,0.3741137816347779,15600.332115161533,5.5663808048584595,2.3111744941406243,0.0,0.3598747624219032,0,1.0
164,2.253565114982477,0.0,0.29886603804315587,0,1.0,2.960697730199265,0.7071326152167883,0.34332000523958106,25671.031542748653,5.6431693693530445,2.549259674721451,0.2956945597389742,0.3563997813107902,30590.76067197368,8.037449940076982,2.5893868051676243,0.33582169018514746,0.3585085618086497,32613.507495322643,9.564262228269184,2.234406039523294,-0.019159075459183078,0.29886603804315587,7120.093235878861,1.8653841554994273
165,2.1852369700535594,0.0,0.2950871881462096,0,1.0,2.606252890029561,0.42101591997600163,0.3406761984009258,23821.842367316498,5.467978458548613,2.302477570335692,0.11724060028213251,0.352654623101902,29549.760826454243,8.35493000017071,2.4920082833943904,0.30677131334083096,0.3824024790470306,41339.0314885511,13.368462422570031,2.1852369700535594,0.0,0.2950871881462096,0,1.0
166,1.245508025838416,0.0,0.37245215532603476,0,1.0,1.8748084652135422,0.6293004393751265,0.4060253037818884,17196.018076549666,4.888439348394844,1.5211946725271117,0.2756866466886961,0.4142872386943138,16788.311510195374,6.535719228525065,1.5383029876206877,0.29279496178227216,0.41999733089123725,25161.071080539485,8.776083895693619,1.2444815119610428,-0.0010265138773727814,0.37245215532603476,0.0,1.0136066599858913
167,2.354894684447286,0.0,0.3781858770102342,0,1.0,2.5466251662396755,0.19173048179238977,0.37558351598591955,17992.830691099898,4.611258811267712,2.357390006713589,0.0024953222663031192,0.3760343751357881,24830.234852077578,7.8102079080551325,2.2894619999029,-0.065432684544386,0.37913607234905894,27108.47254017469,9.987175552690372,2.4066188188794126,0.05172413443212688,0.3654181077852402,9237.099118031296,2.1731210780713517
168,1.2637494463526622,0.0,0.35448544646509306,0,1.0,1.436299691906537,0.1725502455538744,0.33692494015908747,12485.236464058202,3.8653926985242015,1.2562892098584952,-0.007460236494167184,0.33939666574872995,17767.942953035377,6.227362180998884,1.2643054529882942,0.0005560066356320749,0.3452626432242992,19948.873905573055,7.682609204613368,1.3322075268703046,0.06845808051764209,0.35448544646509306,1042.6258577814453,1.1409227301262836
169,1.9955938771799864,0.0,0.3471778214470968,0,1.0,3.3927185725818747,1.3971246954018879,0.37558508271627794,35969.319812675916,6.897966113676298,2.5870969501648324,0.5915030729848461,0.3948853746691964,31286.329931417946,8.228022458627063,2.6014174919466333,0.6058236147666466,0.40268151766102994,37285.55921374845,11.603562840885742,1.9955938771799864,0.0,0.3471778214470968,0,1.0
170,2.8899094476220517,0.0,0.43350077459261877,0,1.0,3.3978487811640106,0.5079393335419591,0.44853880390811574,24184.59056077279,5.400089612888823,3.0643635566101626,0.17445410898811067,0.44853327439930624,33228.18331850825,8.05428974385958,3.145460748756702,0.25555130113465013,0.4471187525529008,44982.35480729845,11.183473142810707,2.8899094476220517,0.0,0.43350077459261877,0,1.0
171,2.5071063186160445,0.0,0.321880005449463,0,1.0,2.7058945002941193,0.19878818167807477,0.34516708715185884,20706.504837786302,4.625658084631202,2.680205057054877,0.1730987384388328,0.3501018459031595,40227.590630431645,8.914729033091092,2.621647033102729,0.1145407144866843,0.35119200667987127,46121.068838351755,10.396346552262115,2.5071063186160445,0.0,0.321880005449463,0,1.0
172,1.8141224252080832,0.0,0.3489632965267389,0,1.0,2.13445480224062,0.3203323770325369,0.3447769422486768,21184.465018587995,5.035691077936764,1.8506642205844441,0.03654179537636112,0.3636563657551519,25604.823561309986,7.086807888302636,1.9403438810249778,0.1262214558168949,0.35848242741612113,32704.804900649073,9.990684850407062,1.8141224252080832,0.0,0.3489632965267389,0,1.0
173,1.1129421702742652,0.0,0.5044597460975753,0,1.0,1.9768745798858647,0.8639324096115993,0.5152483731904836,16626.374329310922,5.355435366078788,1.5717588057259309,0.4588166354516655,0.5344844247072695,16533.822092438168,7.13131972774659,1.7221858113554034,0.609243641081138,0.5470240283269014,31314.93208240578,12.247216804207488,1.1065884471262555,-0.00635372314800974,0.5044597460975753,347.1598809352487,1.114111290471605
174,1.7176865582980727,0.0,0.35565815166451414,0,1.0,2.0805629014207603,0.3628763431226875,0.3626567275312382,18487.732601113163,4.7773147704594665,1.8569153894167054,0.1392288311186328,0.3574528764319825,20888.232930240312,6.962013040057486,1.9205946553646145,0.20290809706654167,0.35034185053415373,28934.883156269054,10.083731230645789,1.7210940461310882,0.0034074878330156207,0.35565815166451414,1353.591313248914,1.2178706134351334
175,1.0478521890864356,0.0,0.36343727062940345,0,1.0,1.3174013701912188,0.2695491811047832,0.3871696283961041,8418.498531255744,3.5876274384413596,1.2548762483058513,0.20702405921941536,0.38937724986197114,13427.132856290056,5.69281504583882,1.4095651294762752,0.36171294038983937,0.4096104903796117,20375.740652627792,8.379856604217764,1.0478521890864356,0.0,0.36343727062940345,0,1.0
176,7.1848829026575824,0.0,0.401680592793673,0,1.0,6.397927249205204,-0.7869556534523773,0.39184852431839773,92159.4348276173,11.54710332569874,4.144831198104205,-3.0400517045533766,0.40265614867072247,58131.12333977937,11.180648212463012,3.696616883860198,-3.4882660187973835,0.40216918654344097,60678.40376970492,14.27579564966356,5.526853268932699,-1.6580296337248828,0.3887898722296884,66904.50570597159,7.473500443477109
177,2.1021811882041646,0.0,0.35110138903204535,0,1.0,2.1108590235079734,0.00867783530380868,0.36454490940708495,8835.76036489999,3.338998610375821,2.0820875568708908,-0.02009363133327395,0.3672223919774557,15919.308675993587,5.506365435995409,2.038742422618404,-0.0634387655857607,0.36112668778976315,14174.666494801375,5.0251893078307805,2.1029303667786694,0.0007491785745049128,0.35110138903204535,0.0,1.0385119639731577
178,1.9266983177231611,0.0,0.31605069557985566,0,1.0,2.4839255819692765,0.5572272642461152,0.2847010077655091,19396.350842719272,4.878623068515848,2.261926032658167,0.33522771493500564,0.28325964914390744,28832.826299645065,7.985513167259903,2.3133514909703803,0.38665317324721893,0.2924780631114008,42109.05334100522,12.257504842206025,1.9353084072771982,0.008610089554036967,0.31605069557985566,1587.898780615403,1.2109078051563251
179,1.1885543048975684,0.0,0.40369042716894493,0,1.0,1.4684191522398704,0.2798648473423021,0.4092607212472125,7280.194415704246,3.382548235638494,1.3835856001686073,0.19503129527103882,0.41841474636545256,13191.770606958426,5.535242526831843,1.3777315121037703,0.18917720720620215,0.4137618451059922,16800.418390484007,7.159977730101193,1.3444474417267633,0.15589313682919514,0.4004258695051762,1515.7943635499475,1.3616405247470575
180,1.0307520977470044,0.0,0.3532485869321803,0,1.0,1.6753388119656587,0.6445867142186544,0.394475782397135,17838.644921430612,4.8770512152414,1.2205854925457231,0.1898333947987188,0.428832002625817,13564.203117595518,6.0325032512366565,1.1837202841887353,0.15296818644173094,0.45260614139533245,16929.221611165016,7.749722015996383,1.0307520977470044,0.0,0.3532485869321803,0,1.0
181,7.950548008412298,0.0,0.3641123889456064,0,1.0,4.115439780888108,-3.8351082275241897,0.37566998599032975,34248.76447597082,6.209667656176707,3.4744644497420945,-4.476083558670204,0.3801985681046207,40367.83944022472,8.874478831212906,3.4025027786156716,-4.548045229796627,0.38358978768156654,54474.64694444649,12.223795282836997,4.59765552645836,-3.3528924819539383,0.35009807609647964,29220.505548738256,3.8380290993748636
182,1.3651319022177733,0.0,0.390323339566388,0,1.0,1.3893140483310211,0.024182146113248017,0.39396666527889024,15414.559890009183,4.300642485779734,1.1895738492332142,-0.17555805298455932,0.3932750471047007,17051.686325075356,6.325122108359296,1.2011496459336404,-0.1639822562841329,0.38400414992043336,19486.036594136734,7.769293137435972,1.3604189523452286,-0.004712949872544559,0.390323339566388,1303.3829530483806,1.20481920379609
183,2.6652563865628442,0.0,0.30290432939787654,0,1.0,3.4148814719210705,0.7496250853582263,0.33536242587981707,33350.20143712827,6.538126852552583,2.8979271289310176,0.2326707423681731,0.3556749526995596,36264.719976440196,9.004333596431575,2.8087448070522276,0.1434884204893833,0.37678960553295887,45204.107068374964,12.213349664548282,2.652877558444619,-0.01237882811822521,0.30290432939787654,516.4552231143953,1.1077264425444222
184,1.8304797952602074,0.0,0.3647400988551964,0,1.0,1.5274204554935116,-0.3030593397666962,0.3653457565184408,13068.26641385116,4.212100684629164,1.2899656843893013,-0.5405141108709062,0.3648078371351524,18391.16574700182,6.272940662684877,1.3425211824511805,-0.48795861280902697,0.3500382458553958,17014.4203933916,7.98545754063182,1.8226484114198445,-0.007831383840363124,0.3647400988551964,223.91775556202484,1.075040096518281
185,1.9454034363832133,0.0,0.3221275528618177,0,1.0,2.873788127915159,0.9283846915319457,0.3281440108429906,30998.222530178165,6.15677020366712,2.244488822249404,0.29908538586619077,0.3339454710896172,28340.308560902755,7.79014609056462,2.190059196709948,0.24465576032673475,0.33007420618465205,30217.888090876615,9.858766090909052,1.9624159694770889,0.01701253309387539,0.3221275528618177,372.60193116980577,1.1083944075925953
186,1.2853157124231256,0.0,0.34328180911632716,0,1.0,1.9697230345421,0.6844073221189741,0.3778003353909035,18561.757639188796,4.85792865189886,1.9015246689050471,0.6162089564819212,0.4019008900555402,24055.62318148728,8.089510618659675,1.8832233847270836,0.5979076723039578,0.42179784505261203,34531.04917874527,12.427419265951395,1.2853157124231256,0.0,0.34328180911632716,0,1.0
187,1.6843811008371312,0.0,0.36620070489652823,0,1.0,1.69581474754108,0.011433646703948617,0.32865028385787665,13745.998983818512,4.361575993486783,1.5444120113695452,-0.13996908946758602,0.33274465708073087,18839.543658058286,6.729160363270847,1.6429253599986766,-0.0414557408384548,0.33355474218812153,22092.93361324268,9.062008901570652,1.834536401185717,0.1501553003485856,0.3454584984529732,4599.336790620288,1.9252172127929108
188,2.5156302880946955,0.0,0.33902886192537685,0,1.0,3.062874760718925,0.5472444726242299,0.35682559321511614,20303.721285118965,4.677799001124252,2.928581327212305,0.4129510391176096,0.3644521453929924,33850.962849028416,8.12455653706315,2.9610315920882684,0.445401303993573,0.3715236123878582,39887.22101227766,11.269910153306157,2.5156302880946955,0.0,0.33902886192537685,0,1.0
189,1.5154096456566863,0.0,0.36002383079647854,0,1.0,1.9224534602496157,0.40704381459292927,0.37116016972731875,14384.652293821582,4.104601489900249,1.815054869911716,0.29964522425502976,0.3745439134893723,25861.24397846718,7.207259990651713,1.771891796560363,0.2564821509036768,0.3710739909622867,29296.65416698695,8.89967343993622,1.5154096456566863,0.0,0.36002383079647854,0,1.0
190,2.100414743290184,0.0,0.3807391637315986,0,1.0,2.2426373306570557,0.14222258736687188,0.3691370614788324,16891.41106736355,4.377886085258308,2.1519978012273406,0.05158305793715699,0.3742804875269162,22259.329550123424,6.9936590295499,2.1303505821845845,0.02993583889440051,0.37450569360947,29807.869911688264,8.85626564609067,2.100414743290184,0.0,0.3807391637315986,0,1.0
191,6.502010942936387,0.0,0.357147409338973,0,1.0,4.836962241865162,-1.6650487010712247,0.3747345639405347,48065.72760418752,7.22016229103957,4.077794059072487,-2.4242168838638998,0.3795403142972471,54309.22028838379,10.456580214267953,4.049029731932029,-2.4529812110043583,0.376814472994146,64728.63732478129,15.306072327871176,4.727254047161465,-1.7747568957749218,0.3562043720001836,26130.721969190214,3.4280618038218886
192,3.056550314574892,0.0,0.3344530763501313,0,1.0,2.7916257699309797,-0.26492454464391224,0.3662931082301437,24292.9721937069,5.7846064133466175,2.4750634600387507,-0.581486854536141,0.4080861443537671,27946.25357367002,8.535727892022088,2.689228376620713,-0.367321937954179,0.45027155684264614,42426.57654919762,14.264308801675208,2.4109562314003172,-0.6455940831745748,0.3344530763501313,11402.826566337055,2.4045762346504214
193,2.0223732191265764,0.0,0.3318295805193092,0,1.0,2.491659121580036,0.4692859024534596,0.34936763251364783,17749.734503914056,4.594188122841732,2.334194194000131,0.31182097487355465,0.35135228470414753,25129.945304228357,7.092624896914571,2.2996103992256627,0.27723718009908627,0.3538302025447053,38756.41715956507,9.893636715780938,2.0256305780186707,0.003257358892094344,0.3318295805193092,2490.395200641811,1.3538735015092112
194,4.634313559758097,0.0,0.3118315275949471,0,1.0,4.400761741564041,-0.2335518181940564,0.3264774290084601,64039.54180454725,8.615854365475101,3.1267607394232346,-1.507552820334863,0.33090959328296843,54215.47755551143,9.792728250346018,2.987360193246867,-1.6469533665112301,0.33569938545897593,62420.89869337538,12.769556743399956,3.6906121375335283,-0.9437014222245692,0.3118315275949471,37375.37181655685,4.630168821352061
195,1.479640187393409,0.0,0.3572855991461608,0,1.0,1.505631795762151,0.025991608368741873,0.37279770159810327,9861.676150379986,3.4963934107992354,1.4315066908394556,-0.048133496553953735,0.3756311446879197,17542.5432486594,5.839173777825174,1.4593665408413257,-0.020273646552083375,0.3785232452077888,22657.400375276644,7.037076933166566,1.479640187393409,0.0,0.3572855991461608,0,1.0
196,6.073578674303712,0.0,0.3468834922033772,0,1.0,4.1189424884518955,-1.9546361858518166,0.35803530275321566,38335.65932698596,6.520842135865333,3.5288846916113688,-2.544693982692344,0.37287210727101144,40287.81905270729,8.927883284052454,3.4171083112360874,-2.656470363067625,0.376384317776939,48289.427864575206,11.93083306325767,4.0770610858806355,-1.9965175884230766,0.33672080118110154,22566.875789781618,3.2757249313127326
197,1.7011764549347248,0.0,0.38540295230400273,0,1.0,1.9368550800871565,0.23567862515243176,0.3768339869403154,19369.01489108651,4.594525804091399,1.7323885529947347,0.031212098060009883,0.376789480859675,22230.07605779425,6.957640283755175,1.802954807210301,0.10177835227557633,0.3738536734601763,29857.10001111803,10.177452702110237,1.7011764549347248,0.0,0.38540295230400273,0,1.0
198,1.5202853946672295,0.0,0.30923030794572626,0,1.0,2.188491971026531,0.6682065763593014,0.3118785253523144,21004.26260642054,5.025942957823948,1.7473146392465941,0.2270292445793646,0.3266878457942722,18642.009875056334,6.576937078156389,1.6962593939174124,0.1759739992501828,0.32823052667715097,21060.63144006074,8.712927998794932,1.5202853946672295,0.0,0.30923030794572626,0,1.0
199,0.842438568036578,0.0,0.36719892924339403,0,1.0,1.0806904819409597,0.2382519139043815,0.35493320747366675,7606.887773947456,3.667780383725927,0.9295586969883225,0.08712012895174441,0.3668489712085957,11037.504764918343,5.382674715610239,0.9768577209523228,0.13441915291574463,0.3758814815879597,14325.433085868319,7.351347364223482,0.842438568036578,0.0,0.36719892924339403,0,1.0
