portfolio,drift_even_mult,drift_even_vs_base,drift_even_mdd,drift_even_tax,drift_even_sells,drift_even_eqshare,buy_only_mult,buy_only_vs_base,buy_only_mdd,buy_only_tax,buy_only_sells,buy_only_eqshare,buy_capped_mult,buy_capped_vs_base,buy_capped_mdd,buy_capped_tax,buy_capped_sells,buy_capped_eqshare,full_annual_mult,full_annual_vs_base,full_annual_mdd,full_annual_tax,full_annual_sells,full_annual_eqshare,cash_band_mult,cash_band_vs_base,cash_band_mdd,cash_band_tax,cash_band_sells,cash_band_eqshare
0,4.2177837652581625,0.0,0.22534816732074167,0,0,0.9851817913201687,4.026598852147429,-0.1911849131107335,0.24196031577579616,0,0,0.9844750224188535,3.813155538063173,-0.40462822719498925,0.23789386658088876,0,0,0.9262408956025316,3.333251840954447,-0.8845319243037153,0.2241519449284228,52797.67638829279,44,0.7971858649656423,3.467924507268328,-0.7498592579898347,0.21953727935214776,6929.408863390485,30,0.8548321579052462
1,5.0675427457483035,0.0,0.34034589377872054,0,0,0.9876666062555787,4.794368407312665,-0.27317433843563865,0.3354675328978904,0,0,0.9869614923551978,4.629851019354633,-0.4376917263936706,0.3284676049015077,0,0,0.9419527758287433,3.275586045621885,-1.7919567001264185,0.31799409902134335,51183.5688964255,46,0.7984459448090425,4.21050619712438,-0.857036548623924,0.30403532238497677,6554.100238549378,30,0.8815853672964018
2,3.7265928582935883,0.0,0.2925888231226395,0,0,0.9832286481575508,3.754499991120614,0.027907132827025727,0.29868139744595107,0,0,0.983351690860058,3.557401365359193,-0.16919149293439517,0.29868139744595107,0,0,0.9244524604804082,3.2962590432555516,-0.4303338150380367,0.27298526428176645,50595.02879633354,45,0.8052654660340601,3.269155281829626,-0.45743757646396244,0.2662114498958654,7553.601670471849,30,0.8457213359423916
3,2.407812721781409,0.0,0.3568215724875393,0,0,0.974042831722494,2.622748057708359,0.2149353359269499,0.3770211938799963,0,0,0.9761700328720824,2.505869551894941,0.09805683011353183,0.3770211938799963,0,0,0.9151990973196081,2.488984464728771,0.08117174294736174,0.34895747231175817,19111.475037223063,43,0.7965645604797288,2.3684237021243235,-0.03938901965708563,0.3338677270769931,6153.116457037297,30,0.7890164563028073
4,5.3971715231789,0.0,0.2938978370468875,0,0,0.9884198603413686,5.1060440017092805,-0.29112752146961984,0.2949942021295451,0,0,0.987757062182991,4.909690574354354,-0.4874809488245466,0.2821959067957426,0,0,0.9299833768043614,3.482913047508605,-1.9142584756702954,0.2624120573565157,41305.463876362264,43,0.800873525949342,4.4020558734497195,-0.9951156497291809,0.261903038324801,6228.597809926247,30,0.886206891150621
5,1.5824247309144324,0.0,0.285563664184144,0,0,0.960503650645119,1.6818348027571774,0.09941007184274508,0.2834814578407326,0,0,0.9628382050974696,1.6445159456578662,0.06209121474343382,0.2834814578407326,0,0,0.9087849586970405,1.6411802038091388,0.058755472894706395,0.26262209751235305,6356.648298012736,50,0.8152168491494599,1.598262309410748,0.01583757849631562,0.2522517327233477,1089.9449498702904,20,0.844295031998108
6,1.6877114867272736,0.0,0.3193615372615092,0,0,0.9629676040653151,1.7232910237444206,0.035579537017147,0.29032125948007736,0,0,0.963732185023399,1.6950718101200735,0.007360323392799906,0.27652339388616665,0,0,0.900446695536724,1.6676856689900141,-0.02002581773725942,0.22738418991923864,10638.432378622521,50,0.8101761538897376,1.6441054641520418,-0.04360602257523172,0.26993646191993,1453.8698195607483,20,0.8486000241790209
7,2.100308364637336,0.0,0.2997818277519659,0,0,0.9702424648435888,2.1908372765829265,0.09052891194559054,0.30227853292734325,0,0,0.9714720939487199,2.1279247066398987,0.0276163420025628,0.30227853292734325,0,0,0.9060117120798836,1.946966318115582,-0.15334204652175387,0.28190698721623647,8291.070677310961,49,0.8112155414644984,2.012634977904796,-0.08767338673253988,0.2692113872281172,1418.2424373764213,20,0.8760529741267187
8,1.9523599136676333,0.0,0.3564460865570388,0,0,0.9679874599132751,1.9270254403975224,-0.025334473270110847,0.36582114138162036,0,0,0.9675657999010734,1.8937415317810269,-0.0586183818866064,0.36582114138162036,0,0,0.9075903458507265,1.7665782196830813,-0.18578169398455202,0.33964618645499345,6636.631309597711,49,0.8121078089554699,1.8104178745231603,-0.141942039144473,0.36582114138162036,1064.032702065583,20,0.8603538630656739
9,2.5102517612332877,0.0,0.2922175240879758,0,0,0.9751020989347723,2.638962018969941,0.12871025773665323,0.31651356091667776,0,0,0.9763164458030376,2.4839366081327987,-0.02631515310048904,0.31651356091667776,0,0,0.90438564365033,2.467462443901048,-0.04278931733223956,0.29163156185194317,14550.862608859783,50,0.8042819195186328,2.4038450741263917,-0.10640668710689605,0.283581917374736,1415.4533481208541,20,0.8960280119110364
10,4.396621854881533,0.0,0.3436465221621438,0,0,0.9857845404806405,4.0262707408218645,-0.3703511140596687,0.34728181479576964,0,0,0.9844754288107205,3.825710598705952,-0.5709112561755814,0.34728181479576964,0,0,0.9313829955720729,3.1419058104894377,-1.2547160443920955,0.31776078323025725,35437.0296357684,45,0.7988394924694056,3.4654799037536215,-0.9311419511279118,0.30782947263941207,5920.52901258149,30,0.8561339619706884
11,4.337299928131036,0.0,0.2785068907550265,0,0,0.9855901134264119,3.9911220757209653,-0.3461778524100705,0.30667025046131263,0,0,0.9843402434668176,3.9376893625932543,-0.3996105655377815,0.30667025046131263,0,0,0.9079409352490753,2.116570334896348,-2.220729593234688,0.2862042157881658,21601.350266822832,40,0.7986313408041734,3.5432199903816795,-0.7940799377493564,0.27546200995184206,5613.898258859478,30,0.8585323901483436
12,3.456838353348825,0.0,0.31382734940904955,0,0,0.9819198951147216,3.4365931408496158,-0.02024521249920941,0.30912369070609447,0,0,0.9818130182168489,3.376004360798286,-0.08083399255053925,0.30278827070834513,0,0,0.9296504319174504,2.262420212970509,-1.1944181403783163,0.2867835721709678,24109.892597614184,42,0.8050203235939057,3.1075268755522294,-0.34931147779659577,0.2815462210499469,6288.156611620326,30,0.8368588403355028
13,2.042786102979618,0.0,0.3215519730053552,0,0,0.9694045304553242,2.2263007838506548,0.18351468087103662,0.33388604614323947,0,0,0.9719256769400167,2.1625969926796405,0.1198108897000223,0.33388604614323947,0,0,0.904627771348706,1.9945470828087906,-0.048239020170827596,0.3087434661921455,9822.572909713837,52,0.7943894851947001,2.0738067982756236,0.031020695296005485,0.2968844651713793,1611.9800511684548,20,0.87862160365962
14,3.6317406203104707,0.0,0.3112847357524474,0,0,0.9827906212105376,3.4580691433841086,-0.1736714769263621,0.34532847953317153,0,0,0.9819247274083838,3.2730834625077625,-0.35865715780270824,0.34532847953317153,0,0,0.9197999414025706,3.1047714127235033,-0.5269692075869674,0.31656622798842854,42279.79576379188,38,0.8004574169543817,2.9881823010505575,-0.6435583192599132,0.30612537867369893,6421.39588905254,30,0.8332749820651335
15,1.9313324680390538,0.0,0.33338337803854673,0,0,0.9676389223324877,2.134647218439044,0.20331475039999014,0.35543925458308956,0,0,0.9707211573602766,2.0396878837898917,0.10835541575083796,0.35543925458308956,0,0,0.9080741708130308,2.116053003590295,0.18472053555124135,0.3225583399082486,12315.478678261381,47,0.8104064534452896,1.9743489077250547,0.043016439686000885,0.35543925458308956,1470.188715072056,20,0.8731679994100199
16,3.4682707791498126,0.0,0.37021559071830046,0,0,0.9819794923811224,3.3646776485348937,-0.10359313061491893,0.38239130342118033,0,0,0.981423960852692,3.2033290871822997,-0.26494169196751294,0.38239130342118033,0,0,0.9278087335320674,2.6559577117138384,-0.8123130674359742,0.3517956897168188,28863.80394295785,46,0.8060300265166899,2.8843585347534404,-0.5839122443963722,0.38239130342118033,5068.754232521604,30,0.824976983317859
17,1.6138362409945766,0.0,0.4230598793967172,0,0,0.9612724027306002,1.7160675111996,0.10223127020502343,0.4400073469850783,0,0,0.9635760269424201,1.6964445688366177,0.08260832784204108,0.4400073469850783,0,0,0.900523718904266,1.6542525555948595,0.04041631460028294,0.4018118275112148,6539.894083764484,54,0.8026032456951944,1.7263100373546596,0.11247379636008303,0.39226319620054856,1746.1020843440838,30,0.8122814471404646
18,4.296737377509375,0.0,0.29481739976530047,0,0,0.9854540795704325,4.282159607849626,-0.014577769659749329,0.3141017095853117,0,0,0.9854045608469542,4.093300606377717,-0.20343677113165803,0.30729745923761814,0,0,0.9312901672645815,2.978980877473555,-1.31775650003582,0.2909939462945006,31668.59658025758,40,0.8067847121721031,3.7720959288229534,-0.5246414486864217,0.28461069979418957,6556.450455262331,30,0.8654511051551487
19,2.1755050849150126,0.0,0.34446156660213995,0,0,0.9712710393400705,2.176350011159398,0.0008449262443854799,0.3441446468665021,0,0,0.9712821928092786,2.1020789262106585,-0.0734261587043541,0.3441446468665021,0,0,0.9048531329966053,2.054198387027592,-0.12130669788742043,0.31474291620456635,8465.882285856922,57,0.7942065875433624,2.020600548320852,-0.1549045365941608,0.30875311172871617,1711.7614814779306,20,0.8762930385091695
20,3.570681598962877,0.0,0.2570416466694462,0,0,0.9824963390692261,3.3035352644897844,-0.26714633447309266,0.2623425973200157,0,0,0.9810808739740657,3.1757422436018485,-0.39493935536102853,0.26015985898865446,0,0,0.9330865090112012,2.5852903036189376,-0.9853912953439394,0.24237914195875074,34304.59414682877,48,0.8053134933517825,2.9026072463642465,-0.6680743525986306,0.23583455693257435,3882.6088135030627,30,0.8235759345349137
21,3.4757085642272796,0.0,0.3405784372615569,0,0,0.9820180550684648,3.2889063565221046,-0.18680220770517497,0.36764589659574787,0,0,0.9809967225500176,3.184695940313434,-0.29101262391384575,0.36764589659574787,0,0,0.9293496132073896,2.7534831176903705,-0.7222254465369091,0.3355424083026159,39040.691139554176,45,0.7940591297330416,2.9170265210671644,-0.5586820431601152,0.32494373581500113,3935.597556559943,30,0.8209997812839452
22,3.1474674144544084,0.0,0.30641907159792675,0,0,0.9801427650329355,3.0020985569432543,-0.14536885751115403,0.30781940491927773,0,0,0.9791800119621611,2.9082912073347837,-0.23917620711962462,0.30781940491927773,0,0,0.9097397753296089,2.261735628923269,-0.8857317855311395,0.2824157822714106,14326.454150812377,54,0.8200343181859279,2.647585001785003,-0.49988241266940525,0.2749005491017413,5565.358466766254,30,0.8113584639743449
23,1.6851136135264264,0.0,0.28037465536320916,0,0,0.9629105126809777,1.9436251497550736,0.2585115362286472,0.2841522452959569,0,0,0.9678435937053624,1.8775912121471028,0.19247759862067637,0.2814610360615504,0,0,0.906795458154693,1.88547341973939,0.20035980621296368,0.25938151206053445,14452.331577926638,50,0.8046894037589594,1.8089024335054953,0.12378881997906888,0.2560436003766254,1555.7042574524544,20,0.8622584769924403
24,3.4672698806107043,0.0,0.33699056144800726,0,0,0.9819742903921308,3.440138464916641,-0.02713141569406341,0.3719694253289073,0,0,0.9818321266317068,3.227635638698145,-0.23963424191255944,0.3719694253289073,0,0,0.9302895291828067,2.6685439818579977,-0.7987258987527066,0.3467210842198008,29379.697380075257,41,0.7886934544441484,2.9473085699703367,-0.5199613106403675,0.3719694253289073,5705.300899327486,30,0.8302678836592158
25,5.4980144052743665,0.0,0.3023745613373461,0,0,0.9886322596863256,5.4500329227491076,-0.04798148252525891,0.3155266787617513,0,0,0.9885311430018549,5.120501641349588,-0.37751276392477884,0.3122514403039461,0,0,0.9499560750199347,4.033194542489504,-1.4648198627848625,0.29361039852878246,63365.14152949116,44,0.8026371664735007,4.475790241879693,-1.0222241633946734,0.28394797195072186,18730.305281228608,40,0.7799970951769777
26,5.071672107095425,0.0,0.3120114380489394,0,0,0.9876766481191557,4.609312714578939,-0.46235939251648617,0.2935498569234726,0,0,0.9864400083861179,4.484791492865423,-0.5868806142300027,0.28651123919341914,0,0,0.9428616731136569,2.9843995183741496,-2.0872725887212757,0.21264644339511743,53363.61271976,44,0.8000059424414061,4.08293911940219,-0.9887329876932354,0.25826272174366577,5398.539127897297,30,0.877447500637306
27,1.478509387417123,0.0,0.3275208535412076,0,0,0.9577276948446136,1.510901154992411,0.032391767575288055,0.3382090206027596,0,0,0.9586339584204541,1.492510979162871,0.01400159174574811,0.3349773698100589,0,0,0.9078682038086984,1.4327916455429983,-0.045717741874124584,0.3117984563153042,4017.074672726517,50,0.8141181745858784,1.4572646276181305,-0.02124475979899243,0.3048900454203631,1446.9424252280457,20,0.8293149327983805
28,2.0905637499681418,0.0,0.2864432193685616,0,0,0.9701037578973841,2.1062602504483694,0.015696500480227638,0.28579100730340673,0,0,0.9703265539067666,2.060533547128055,-0.03003020284008695,0.28579100730340673,0,0,0.8999045658404986,1.8653700334781247,-0.22519371649001707,0.2622205307495006,12380.28100433672,51,0.8091852667024827,1.9626635791538893,-0.12790017081425242,0.256617022870459,1635.482182915365,20,0.8723817342842283
29,4.331275405101746,0.0,0.3552906474880275,0,0,0.9855700702092547,4.181186060697672,-0.15008934440407362,0.37189266797880466,0,0,0.9850502996062497,4.096041241180012,-0.23523416392173413,0.37189266797880466,0,0,0.9145482324174888,2.2489766456240217,-2.082298759477724,0.3432278229142324,22238.885611942867,43,0.8159225640133099,3.695757399331427,-0.6355180057703187,0.3302935612434125,5199.793597323162,30,0.863818184063689
30,1.9624728115124181,0.0,0.3258692296436598,0,0,0.9681524250255303,1.9920615604812337,0.02958874896881558,0.3309741430904987,0,0,0.9686242812929986,1.9512170093036894,-0.011255802208728793,0.3309741430904987,0,0,0.9007002536956233,1.888481938164676,-0.07399087334774213,0.3034171309593341,13026.298294853554,50,0.7862337258695973,1.8708258845834957,-0.0916469269289224,0.29434068368428523,1387.6286808953673,20,0.8668490448230314
31,2.690266646922198,0.0,0.3402191722308935,0,0,0.9767681021241879,2.7240612875431287,0.03379464062093085,0.35830976535776154,0,0,0.9770562027154226,2.5878731608567995,-0.10239348606539833,0.35830976535776154,0,0,0.9058105653480123,2.408877921084431,-0.281388725837767,0.32973548497911714,13354.600020045296,46,0.7967459714428484,2.4500002756891663,-0.24026637123303152,0.3185362301739479,7221.140755705723,30,0.79484645789598
32,1.6213483425748796,0.0,0.3103186526151701,0,0,0.9614518371167894,1.6174112370674862,-0.003937105507393346,0.303598795435488,0,0,0.9613580031054327,1.5980953279069368,-0.02325301466794283,0.303598795435488,0,0,0.8983164538670981,1.5128094831511785,-0.10853885942370112,0.27533661333048187,5174.068499955797,51,0.8043550876745214,1.5491191698286,-0.0722291727462796,0.27221186859368535,1763.0082949667656,20,0.839068116563132
33,2.241732359145787,0.0,0.2844161276394126,0,0,0.9721197761432075,2.396683771823995,0.15495141267820767,0.2934914796138077,0,0,0.9739223001654347,2.3115865328358463,0.06985417369005908,0.2908257127152605,0,0,0.8972567123807232,2.050856311330058,-0.19087604781572898,0.2704896774861496,17916.886194319584,54,0.8024568174634009,2.1972347896467133,-0.04449756949907391,0.26798657484196714,1922.137959163141,20,0.8859320090090332
34,2.084655998262309,0.0,0.3286860631018057,0,0,0.9700190342905027,2.212305817028906,0.1276498187665971,0.3480723502984564,0,0,0.9717489329373384,2.1276136780689603,0.04295767980665133,0.3480723502984564,0,0,0.9001216640719457,2.072053730895207,-0.012602267367102016,0.3257445474000448,11872.104317948071,49,0.8009539911409682,2.043778257818744,-0.04087774044356518,0.3117003469514124,1321.9239518446238,20,0.8778860380613364
35,1.9576316573076005,0.0,0.340038741463704,0,0,0.9680736670932475,2.0751419741535093,0.11751031684590885,0.3457740621059946,0,0,0.9698815788131822,2.008451499547016,0.05081984223941571,0.3457740621059946,0,0,0.9035315577889853,1.8790620184214364,-0.07856963888616408,0.3204046769352087,5687.020810234144,56,0.8053851448625519,1.9194737259255845,-0.03815793138201595,0.3457740621059946,1419.1918649126958,20,0.8701103036046942
36,2.971525720743488,0.0,0.28652660081698617,0,0,0.978967033815759,3.0458257189493483,0.07429999820586008,0.32150415597257453,0,0,0.979479433496931,2.8786765567105728,-0.09284916403291543,0.32150415597257453,0,0,0.9088122632644928,2.496600653631207,-0.47492506711228133,0.29517841139631384,15440.918150316656,52,0.8132630652203046,2.6771579581572795,-0.29436776258620867,0.2861830495794691,5902.139124671561,30,0.8150945618871399
37,1.9951858020039657,0.0,0.37134128999047966,0,0,0.9686745966529909,2.0721865399255375,0.0770007379215718,0.39114152494692705,0,0,0.9698349479847431,2.0395291175214347,0.04434331551746906,0.39114152494692705,0,0,0.9050011496753142,1.8675176453572315,-0.12766815664673414,0.36382639901805525,10778.375400862313,49,0.8095421076439772,1.9076135987030753,-0.08757220330089033,0.39114152494692705,1583.501451866584,20,0.8676792994070989
38,3.501795930044987,0.0,0.2801509900277311,0,0,0.9821520153519634,3.6030710088925173,0.10127507884753051,0.2768165834056002,0,0,0.9826528884932603,3.478524832231752,-0.023271097813234665,0.27385913133088957,0,0,0.931722174708068,2.649229976508805,-0.8525659535361818,0.2542637687860472,32934.336453975724,46,0.8019623586555994,3.1108851485446287,-0.3909107815003581,0.24810580662101822,6728.177072213564,30,0.8380568805625546
39,1.8147286365857653,0.0,0.34206275245854073,0,0,0.9655595890537179,1.8881990144803986,0.07347037789463329,0.3509352260808559,0,0,0.9668996755528977,1.8429934102295829,0.02826477364381752,0.3509352260808559,0,0,0.905045780940584,1.7421376031836437,-0.07259103340212159,0.32389112942712195,2888.1628990427153,54,0.807862029175852,1.7701748780928728,-0.04455375849289256,0.310716137425689,1253.2817646850167,20,0.8585065089430216
40,2.9184583118608822,0.0,0.23632683820769754,0,0,0.9785845835981298,2.9697853036141257,0.05132699175324351,0.2427378022594209,0,0,0.9789547076268645,2.8074602114781495,-0.11099810038273272,0.2427378022594209,0,0,0.9087253315461655,2.6397560314045543,-0.27870228045632794,0.2210942816334416,25723.782150942174,51,0.806042374707743,2.5983581309282786,-0.3201001809326036,0.21531688647471298,6554.717440835613,30,0.8088375634738378
41,1.9659467321668025,0.0,0.3206926416237036,0,0,0.9682087011934883,2.2402661107307535,0.27431937856395106,0.3232656080895196,0,0,0.9721015286083076,2.1721846287899145,0.20623789662311198,0.31979906117245693,0,0,0.907926795287463,2.137122248756243,0.1711755165894404,0.29773704585779465,20796.58528458832,43,0.8082337176463078,2.0703906081375125,0.10444387597071003,0.29123350574754936,2175.602408251043,20,0.8792931952623643
42,1.692702532822819,0.0,0.3502968448863004,0,0,0.9630767965498507,1.8543305006161972,0.1616279677933783,0.38182468643063955,0,0,0.9662896964234042,1.8214338753044064,0.12873134248158746,0.38182468643063955,0,0,0.9039187377290981,1.785730521476636,0.093027988653817,0.35529479967333927,9603.137457442837,45,0.8040459853901429,1.7391331319206274,0.046430599097808445,0.38182468643063955,912.2370588165151,20,0.8548375180831426
43,2.5874178438776383,0.0,0.3875196347961989,0,0,0.9758446436674741,2.754080215869583,0.1666623719919449,0.4011164490917926,0,0,0.9773063981071205,2.6503106902753135,0.06289284639767523,0.4011164490917926,0,0,0.9056714365914473,2.289190557351224,-0.2982272865264144,0.37230060291231853,9571.069552108384,53,0.8033900629920526,2.4678799823889315,-0.11953786148870682,0.4011164490917926,1558.0602857797285,20,0.8987182583167065
44,2.918289018120038,0.0,0.3629945726281206,0,0,0.978583341261976,2.902870059401919,-0.015418958718119047,0.38851922994524046,0,0,0.9784674228789366,2.801056599775595,-0.11723241834444309,0.38851922994524046,0,0,0.9062849733638856,2.1533835756352757,-0.7649054424847623,0.36230818093546446,18832.697216926656,39,0.8006701027264859,2.589930770448438,-0.32835824767160027,0.38851922994524046,5169.310383108272,30,0.8039701085174966
45,2.525595664067437,0.0,0.3143919788319078,0,0,0.9752533626465986,2.7571653688129185,0.23156970474548144,0.33818473609909333,0,0,0.9773317913002407,2.6529870339425634,0.12739136987512634,0.33818473609909333,0,0,0.9081224307237692,2.1944276524212016,-0.33116801164623544,0.31204452094941815,13866.30970724675,51,0.8119819505975975,2.482454221378061,-0.04314144268937614,0.3020495819174076,6228.433058223508,30,0.8008179300871934
46,2.0533371329213153,0.0,0.2663462178758237,0,0,0.9695617446361181,2.1653511970110477,0.11201406408973247,0.2761541830807564,0,0,0.971136321864891,2.100583498398537,0.04724636547722172,0.2761541830807564,0,0,0.9018108367578339,1.9964361195313027,-0.05690101339001252,0.25481980251971326,14466.174817291983,46,0.7991537503774742,2.0012020190693756,-0.052135113851939696,0.24603912705851305,1583.0233694043243,20,0.8751041285399263
47,1.6875250637451382,0.0,0.32939246317940274,0,0,0.9629635130507078,1.7264047370582896,0.03887967331315134,0.3424645320348558,0,0,0.9637975394543904,1.6872879542770272,-0.00023710946811106304,0.3424645320348558,0,0,0.8999873738496444,1.8397078847054213,0.15218282096028313,0.3205264924938533,14289.120146620777,44,0.7907142241096049,1.6508697636700436,-0.036655300075094654,0.3023072315815624,632.7974361626723,20,0.8485172457509644
48,2.452463782492375,0.0,0.27053833506030195,0,0,0.974515423858173,2.896296043450927,0.44383226095855166,0.28051203839671696,0,0,0.9784201482066524,2.8102573704439013,0.35779358795152616,0.28051203839671696,0,0,0.9266081455139388,2.320326608475169,-0.13213717401720615,0.2641787347360645,32538.16122853102,43,0.7982636002636714,2.5946030955173485,0.1421393130249733,0.24906090403494685,3368.8193033955686,30,0.8059788620667325
49,4.761982580917558,0.0,0.3287426179958943,0,0,0.9868752144851489,4.524520065936354,-0.2374625149812042,0.3399883810688248,0,0,0.9861858180174461,4.364199085797399,-0.39778349512015954,0.3399883810688248,0,0,0.9226662227444342,2.671768185351077,-2.0902143955664814,0.31696712159920903,19549.774357498696,42,0.8071810627390595,3.9040483029006485,-0.8579342780169097,0.301256344410514,4074.9726701913246,30,0.8700976747255612
50,2.582970737534226,0.0,0.359234948591166,0,0,0.9758030553378765,2.7915961788340296,0.20862544129980343,0.3763662334636649,0,0,0.9776113749997665,2.6889952183768777,0.10602448084265159,0.3763662334636649,0,0,0.9023798933497362,2.2643196012732627,-0.3186511362609634,0.34905558680873217,10122.356533689812,53,0.811902898147066,2.4897589569947676,-0.09321178053945856,0.3342747556913972,6820.296030444256,30,0.801378112898631
51,2.283324330845778,0.0,0.35808356828509696,0,0,0.9726276293053606,2.4293018356660685,0.1459775048202907,0.3594336605413219,0,0,0.9742701293508472,2.3347811428249683,0.0514568119791905,0.3594336605413219,0,0,0.9063054390005635,2.1593565987496004,-0.1239677320961774,0.33526282088003884,6873.123603325459,55,0.8176948031800362,2.2442842034117034,-0.03904012743407437,0.31920213486757976,1000.7752674410622,20,0.8846150375553854
52,2.5381983164782542,0.0,0.3600082517567091,0,0,0.9753762345541547,3.029476351970811,0.4912780354925568,0.38390878306010423,0,0,0.9793665551331652,2.854625077919455,0.31642676144120063,0.38390878306010423,0,0,0.9299371718831909,2.6212021106825665,0.08300379420431225,0.35509578549714244,34789.760244574965,38,0.8025952205246957,2.6615293257384334,0.12333100926017915,0.38390878306010423,4279.824617688775,30,0.8054394405842676
53,2.3485667959160192,0.0,0.22093253736565954,0,0,0.9733880253656474,2.388636405438122,0.04006960952210292,0.2231449301488472,0,0,0.9738332895399018,2.3550595687256863,0.006492772809667091,0.2217332460294031,0,0,0.9018071546593072,2.0468584885804257,-0.3017083073355935,0.20505806934159157,18121.558309947395,51,0.8064772791104755,2.1947405480089968,-0.15382624790702248,0.200512310749791,1936.315089996544,20,0.8852417996874309
54,3.1991849005639263,0.0,0.3170625845431901,0,0,0.9804637737603153,3.8593073868724206,0.6601224863084942,0.36264780238587074,0,0,0.9838045842178195,3.631321616101381,0.4321367155374545,0.36264780238587074,0,0,0.9345968148491948,3.1125147414242154,-0.08667015913971099,0.3399540902248216,40132.027787641666,44,0.7949837891380842,3.326158723542452,0.12697382297852577,0.32223876936774576,5942.593477727585,30,0.8491741813950172
55,2.4486413014586246,0.0,0.3707738689434008,0,0,0.9744756408532481,2.4206122702987916,-0.028029031159833018,0.39172054430756015,0,0,0.9741800862670644,2.3562358891999966,-0.09240541225862797,0.39172054430756015,0,0,0.9045087119539661,2.1160008927953777,-0.33264040866324684,0.36534774497497186,15754.276734660194,46,0.8064962291454257,2.254704260903541,-0.19393704055508376,0.34946418373295585,1254.255727559137,20,0.8892861892471541
56,2.261204316285523,0.0,0.3280738885911906,0,0,0.9723598617118029,2.399281762212172,0.13807744592664895,0.3441613416566339,0,0,0.9739490366636551,2.354595774573595,0.09339145828807194,0.3441613416566339,0,0,0.9044421966480652,1.8809852337962967,-0.3802190824892262,0.3174273743388958,8491.478882671028,52,0.8103728373162195,2.2125651332740865,-0.04863918301143633,0.3060171656594233,1146.4918037820346,20,0.8874543794657038
57,1.8266524511281534,0.0,0.3108958289687556,0,0,0.9657844052592492,2.000826068919632,0.17417361779147877,0.3289165627807958,0,0,0.9687611029665795,1.953387341317493,0.12673489018933948,0.3289165627807958,0,0,0.9104120333441045,2.0472816748662117,0.22062922373805827,0.3000384577739372,15403.270193408141,45,0.8092328407745394,1.861517445613409,0.034864994485255485,0.291999146000162,709.0216742595948,20,0.8653821912156137
58,2.6705381093995078,0.0,0.34074836861742747,0,0,0.9765964770246047,2.418488595574492,-0.25204951382501584,0.36056398803522666,0,0,0.9741574138020057,2.3571162929525014,-0.3134218164470064,0.36056398803522666,0,0,0.9018928337598743,2.095831662638632,-0.5747064467608758,0.3277213072980299,17441.524795286878,49,0.8007625553241556,2.2325031510012394,-0.43803495839826834,0.3207583730184476,1132.8101736336037,20,0.8863349749330659
59,1.7539951364025408,0.0,0.36009765675820526,0,0,0.9643670619702013,1.7787575364855086,0.024762400082967817,0.35381240883897086,0,0,0.9648631144391449,1.749479830900538,-0.004515305502002853,0.35381240883897086,0,0,0.9035410088715978,1.646412077246998,-0.10758305915554289,0.32492881970019005,6994.546760262811,56,0.8124114284466308,1.685530889899696,-0.06846424650284488,0.3179694245910423,1141.4534422159197,20,0.8522754465109158
60,1.9881860171393244,0.0,0.38344047111091484,0,0,0.968564309646475,2.0806372013416783,0.09245118420235388,0.38419974347681984,0,0,0.9699611253900019,2.020287202811186,0.032101185671861376,0.38419974347681984,0,0,0.9071914133103958,1.9820879168631145,-0.006098100276209939,0.3546602517070539,10024.109422728186,47,0.7994804019895599,1.999027267020513,0.010841249881188508,0.33917703751221434,2669.828027031041,30,0.8330435316298724
61,3.4353481799342758,0.0,0.3575564179998263,0,0,0.9818067931614444,3.408522748240581,-0.026825431693694668,0.36091633179255195,0,0,0.9816635441972641,3.239308597015052,-0.19603958291922385,0.36091633179255195,0,0,0.930539652004419,2.6857298976358184,-0.7496182822984574,0.33493387534641866,40949.02739786955,44,0.8089224852442436,2.898553147354106,-0.5367950325801698,0.3225017306203475,5113.547159611704,30,0.8253479668909225
62,2.6873369360115817,0.0,0.36170941867543555,0,0,0.9767427749150207,3.543019257438078,0.8556823214264964,0.3744912882271899,0,0,0.9823581837202678,3.3166358259220483,0.6292988899104666,0.3744912882271899,0,0,0.9321572637705391,2.8781023664228336,0.19076543041125182,0.35117431635805596,38534.48621311641,43,0.8006298374905118,3.032583588824091,0.3452466528125093,0.3744912882271899,5929.427977196716,30,0.8325257503905564
63,2.5832218088319783,0.0,0.3376914815948893,0,0,0.9758054071135843,2.571397175220405,-0.011824633611573265,0.36846651155386695,0,0,0.9756941476788226,2.4760693889740657,-0.10715241985791257,0.36846651155386695,0,0,0.9040818480057193,2.368225741931869,-0.2149960669001092,0.3432893307221448,15702.296735502041,46,0.8065126084430937,2.3672041785114644,-0.2160176303205139,0.3297066002099679,1317.8861025326487,20,0.894373281711911
64,2.2184340946448775,0.0,0.2659475808810983,0,0,0.9718269746435695,2.394711786630063,0.1762776919851854,0.2851580340927765,0,0,0.9738992767461527,2.3000156946332613,0.08158159998838377,0.28227359501041066,0,0,0.9021734927643635,2.1765874447687565,-0.04184664987612097,0.26561627865626936,13795.404720186036,50,0.8021637793485361,2.200752976458714,-0.01768111818616358,0.2578297347464585,1908.747112346169,20,0.8870135988797287
65,1.5122433894840843,0.0,0.17081947593183236,0,0,0.9586706740233645,1.5606402012989042,0.04839681181481992,0.16398260622648203,0,0,0.9599523324159009,1.5546815138569647,0.042438124372880415,0.16350654309800505,0,0,0.8954769844809833,1.4713091023821412,-0.040934287101943134,0.1474898213477881,5271.291133953428,50,0.8107846431034124,1.510778278133072,-0.0014651113510122382,0.14545503795158815,1934.7361679646183,20,0.8342145055970235
66,2.9540880933819977,0.0,0.3262417836936538,0,0,0.9788428787414912,3.3089861111053214,0.35489801772332363,0.3507980991500978,0,0,0.9811113563486713,3.1760460571002413,0.2219579637182436,0.3507980991500978,0,0,0.9311250542129352,2.5252490696637824,-0.42883902371821536,0.3329148754995811,34525.46544266574,48,0.8028148853524155,2.882220371602074,-0.07186772177992395,0.3507980991500978,3108.1879811206545,30,0.8236168426798008
67,5.979866121590687,0.0,0.32147860642589154,0,0,0.9895482609929444,5.421098115469254,-0.5587680061214328,0.3363827080340419,0,0,0.9884709705176421,5.217456766083753,-0.762409355506934,0.3363827080340419,0,0,0.9257300985186966,3.446110528915847,-2.53375559267484,0.31688836725556274,41580.71166634509,43,0.8038540900328529,4.580165208313118,-1.3997009132775693,0.3004568316936617,5701.62510204928,30,0.8897504067094881
68,2.1518469984657353,0.0,0.30426495784606916,0,0,0.9709551840606871,2.19691350792093,0.04506650945519475,0.3295549250448513,0,0,0.9715509965346121,2.1324243584641933,-0.019422640001542035,0.3295549250448513,0,0,0.9120713583073388,2.0063725831586425,-0.14547441530709282,0.30394756530227723,9563.410669718156,55,0.8057782576102066,2.0371907816720736,-0.11465621679366178,0.3295549250448513,1351.8640655654528,20,0.8771019847826544
69,3.7759689954193054,0.0,0.2753644889606421,0,0,0.9834479573121973,3.965611498533679,0.18964250311437336,0.28089763930603295,0,0,0.9842388831013992,3.704125334851182,-0.07184366056812364,0.26724381688646714,0,0,0.9223823141807003,3.2435945338012306,-0.5323744616180748,0.2207502824295409,48463.34172727278,40,0.7874433853512324,3.3484558857734665,-0.4275131096458389,0.23443381418149775,8032.546554838172,30,0.8494644752856418
70,3.509416446339508,0.0,0.31041681219773376,0,0,0.9821907713274693,3.3428057151865236,-0.1666107311529843,0.3370445430150422,0,0,0.9813026492786967,3.169255760441104,-0.34016068589840387,0.3324279993822969,0,0,0.927033342374421,2.796170237816054,-0.7132462085234539,0.31137558203120036,39578.78117679859,48,0.802547163055371,2.9455975256034304,-0.5638189207360775,0.3008654908948215,6444.26010656247,30,0.828966035148234
71,2.020624692776977,0.0,0.28504994518884696,0,0,0.9690689714802478,2.023902240947012,0.003277548170035338,0.3068125056051723,0,0,0.9691188861786201,1.9716315697940208,-0.048993122982956105,0.3068125056051723,0,0,0.9048965830195683,1.9028682495626144,-0.11775644321436252,0.2829651982132943,9758.43967424508,50,0.8142131277075768,1.8925908204913973,-0.1280338722855796,0.27578913933378996,982.1561175496917,20,0.8683770061261947
72,1.759673482965594,0.0,0.3424487996295783,0,0,0.964482047035983,1.8218628318474308,0.0621893488818368,0.33886374043161177,0,0,0.965694453551905,1.7891257940638945,0.029452311098300488,0.33886374043161177,0,0,0.9056801927735365,1.6594037983827035,-0.10026968458289054,0.3125775243256353,4506.3012453951405,61,0.8066057998069048,1.7143603410328236,-0.04531314193277036,0.30098370659109935,1321.0643711332007,20,0.8547586185053031
73,1.8432583521265848,0.0,0.3330574031951674,0,0,0.9660926533017506,1.8982600036559891,0.05500165152940428,0.32966717712294774,0,0,0.967074529996276,1.8766616906082647,0.03340333848167987,0.33059514641486387,0,0,0.900085668803887,1.650331780165673,-0.1929265719609119,0.3046435037484453,6821.28323500535,52,0.7982679266101212,1.768760822724706,-0.07449752940187881,0.29817743525328194,1341.9893388684773,20,0.8584169060364317
74,2.3042718686898023,0.0,0.33170024770437456,0,0,0.9728764644271176,2.3837478916410837,0.07947602295128142,0.33425366406321433,0,0,0.9737807843609787,2.285822912681622,-0.018448956008180417,0.33425366406321433,0,0,0.9042999449244277,2.1385666969426933,-0.16570517174710897,0.3126364600325645,7756.707435345864,53,0.8093937438578787,2.1864641042514337,-0.1178077644383686,0.2962316718311018,950.6752849174503,20,0.8857674154683067
75,4.481823442359485,0.0,0.32358084109822505,0,0,0.9860547831025007,4.41420798161031,-0.06761546074917568,0.32836724247021587,0,0,0.985840716526831,4.3115031308207525,-0.17032031153873284,0.32836724247021587,0,0,0.9188218147174643,2.237245646184722,-2.2445777961747635,0.3037483678874645,13853.212575706246,46,0.8091471684074116,3.871525508223286,-0.6102979341361996,0.29332495298295536,4482.404647241657,30,0.8696830832820361
76,5.566483477395934,0.0,0.2772433627442532,0,0,0.9887720855987813,5.128768557546566,-0.43771491984936794,0.2806909646969415,0,0,0.9878121705355758,4.889781550373106,-0.6767019270228278,0.2806909646969415,0,0,0.9424806016931289,3.633517049348948,-1.9329664280469863,0.26408921575874356,59863.12840036427,43,0.7988354725142421,4.384898908795601,-1.181584568600333,0.2512982653010422,5085.803817022399,30,0.882133223485188
77,4.755449373149066,0.0,0.34596837243399703,0,0,0.9868571831816996,4.318803837527157,-0.436645535621909,0.3554025323490929,0,0,0.9855277382704548,4.130084036487328,-0.625365336661738,0.3554025323490929,0,0,0.9349279924764354,3.485835425633369,-1.2696139475156971,0.33027525430823773,48936.66213111671,49,0.8092376658651178,3.7060112443157376,-1.0494381288333283,0.3170865451155682,6276.048678660652,30,0.8638997741277724
78,1.7685130397818516,0.0,0.3556109285294538,0,0,0.9646595763819138,1.9207133157639513,0.15220027598209973,0.39065809880899754,0,0,0.967458338454007,1.8469971197276347,0.0784840799457831,0.39065809880899754,0,0,0.8984821358702918,2.0030494752178862,0.23453643543603464,0.3651798580424478,15418.210358336299,44,0.7896375594240556,1.7885749612005417,0.02006192141869012,0.39065809880899754,1365.5567696224916,20,0.8564943678014222
79,2.53400612665344,0.0,0.339162346454094,0,0,0.9753354976759503,2.6874400935706135,0.1534339669171736,0.35330346008202995,0,0,0.9767402986866166,2.5998487149917313,0.06584258833829137,0.35330346008202995,0,0,0.911050604293228,2.268985709203158,-0.26502041745028215,0.32952133702425196,9620.371452595096,51,0.8098412471702554,2.443528665460262,-0.09047746119317779,0.3127565591536326,1094.8803337008007,20,0.8965144055133121
80,1.9564132867322297,0.0,0.31891551971956167,0,0,0.9680537847376856,2.0362523015317535,0.07983901479952382,0.331041045002759,0,0,0.9693063575898797,1.987397426725256,0.030984139993026405,0.331041045002759,0,0,0.9056555083152371,1.8665405536025788,-0.08987273312965094,0.30643387775071296,6852.264151462431,50,0.8119264947416042,1.885308457112317,-0.0711048296199126,0.2921924176711844,958.1496420384103,20,0.8668316812878165
81,1.8308840281640908,0.0,0.282501579975429,0,0,0.9658634850495301,2.035152191662073,0.20426816349798216,0.2849901154641867,0,0,0.9692897660155051,1.966728466240038,0.13584443807594715,0.28225461646955974,0,0,0.9110197452246357,2.036034515280522,0.20515048711643136,0.26314201304512075,18036.269770654653,47,0.8126035084528681,1.898325414776081,0.06744138661199028,0.2573214782900675,1894.814744336351,20,0.8687728110756188
82,3.646531556037116,0.0,0.33487650587050977,0,0,0.982860425300166,3.5927602441012794,-0.05377131193583651,0.2921947538761396,0,0,0.9826020186693166,3.486909810260184,-0.15962174577693178,0.290838334545155,0,0,0.92651017785886,2.582526256558495,-1.0640052994786209,0.27095988199925247,31472.601424248052,45,0.7903375670087648,3.262172634814913,-0.3843589212222027,0.2636109172021234,5510.5039823316265,30,0.8463156276692823
83,1.7027783160108965,0.0,0.3019809283253914,0,0,0.9632952807700659,1.7000197005568185,-0.0027586154540779617,0.3080203546168436,0,0,0.963235720162814,1.6855723569119756,-0.017205959098920864,0.3080203546168436,0,0,0.8998829647850685,1.7113170552437562,0.008538739232859749,0.2824201344263603,9706.883180611012,46,0.8084877242104126,1.6263175477771308,-0.07646076823376569,0.2733045509890412,1205.0008694484452,20,0.8468123628250093
84,4.444641648512298,0.0,0.32104819829184483,0,0,0.9859381239383113,3.9378944431835006,-0.5067472053287974,0.34697497458089205,0,0,0.9841285740636884,3.8507669423375015,-0.5938747061747964,0.34697497458089205,0,0,0.9156012283094137,2.2862697993820182,-2.1583718491302797,0.3180807603466077,19691.67706052488,37,0.8044348969644504,3.482185555506754,-0.9624560930055441,0.3086922278075741,3917.151824420273,30,0.8572015650817137
85,2.365915146225052,0.0,0.3484403007393128,0,0,0.9735831607909852,2.30160543182095,-0.06430971440410183,0.38282629458528805,0,0,0.9728450414932536,2.2555837106258916,-0.11033143559916025,0.38282629458528805,0,0,0.9085582689255789,2.0409817254639,-0.32493342076115184,0.3533750194843766,12727.947000899636,47,0.8093746134261068,2.146788868098411,-0.21912627812664098,0.34013428916491667,690.7668469303446,20,0.8835175985534404
86,3.774387413160469,0.0,0.3228388622643155,0,0,0.9834410215066752,3.738576109410772,-0.035811303749696766,0.3225345048872519,0,0,0.9832824053407193,3.4666143606678,-0.30777305249266895,0.3225345048872519,0,0,0.9332922627264914,2.9222921933750214,-0.8520952197854474,0.3009014516450117,36858.90585937452,44,0.8129216319022455,3.226811566144297,-0.547575847016172,0.28839371453161466,5611.733681006524,30,0.8452992200507151
87,1.4657677774659865,0.0,0.32181492959451474,0,0,0.9573602306171243,1.5720039275808213,0.10623615011483478,0.3563069195593877,0,0,0.9602418296141396,1.5620266597717316,0.09625888230574509,0.3563069195593877,0,0,0.9039681544656287,1.5326793451275014,0.06691156766151485,0.32655479517283303,7605.967791855148,42,0.8078671978300482,1.5129533673723825,0.047185589906395986,0.31786867761801507,1241.9413903858385,20,0.8345845789175851
88,2.2460613549736976,0.0,0.2505936755571815,0,0,0.9721735117067931,2.223165005593088,-0.022896349380609582,0.25457168204383307,0,0,0.97188692704196,2.192177926690015,-0.053883428283682644,0.2492782244588566,0,0,0.9030626436167603,1.9509050757244661,-0.2951562792492315,0.23087184110882292,13029.644156190407,56,0.8066560929467469,2.0825474871664356,-0.16351386780726207,0.23182528507709838,2436.9283083546297,20,0.8805380611551392
89,2.950352169394211,0.0,0.28793824162263637,0,0,0.978816088245888,3.4982516445476928,0.5478994751534816,0.32020253351858224,0,0,0.982133932503852,3.3170841539051072,0.36673198451089606,0.32020253351858224,0,0,0.9265163062930248,3.2845847097753795,0.33423254038116834,0.3032546116928107,49119.35858379051,37,0.7995231040714073,3.0410820439515107,0.09072987455729953,0.32020253351858224,5454.64146262237,30,0.834388431961568
90,4.641239501027857,0.0,0.3188468910007123,0,0,0.9865337696996334,4.195041178338359,-0.4461983226894981,0.30937425773093297,0,0,0.985101457329495,4.10972503085696,-0.5315144701708974,0.3048113692836572,0,0,0.9254816325421799,2.637799521926113,-2.003439979101744,0.2865161645088434,35275.57261840765,46,0.7934556635027559,3.7123613293468707,-0.9288781716809864,0.27922361185233535,5603.707737835847,30,0.8636493313515342
91,2.4957187312764817,0.0,0.31208893621248324,0,0,0.9749571138699459,2.7728827503308637,0.27716401905438204,0.32071975768161315,0,0,0.9774602802832026,2.6819639694960666,0.18624523821958494,0.32071975768161315,0,0,0.9067830080731474,2.1509826860246357,-0.344736045251846,0.2972018207414776,12499.177954568278,49,0.8128277354505954,2.461050898914645,-0.03466783236183657,0.28455068531146,5829.939030552507,30,0.7985744454196623
92,1.648045811851933,0.0,0.30515931676481334,0,0,0.9620762969387556,1.7841654025094045,0.13611959065747148,0.3183817769529849,0,0,0.964967034898923,1.7546226940466505,0.1065768821947175,0.3183817769529849,0,0,0.90382547736755,1.6509717507164325,0.0029259388644995443,0.2931241137422323,8063.029109022738,50,0.8068287720504135,1.6853387703036586,0.037292958451725644,0.2846993888915144,1163.4777415998763,20,0.8514423894788127
93,2.150830788815122,0.0,0.321915964911073,0,0,0.9709414611669982,2.2694598563122437,0.11862906749712154,0.3265423605257485,0,0,0.9724604073404677,2.1838069141627487,0.03297612534762662,0.3265423605257485,0,0,0.8998308877120362,2.0126705608340654,-0.13816022798105676,0.3012036646794203,8559.00759204799,48,0.800919937013957,2.1049877938259707,-0.04584299498915145,0.2928939787688758,1655.2217191437644,20,0.881250490566892
94,2.5414754785555957,0.0,0.2462976507122337,0,0,0.9754079862161327,2.760861080120665,0.21938560156506925,0.2509603208701606,0,0,0.9773621351505059,2.5997085594098537,0.058233080854257935,0.2424022395682106,0,0,0.9038328594414525,2.4124288680248966,-0.1290466105306991,0.21983171985669664,16698.274469498185,49,0.8024486598395995,2.4662063987717198,-0.07526907978387598,0.21357400895966425,1859.767488824707,20,0.8980351105597599
95,2.1199521677291466,0.0,0.3437173814572113,0,0,0.9705182027446644,2.1836092304901342,0.06365706276098759,0.36711842759199304,0,0,0.9713755444308869,2.1180969415998705,-0.001855226129276133,0.3612940987503862,0,0,0.8996719077277181,2.146317579409845,0.02636541168069817,0.3341038588788695,16888.54913117495,48,0.7937754253146572,2.0366441190813833,-0.08330804864776331,0.3305192582032527,1306.9808090960194,20,0.8768827375059977
96,2.131409886701588,0.0,0.3483263397446281,0,0,0.9706766866429806,2.3961075834503007,0.2646976967487129,0.3495225581417739,0,0,0.9739160293003195,2.263704604454035,0.13229471775244717,0.3495225581417739,0,0,0.9061273279287908,2.32584266379866,0.19443277709707196,0.3242673633705176,18110.841356539007,49,0.8112722647920013,2.1874679028424713,0.05605801614088346,0.3125694600440128,1372.3318491312912,20,0.8861025315699755
97,2.882862803831536,0.0,0.33302904998685257,0,0,0.9783201615016389,3.10387441543635,0.2210116116048142,0.3400520775816002,0,0,0.9798638760353281,2.936169596128384,0.053306792296848204,0.3361692140081943,0,0,0.9063405600403281,2.687288010668025,-0.195574793163511,0.3133251593442289,19695.809596182386,52,0.8085796777902414,2.74413210401058,-0.13873069982095565,0.30537228257066223,8080.758391883661,30,0.8187684544107763
98,3.0631116477734284,0.0,0.3506230482349778,0,0,0.9795959118743088,2.9519912389285357,-0.11112040884489272,0.35748974423641,0,0,0.9788278504435246,2.8943329157024382,-0.16877873207099015,0.3545516408172038,0,0,0.9114638591666219,2.1169988157068445,-0.9461128320665839,0.3275810352298416,14646.566299076541,56,0.8013940078443538,2.6180254905063496,-0.4450861572670788,0.32139727647507466,6721.690597293481,30,0.808591318278966
99,1.7150284417592225,0.0,0.319560605618847,0,0,0.9635574556793417,1.7263650065215843,0.011336564762361778,0.31546874810271963,0,0,0.9637967638570653,1.7075720364242326,-0.007456405334989924,0.31546874810271963,0,0,0.9048356400001223,1.628377044914939,-0.08665139684428347,0.2915636240102865,3167.594386097845,58,0.8125911540553744,1.6580156485412885,-0.057012793217934066,0.28094490624842444,1014.5818242385761,20,0.8483364492648248
100,1.6222302115056886,0.0,0.3031388976856153,0,0,0.9614727924823999,1.614953832332546,-0.0072763791731425,0.29444888424394655,0,0,0.9612992032659357,1.5936569094298305,-0.028573302075858065,0.29444888424394655,0,0,0.9058768552299841,1.5443281539039624,-0.0779020576017262,0.26908722570892224,9719.809436108802,46,0.806691618001291,1.5498698920073914,-0.07236031949829713,0.29444888424394655,942.1767522837339,20,0.8390003444604922
101,3.2585667194654646,0.0,0.34634157232155,0,0,0.9808197881520583,3.240209628686728,-0.018357090778736485,0.3514201888669224,0,0,0.9807111245375406,3.0573341711524704,-0.2012325483129942,0.34735613081377237,0,0,0.9080080932422306,2.510004507413155,-0.7485622120523097,0.32179041234500283,14615.868337976799,55,0.8106871371688174,2.7802153175121,-0.4783514019533648,0.3160455801100376,7052.585528134391,30,0.8212521148291656
102,4.468704189022372,0.0,0.31093445538999065,0,0,0.9860138426361864,4.416895448584579,-0.051808740437793155,0.2941913761658534,0,0,0.985848474144193,4.20847306055676,-0.2602311284656116,0.2873896467506152,0,0,0.9272301389142111,3.211610695154792,-1.25709349386758,0.23971028324850321,33908.14805733938,48,0.7911118325290952,3.8460783825541287,-0.6226258064682431,0.26403805076800513,7402.000506048202,30,0.8704720424232183
103,2.380886025751373,0.0,0.372023455914887,0,0,0.9737492684135202,2.5345414169595393,0.1536553912081664,0.39259415249187296,0,0,0.9753372330930503,2.411279963509161,0.03039393775778798,0.39259415249187296,0,0,0.9066859884338052,2.304193260846868,-0.07669276490450505,0.3622992841714413,13847.527194614298,46,0.8100801593181992,2.311821926138894,-0.06906409961247872,0.34876971967147397,1334.2617118241847,20,0.8913292774795627
104,3.8287767468218132,0.0,0.25513680183738474,0,0,0.9836762485428591,3.633840223440827,-0.19493652338098633,0.2622422505057167,0,0,0.9827992455713543,3.4699723226662615,-0.3588044241555517,0.25882746548236424,0,0,0.9297537696691109,2.995421923332634,-0.8333548234891794,0.24220133414756914,41045.93855730438,45,0.8041186057371269,3.2150372279459303,-0.613739518875883,0.2340809519807616,7255.904793722251,30,0.8436211033716344
105,4.481163652210163,0.0,0.32317070560594646,0,0,0.9860527298597599,4.064128851140194,-0.4170348010699687,0.2864164592817011,0,0,0.9846215505735096,3.945558035420999,-0.5356056167891636,0.28483399288494254,0,0,0.9144607690546901,2.21603923407319,-2.2651244181369727,0.26698253603649835,17685.7355577813,46,0.8059949432002639,3.556123391487346,-0.9250402607228168,0.2546468385510376,5125.985083355504,30,0.8584080159252473
106,1.933501422555477,0.0,0.33366046592731197,0,0,0.9676752241964246,1.891412935940409,-0.04208848661506792,0.3278098405940872,0,0,0.9669559201946956,1.858538580260681,-0.07496284229479588,0.3278098405940872,0,0,0.9058399960815157,1.783266231630773,-0.15023519092470394,0.30259479606922884,5359.164903438752,59,0.8164757396111169,1.7949231146084141,-0.13857830794706283,0.2929456520569356,1140.0587437314741,20,0.861250230011363
107,2.4290083344686426,0.0,0.2929543163830423,0,0,0.9742693348914868,2.3575507496295813,-0.07145758483906128,0.29840487087609513,0,0,0.9734894360132778,2.3084852153407285,-0.12052311912791414,0.29534728187095693,0,0,0.905240891929337,2.0336782045870248,-0.39533012988161786,0.27389564316439985,14224.991090006024,47,0.8073113816083042,2.1525514093437006,-0.276456925124942,0.2693212972095978,1564.618179625465,20,0.8838385768104341
108,1.9915266503509126,0.0,0.24324917290409662,0,0,0.9686170406060158,2.2154582284270616,0.22393157807614905,0.24528632883660806,0,0,0.9717872957933021,2.085659608097972,0.09413295774705954,0.24309964244449314,0,0,0.8981132964407443,2.3087888591503596,0.317262208799447,0.2231909088439266,25274.773623678928,43,0.7919215514365563,2.043481407748343,0.051954757397430384,0.221335887626936,1650.6230439616888,20,0.8773839002450878
109,3.3161433288177693,0.0,0.35491448912720763,0,0,0.9811528049898006,3.121319630306796,-0.19482369851097348,0.3690929163810809,0,0,0.9799745795939728,3.011259900064879,-0.3048834287528903,0.3690929163810809,0,0,0.9252804449077436,2.4946036685608868,-0.8215396602568825,0.3382804095563512,27711.611337403727,44,0.8050708215795177,2.766325874406805,-0.5498174544109644,0.3260303917385743,5466.005739266311,30,0.8194857210407697
110,2.018700507824671,0.0,0.3597113642748027,0,0,0.9690394886424488,2.178657654961614,0.15995714713694298,0.3729583492244016,0,0,0.9713126083441099,2.094266196922949,0.07556568909827766,0.3729583492244016,0,0,0.9045011563984298,2.126964456647538,0.10826394882286694,0.34522984853400535,12082.089162794833,47,0.8019441397032028,2.025345405845671,0.006644898020999879,0.33121444310142495,1620.9421047354663,20,0.8765021813157348
111,1.9591894472182496,0.0,0.3242189367410538,0,0,0.968099052345989,2.048567778440613,0.0893783312223635,0.32378783205177636,0,0,0.9694885812845869,1.988055768093574,0.02886632087532437,0.31973123726695335,0,0,0.9056846807861284,1.9054184481421634,-0.05377099907608618,0.294948593762267,7204.635929672271,52,0.8135404736833978,1.9102015511367874,-0.04898789608146226,0.28988256561615716,1734.0457881691655,20,0.8695420832249632
112,1.6140438888548503,0.0,0.332648376176579,0,0,0.9612773850627178,1.7191507974876974,0.10510690863284711,0.3634371307243615,0,0,0.9636443960524919,1.7195646964304774,0.1055208075756271,0.3634371307243615,0,0,0.9054982148354916,1.6185115171804967,0.0044676283256464,0.3369405124803429,10245.833957282484,46,0.8010528162647113,1.64876594959342,0.03472206073856965,0.3224926312114943,1303.464396587448,20,0.847848729211438
113,1.660673005267965,0.0,0.3226100612493159,0,0,0.9623646558944847,1.7125278757450366,0.0518548704770716,0.32453221705222207,0,0,0.9635019592694043,1.687694543925923,0.027021538657957977,0.32453221705222207,0,0,0.9000092091495023,1.5435073227317622,-0.11716568253620285,0.30009963471087886,6489.850212050985,49,0.8027839692931974,1.6297727976204481,-0.030900207647516886,0.28980248336142045,1237.4297458455426,20,0.8466994237405139
114,3.2285119728166567,0.0,0.3862809234673637,0,0,0.9806412364190574,2.982805991168698,-0.24570598164795854,0.4278947591160582,0,0,0.9790454005892717,2.847364680269458,-0.3811472925471988,0.4278947591160582,0,0,0.9275631162572537,2.4234100350872767,-0.80510193772938,0.402965872322247,26435.74111199796,41,0.7945416561107118,2.6180495876257077,-0.610462385190949,0.4278947591160582,4975.355514864365,30,0.8048048666444564
115,4.596847169238305,0.0,0.3599740959159984,0,0,0.9864037246184201,4.217187784283579,-0.3796593849547252,0.3682715097640425,0,0,0.9851796971828188,4.101548245172944,-0.49529892406536025,0.3682715097640425,0,0,0.9146663700928277,2.344617602370672,-2.2522295668676326,0.3395948491348767,20877.911742723452,48,0.8162155158108982,3.6586993499974008,-0.9381478192409038,0.32762584752660245,4498.040494076136,30,0.8615749149567428
116,3.911435220734371,0.0,0.3466511105974362,0,0,0.9840212105089483,3.9552032289790646,0.0437680082446934,0.35135494695040387,0,0,0.9841955971791075,3.810942235997381,-0.1004929847369902,0.341097311478801,0,0,0.9311186102700005,2.7591039286239427,-1.1523312921104285,0.3027366213127861,24589.04452099983,43,0.8028130628600612,3.5231331459381936,-0.3883020747961776,0.3086005511415336,6616.306095739328,30,0.8575665593087382
117,3.612774905412135,0.0,0.31957899945622925,0,0,0.982700278418572,3.5945672787556346,-0.01820762665650033,0.33122251018786825,0,0,0.9826126498259239,3.3958929662820845,-0.2168819391300505,0.33122251018786825,0,0,0.9263816608820545,2.782519920024551,-0.830254985387584,0.30062414094936435,31874.610742958306,45,0.8000120501256907,3.113284422931645,-0.49949048248049,0.2922116322313278,6575.312940083967,30,0.8388309203555846
118,3.844960841262758,0.0,0.31348432123318554,0,0,0.9837449579903982,3.944084518742589,0.09912367747983097,0.32840885636516703,0,0,0.9841512092671628,3.782475860489645,-0.06248498077311293,0.3239913593048402,0,0,0.9306002317765051,2.9228108921944997,-0.9221499490682583,0.3111109224761091,37087.31406617731,40,0.8053140194429637,3.48503758686742,-0.3599232543953379,0.2949428081406176,6125.1371698329,30,0.8557882885037663
119,1.683286055502871,0.0,0.2789448946427125,0,0,0.9628702443083397,1.8417091039980675,0.1584230484951965,0.296795781040059,0,0,0.9660641303969653,1.7897050538425,0.10641899833962887,0.296795781040059,0,0,0.9022185249886427,1.7854480440490421,0.10216198854617109,0.2741559983330963,10121.890639684854,44,0.8056625613922346,1.7267605696446051,0.04347451414173409,0.26321572898662604,1491.871301054725,20,0.8541122696795145
120,1.8619233251645415,0.0,0.41296344412440056,0,0,0.9664325597325675,2.091496699556561,0.2295733743920194,0.42800165685118047,0,0,0.9701151236259483,2.0230007095678157,0.16107738440327424,0.42800165685118047,0,0,0.907315900032454,1.9361037583107066,0.07418043314616507,0.40203191815833483,6432.804114315249,45,0.7968157459639951,1.950282881651009,0.08835955648646743,0.42800165685118047,381.22407599233713,20,0.868740893280278
121,2.07210620842232,0.0,0.2877118562876033,0,0,0.9698374534345965,2.0980537364409204,0.02594752801860034,0.30520557374112867,0,0,0.9702104865502524,2.035027070178063,-0.03707913824425724,0.30520557374112867,0,0,0.8955787846196038,1.9238012535485687,-0.1483049548737514,0.27828258501409864,8697.11363809721,53,0.7932380110720229,1.9466749138882642,-0.12543129453405588,0.2699065156097998,1327.663706125465,20,0.8708334718864948
122,3.8172822972593132,0.0,0.32857895446519825,0,0,0.9836270951077228,4.316241007887523,0.49895871062821007,0.33690115213309685,0,0,0.9855193929816904,4.04720924115853,0.22992694389921686,0.33690115213309685,0,0,0.9351400497997507,3.0732071159043604,-0.7440751813549529,0.3171267898580673,44905.41704581085,53,0.8017391521354668,3.669493390380818,-0.14778890687849522,0.30039025499580124,5234.735598357155,30,0.864166116949431
123,3.646814194858408,0.0,0.2885311480156959,0,0,0.9828617536675935,3.381397615008781,-0.2654165798496271,0.30139714459170347,0,0,0.9815159433398246,3.2298366639431104,-0.41697753091529766,0.30139714459170347,0,0,0.9245317874054905,2.77465311761187,-0.8721610772465382,0.27732824355487257,31118.344205649406,47,0.8004674491075987,2.959798859226969,-0.6870153356314392,0.26794716089759496,5793.8343057570755,30,0.8330968838486437
124,3.6181916925011195,0.0,0.3987799274960552,0,0,0.9827261777949647,3.355848830864532,-0.2623428616365877,0.4369665714741097,0,0,0.9813743847129266,3.179978067182238,-0.4382136253188813,0.4369665714741097,0,0,0.9351398318012323,2.6818600754204502,-0.9363316170806693,0.4034269216944255,31944.172537681894,47,0.8052107757083183,2.909545680628082,-0.7086460118730376,0.4369665714741097,4926.972032046928,30,0.8225236319697725
125,2.778264560325316,0.0,0.3066943723674876,0,0,0.9775039422477888,2.6514680712192034,-0.12679648910611263,0.3158852447542639,0,0,0.9764281528869171,2.6000959422496615,-0.17816861807565454,0.31264016686157714,0,0,0.9014459444222328,1.9936888034101343,-0.7845757569151817,0.2907715997322952,14678.159584890733,51,0.7934605459785432,2.414325283082677,-0.36393927724263886,0.2874060627716442,6576.736579230138,30,0.7929676934246548
126,2.4635070160234736,0.0,0.3113216915807927,0,0,0.9746296642983036,2.4590483545908968,-0.004458661432576783,0.32249903192633267,0,0,0.9745836636830194,2.375693993114847,-0.08781302290862669,0.32249903192633267,0,0,0.9026600224312556,2.1488071870244436,-0.31469982899902993,0.29521474795076524,8989.649249327902,57,0.8067367758584569,2.2560664369240793,-0.20744057909939428,0.2881751742687045,1386.5162138764945,20,0.8894819741978803
127,2.02325751857015,0.0,0.354654816855613,0,0,0.9691092214281407,1.9160799891422182,-0.1071775294279318,0.3956175839787525,0,0,0.9673796211293914,1.875595125763076,-0.14766239280707394,0.3956175839787525,0,0,0.8966969446236264,1.865198858531663,-0.158058660038487,0.3743523645703756,15138.687037874783,47,0.802304698283303,1.7961299343154795,-0.2271275842546705,0.3956175839787525,1026.7709330798245,20,0.8590968482345047
128,2.490693950686584,0.0,0.32734689925445065,0,0,0.9749065918023484,2.9709573942797003,0.48026344359311635,0.3418645783999737,0,0,0.9789609477390658,2.8866401412711795,0.39594619058459557,0.3418645783999737,0,0,0.9242198579336357,2.2573333998500456,-0.2333605508365384,0.3174502652923492,34548.26534819734,53,0.7909762945204324,2.6805916558647986,0.1898977051782147,0.3046495951252815,2180.948981612012,30,0.8115706970215574
129,1.880336455161886,0.0,0.31373778575699446,0,0,0.9667612677356622,2.0515650495728868,0.1712285944110008,0.3359302900102938,0,0,0.9695354529396902,1.967404898343559,0.08706844318167306,0.3359302900102938,0,0,0.9046967911090065,2.0232435448944424,0.1429070897325564,0.31643160653961977,10171.56425687236,44,0.7912541556994241,1.921392951520986,0.041056496359100025,0.2990546002324423,1316.5005383437724,20,0.8702724574231718
130,4.755162974130942,0.0,0.2831032674836635,0,0,0.9868563916021359,4.81424813026702,0.05908515613607879,0.2774150546830803,0,0,0.9870160383602955,4.687775797290342,-0.06738717684059914,0.27177175344598303,0,0,0.920004706663497,2.495732835776612,-2.2594301383543294,0.2449373939410635,23394.70468473817,47,0.8047742275468157,4.132840705145939,-0.6223222689850028,0.24443001404517975,6489.89773791683,30,0.8779636501027229
131,1.7718280252122605,0.0,0.286667819618321,0,0,0.9647256962240945,1.7832684521414637,0.011440426929203218,0.28606491687964364,0,0,0.9649516490067439,1.7604495456218618,-0.011378479590398616,0.28606491687964364,0,0,0.9076918981710134,1.6617627159477302,-0.11006530926453029,0.26561532661150467,8307.681465331138,51,0.8132478435642012,1.6936767674017428,-0.07815125781051768,0.28606491687964364,1023.4330151872815,20,0.8519970486073997
132,2.0440533769443374,0.0,0.2988967207768268,0,0,0.9694234990607576,2.162020158918363,0.11796678197402555,0.2908833816445331,0,0,0.9710894450846548,2.114510585947474,0.07045720900313679,0.2908833816445331,0,0,0.9024596985370101,1.9975871272418004,-0.04646624970253699,0.26735993907627953,13254.38152185898,49,0.8089598478431022,1.9968395945988378,-0.047213782345499666,0.2577715510260975,1332.2610579201669,20,0.8741661094574767
133,4.427943158884391,0.0,0.3562190103821479,0,0,0.9858850943299492,4.505735720125865,0.07779256124147427,0.3628466292678084,0,0,0.9861280590735146,4.153588914415069,-0.2743542444693219,0.3628466292678084,0,0,0.9337909363406642,3.609390787995263,-0.8185523708891278,0.339896817347414,42094.46137527934,45,0.8058216929446861,3.758356922939737,-0.6695862359446538,0.3628466292678084,6801.948253413222,30,0.8643716405930486
134,2.8111250671381836,0.0,0.30547345709741186,0,0,0.9777669087972571,3.2835549221434426,0.472429855005259,0.3391191995770207,0,0,0.9809656993058368,3.119895262547342,0.3087701954091586,0.3391191995770207,0,0,0.9258777033415072,3.048290456999323,0.23716538986113944,0.31855918831828306,47201.93027093961,34,0.7976654517600434,2.879965854907604,0.0688407877694206,0.3391191995770207,4895.043466100316,30,0.8248793615849103
135,2.7988512243852184,0.0,0.34644211129465363,0,0,0.9776694097008574,3.3100060946515035,0.5111548702662851,0.3645375202405376,0,0,0.9811178595408053,3.161761278586894,0.36291005420167544,0.3645375202405376,0,0,0.9248826341712688,2.9104991338003465,0.11164790941512814,0.3293574281626748,41821.60319091297,46,0.791597737797259,2.9479596716340857,0.1491084472488673,0.3242089147616508,5611.750342706431,30,0.8304701756715657
136,2.1616034580599264,0.0,0.3569073969208111,0,0,0.9710862786756944,2.1337359624745114,-0.027867495585415014,0.3570454426058805,0,0,0.9707086532264666,2.081569293552128,-0.08003416450779843,0.3570454426058805,0,0,0.9099237288997295,1.9402553643602078,-0.22134809369971853,0.33221988302344607,9004.256235835124,53,0.8059164382613757,1.9775767618687154,-0.18402669619121093,0.3570454426058805,1222.5969450465604,20,0.870513111352362
137,3.190917434195507,0.0,0.32248984338363007,0,0,0.9804131566269255,3.438985737681377,0.24806830348587017,0.33492220359037245,0,0,0.981826036870354,3.2523017597307655,0.06138432553525863,0.3335173549277698,0,0,0.911601068646287,2.750341699542485,-0.4405757346530219,0.3063001834424234,22301.632477631436,57,0.8119671233341819,2.99190483605495,-0.19901259814055683,0.3047752599740709,8512.993055541403,30,0.835192258070871
138,2.006320109751067,0.0,0.3504218747128546,0,0,0.9688484406370453,1.9959608178279613,-0.010359291923105696,0.3491437412317893,0,0,0.9686867600597423,1.9607108417441734,-0.04560926800689358,0.3457891013150039,0,0,0.9011837972866782,1.7837743040826626,-0.22254580566840443,0.3182534600990229,9923.465777764093,54,0.8074247595438264,1.8779200472795736,-0.12840006247149338,0.3140432038745125,1301.4860550981236,20,0.866463294442795
139,3.901577072441439,0.0,0.3183082413399349,0,0,0.9839808367643267,3.75935610507612,-0.14222096736531897,0.2862160582003846,0,0,0.9833745765430545,3.655552202366519,-0.24602487007492035,0.28431440169870387,0,0,0.9281912536369104,2.5325792451153384,-1.3689978273261008,0.23008527013964683,26543.48988675903,43,0.7983510060393717,3.354671373612006,-0.5469056988294332,0.254643115985916,5962.106471744372,30,0.8491550763051483
140,2.263437650061998,0.0,0.3836124110991762,0,0,0.9723871342343855,2.4032233114260912,0.1397856613640931,0.3955659947000183,0,0,0.9739869180658897,2.3243784296645584,0.06094077960256028,0.3955659947000183,0,0,0.9058848443584481,1.9823589972566646,-0.2810786528053335,0.36707357576871946,13031.908476584216,52,0.8172386098171159,2.284066711296882,0.02062906123488384,0.3505798955839807,2377.716867466182,30,0.8556786713740788
141,2.1998203378035512,0.0,0.38035611123375496,0,0,0.9715885888833975,2.416377634569289,0.21655729676573765,0.38696768327568043,0,0,0.9741336705564254,2.302912672308722,0.10309233450517086,0.38696768327568043,0,0,0.9022964167676042,2.188814520363045,-0.011005817440506327,0.3576103174887603,8780.716855215884,57,0.8071807796680734,2.1873287579508793,-0.012491579852671908,0.38696768327568043,1003.8990784138048,20,0.8827280824514456
142,4.406809831270878,0.0,0.2936287541874031,0,0,0.9858174047909901,3.849169587749242,-0.5576402435216359,0.30629468801153287,0,0,0.9837627315255428,3.7616380511430587,-0.6451717801278192,0.30629468801153287,0,0,0.9119399592687175,2.1105911659878998,-2.296218665282978,0.2851137981951031,16236.76462227422,47,0.8152250947395716,3.4173572626560285,-0.9894525686148494,0.27380522616718067,2620.729405318354,30,0.8539997487023556
143,5.0743611833686915,0.0,0.34761176471420524,0,0,0.9876831786817137,4.841881800207969,-0.23247938316072236,0.31748449750887175,0,0,0.9870897024722707,4.6332148170996925,-0.44114636626899895,0.3114978008115404,0,0,0.944689925274366,3.0430105595879318,-2.0313506237807597,0.22580012465631538,43208.61818973177,46,0.7978609445150594,4.177140248168347,-0.8972209352003446,0.2817752018625442,5874.171534976986,30,0.88004343083658
144,2.0404610596754655,0.0,0.3393386972785189,0,0,0.96936966784853,2.1138384175303084,0.0733773578548429,0.36992697914598527,0,0,0.9704329340021072,2.0507323109249795,0.010271251249514002,0.36992697914598527,0,0,0.9055215549256113,1.9888919818361996,-0.0515690778392659,0.34558845076723627,9091.797883031879,46,0.8027547011406596,1.9751296708416686,-0.06533138883379697,0.32639011315881755,882.5191393004357,20,0.8733111118851115
145,1.6105638906960011,0.0,0.3215454592467662,0,0,0.9611937158401144,1.6459417828276306,0.03537789213162945,0.3421244505182902,0,0,0.9620272642368188,1.6378474384373174,0.02728354774131625,0.3421244505182902,0,0,0.9046003941923435,1.5346512768218392,-0.07591261387416193,0.3153900000867429,8679.036992953384,43,0.8019284675115361,1.5771694854958618,-0.033394405200139365,0.30307126550562075,914.1240138886747,20,0.8411972195465524
146,2.8159222339277394,0.0,0.3342756362732416,0,0,0.9778047847888104,3.4816577602344667,0.6657355263067273,0.34276188526253976,0,0,0.9820477120651921,3.296166163950278,0.48024393002253873,0.34276188526253976,0,0,0.9298427359247996,2.700983554369403,-0.11493867955833625,0.3205196567004575,37430.36204447325,50,0.7902920823380005,3.0361680926278796,0.22024585870014013,0.30532984038351113,5804.705088937961,30,0.8343402034569581
147,2.5090957255074837,0.0,0.33044029457784097,0,0,0.9750906275258354,2.737445526811326,0.22834980130384208,0.35105034238476257,0,0,0.9771673911826642,2.6039857092774366,0.09488998376995283,0.35105034238476257,0,0,0.9087936622870706,2.259813909822177,-0.24928181568530672,0.3283481537446835,12217.714478730362,45,0.8092004044406235,2.467211443684302,-0.04188428182318171,0.35105034238476257,1324.2549811591034,20,0.8973718116894172
148,2.14248742849607,0.0,0.24763431581737222,0,0,0.9708283002417092,2.2019805902546903,0.05949316175862007,0.24926059520748353,0,0,0.9716164618904425,2.144211508003434,0.0017240795073636406,0.24553712053251067,0,0,0.9067254011572,1.926614218794966,-0.21587320970110424,0.23013426451132046,9651.159243824402,49,0.8144648227883147,2.030365178863769,-0.11212224963230133,0.22453286348669468,1572.515466441259,20,0.8766730508006538
149,3.8030829671272497,0.0,0.4160580884146716,0,0,0.9835659646291622,3.6803628642717836,-0.12272010285546608,0.44443490902032207,0,0,0.9830159817682809,3.4466462798165014,-0.3564366873107483,0.44443490902032207,0,0,0.9292784733394079,3.0195039030008304,-0.7835790641264193,0.40939244856536067,36316.96371393717,46,0.7978132683837178,3.2596398118329724,-0.5434431552942773,0.4038827452568421,8956.020902464074,40,0.7964903154145274
150,2.0676439408016956,0.0,0.2950311512012235,0,0,0.9697723583994996,2.092943131194921,0.02529919039322559,0.3199013213130899,0,0,0.9701377457091646,2.0263513607569537,-0.0412925800447419,0.3199013213130899,0,0,0.9013004339359543,1.8888239837362168,-0.1788199570654787,0.3008029650860848,11787.862130395042,51,0.8023536444072633,1.9487368666217681,-0.11890707417992741,0.28458777655841355,1463.4364488559238,20,0.8707223933698228
151,2.5087942830255625,0.0,0.37556172639193575,0,0,0.9750876345570167,2.3269170730017104,-0.18187721002385215,0.36726059331785127,0,0,0.9731403154277678,2.275253577119937,-0.2335407059056256,0.36726059331785127,0,0,0.9011099236311015,1.7457662279854371,-0.7630280550401254,0.33771332106678603,9611.507286667693,52,0.7991327708009766,2.1386464084128862,-0.3701478746126763,0.3274841393200569,844.1547899764178,20,0.8830669723247052
152,3.2019585099291237,0.0,0.361667961723171,0,0,0.9804806964842954,3.747613438612053,0.5456549286829295,0.3861430759973141,0,0,0.9833227196391026,3.514695049457771,0.3127365395286472,0.3861430759973141,0,0,0.9359819832469075,3.3835419900891526,0.1815834801600289,0.3580704006605488,46970.1424036574,46,0.8018149975927258,3.331608532384097,0.12965002245497326,0.3413326674398858,8616.299447387868,40,0.7989846929865442
153,1.933787801634368,0.0,0.31279023022159613,0,0,0.9676800112467473,1.9616257913675272,0.02783798973315932,0.31850697014090323,0,0,0.9681355395727105,1.9248853501754806,-0.00890245145888735,0.31850697014090323,0,0,0.8993432585404957,1.7944477241824757,-0.13934007745189225,0.29181128699314096,5305.550553070057,55,0.8071041315661411,1.832158527494909,-0.10162927413945888,0.28527564655994425,1627.7373645781502,20,0.8638043157153064
154,5.143317983502032,0.0,0.35902688414197714,0,0,0.9878483111095837,4.665894186418177,-0.47742379708385574,0.34900089230170545,0,0,0.9866047336260213,4.532306444816373,-0.6110115386856592,0.34900089230170545,0,0,0.9227740001684476,2.6123402893757235,-2.530977694126309,0.3266235375478723,27546.729398788688,43,0.8081117718815307,3.997468592905158,-1.1458493905968745,0.32225290246688615,4298.862753188101,30,0.8728176613112005
155,2.3580807903594554,0.0,0.259022230486682,0,0,0.9734953949603767,2.5549705981861743,0.19688980782671894,0.29922907103395163,0,0,0.9755378789703607,2.4614060342191677,0.10332524385971231,0.29922907103395163,0,0,0.9009712348912297,2.2049557645125737,-0.1531250258468817,0.2854202143545591,16636.27259285799,44,0.7962076843043622,2.321120954957533,-0.03695983540192227,0.29922907103395163,1053.4778832240413,20,0.8921344007153845
156,3.600537733693228,0.0,0.2954349553081255,0,0,0.982641481738926,3.5293108882308806,-0.07122684546234748,0.3298969198793398,0,0,0.9822891116022953,3.331302615688005,-0.26923511800522304,0.3298969198793398,0,0,0.9193258520752863,2.9528396376565516,-0.6476980960366765,0.3050365505932107,40193.935635691974,48,0.7893144382021398,3.0839863519121624,-0.5165513817810656,0.29476936440654666,5940.880218960479,30,0.8382591715400421
157,2.0320672692679853,0.0,0.37434640299088046,0,0,0.9692431441885708,2.053363653823131,0.021296384555145487,0.365506571793009,0,0,0.9695605458114911,1.9866843485381207,-0.045382920729864606,0.365506571793009,0,0,0.899326637153181,1.91659579622832,-0.11547147303966532,0.3377943691152916,5920.298782825963,60,0.804700609975437,1.907163625844394,-0.12490364342359128,0.3287824728062136,1250.4527645787443,20,0.86860539215104
158,4.740904931561074,0.0,0.4070953742503665,0,0,0.986816862834788,4.778131007142625,0.03722607558155122,0.4151800869294564,0,0,0.9869169225236265,4.600557278931444,-0.14034765262962967,0.4151800869294564,0,0,0.923921263861429,2.6009917951708816,-2.1399131363901924,0.3833052204341421,20432.303956606247,47,0.7991537840017787,4.116261620491625,-0.6246433110694491,0.37137482563945484,5793.081202392649,30,0.8758121807786035
159,3.728508133629905,0.0,0.3330725693383603,0,0,0.983237263334289,3.89976227086357,0.17125413723366512,0.3405257485530601,0,0,0.9839715617140341,3.72507846992942,-0.0034296637004849195,0.3405257485530601,0,0,0.9278525115881795,2.78574670901629,-0.9427614246136149,0.31781096216473237,35172.87575581131,48,0.8063593025442621,3.3180206307306044,-0.4104875028993007,0.3060115039353774,5423.9225152935,30,0.8481068572536591
160,2.801375265966564,0.0,0.4070528801031756,0,0,0.9776895295823798,2.5139977640440403,-0.28737750192252376,0.4360659078331692,0,0,0.9751391982547105,2.458410290697094,-0.3429649752694699,0.4360659078331692,0,0,0.905934544618401,2.108026028272218,-0.693349237694346,0.4130331233541444,12393.254885692812,53,0.7931742681531014,2.310307116851326,-0.4910681491152382,0.4360659078331692,977.8117767040943,20,0.8916089016688085
161,2.2735174962186147,0.0,0.34616437428304553,0,0,0.9725095583808121,2.2589878233108442,-0.014529672907770408,0.35488851421250756,0,0,0.9723319730916878,2.1774426424570317,-0.09607485376158298,0.35488851421250756,0,0,0.9081466099199564,2.16330932695115,-0.11020816926746457,0.32760766708590766,14210.652531968713,50,0.8139079471740394,2.078478446952156,-0.19503904926645887,0.35488851421250756,1418.8859343622298,20,0.8794830606441897
162,3.935647783905826,0.0,0.38887740554545536,0,0,0.9841195138814038,3.9103523573098764,-0.02529542659594952,0.40012591568170364,0,0,0.9840167856272173,3.6236703281646188,-0.31197745574120717,0.40012591568170364,0,0,0.9327339470962694,3.2510838146989864,-0.6845639692068395,0.37003029403836685,40886.600517157196,40,0.8049270308241266,3.4637691412188802,-0.4718786426869457,0.3542864569770913,10544.409363688468,40,0.8058724859991836
163,2.3997835837071726,0.0,0.3178925062426064,0,0,0.9739559848544966,2.521972353620385,0.12218876991321226,0.31832259993864687,0,0,0.9752156234945084,2.427123130802775,0.0273395470956026,0.31832259993864687,0,0,0.9072953862566719,2.2331941045166523,-0.16658947919052025,0.29677957491532053,6471.988222264863,53,0.8196129624351585,2.303782188599462,-0.09600139510771077,0.28358504682515473,1601.1460994592146,20,0.8909042156165293
164,2.36288074640542,0.0,0.27512089625680775,0,0,0.9735492364161503,2.685067544405927,0.3221867980005073,0.3076671497642096,0,0,0.9767231181464271,2.557511189165982,0.19463044276056207,0.3076671497642096,0,0,0.9046924990856098,2.241488591785163,-0.12139215462025676,0.28680465424332247,16897.132716095213,48,0.807686532321153,2.4438769341287423,0.08099618772332251,0.2737614584918646,1211.5866700998126,20,0.8970008279347526
165,2.183185253966641,0.0,0.2721432063816848,0,0,0.9713721041828935,2.282751940693971,0.09956668672732993,0.3221689050024358,0,0,0.9726200189897846,2.2149063815682246,0.03172112760158363,0.3221689050024358,0,0,0.9040591504145005,2.1089770783099415,-0.07420817565669946,0.2925317511817387,15853.274797459871,48,0.8012313445267223,2.1318541295227784,-0.051331124443862564,0.2879709853391377,1459.9870657235701,20,0.8827107059966975
166,1.7699419732770272,0.0,0.3339276077846193,0,0,0.9646881078907451,1.969172138753712,0.19923016547668482,0.36469986935166626,0,0,0.9682607737688407,1.9230214707768505,0.1530794974998233,0.36469986935166626,0,0,0.9089973759214948,1.9602606425705857,0.19031866929355856,0.3348309236216056,13665.37133030684,38,0.8018530405008537,1.8379835244264653,0.0680415511494381,0.36469986935166626,478.1494702807282,20,0.8620433368165288
167,2.43285786484696,0.0,0.31218133486231564,0,0,0.974310048727844,2.4269058692150107,-0.005951995631949369,0.32428944238683505,0,0,0.97424704402721,2.3568817857171065,-0.0759760791298536,0.32428944238683505,0,0,0.9098384987792909,2.199420022180213,-0.23343784266674694,0.29758059721757146,13148.355715263107,51,0.8182719673735972,2.2253417867204806,-0.20751607812647954,0.32428944238683505,1005.540886239369,20,0.8873324176148283
168,1.5940973742947984,0.0,0.31248852555888745,0,0,0.9607928593272735,1.6215844779404813,0.027487103645682964,0.3035744434728037,0,0,0.9614559438163062,1.599958341683986,0.005860967389187621,0.3035744434728037,0,0,0.9023396802569964,1.54825129942731,-0.04584607486748826,0.2774098639060454,5967.823123954375,55,0.8068539422777068,1.5636532577703728,-0.03044411652442558,0.2720355580225187,1158.6743715695097,20,0.8396149514357267
169,2.1750524217875085,0.0,0.3100666161476543,0,0,0.971265060384781,2.492452652589575,0.3174002308020665,0.337724334211204,0,0,0.9749242979861364,2.3661550201440567,0.1911025983565482,0.337724334211204,0,0,0.9022676037574575,2.5185026201900818,0.3434501984025733,0.31283619059257006,25772.71525703506,42,0.808151855334926,2.2810604854698804,0.10600806368237192,0.3011621918981062,1678.4834003418912,20,0.890031626329464
170,2.6634843626652347,0.0,0.38139430936411706,0,0,0.9765344971136009,2.872073166481129,0.2085888038158945,0.3960665017959784,0,0,0.9782387159458841,2.784543637633492,0.1210592749682573,0.3960665017959784,0,0,0.9124632141850157,2.4588445727816164,-0.2046397898836183,0.36305728108880747,16658.792663740547,50,0.8154567021234381,2.551791932290732,-0.11169243037450283,0.35178287702366273,6947.395085781085,30,0.8050738030655297
171,2.250230289993833,0.0,0.2945984105396039,0,0,0.9722250650176025,2.398638832719225,0.14840854272539206,0.30989615922426916,0,0,0.9739433958750701,2.333252316753189,0.08302202675935577,0.3069998662277262,0,0,0.9035679163855088,2.100182549671687,-0.15004774032214607,0.28404008746972603,13176.8020568899,52,0.8051065767380271,2.209776907969132,-0.04045338202470106,0.282236276819859,2357.648786051736,20,0.8870187080324466
172,2.044197002201202,0.0,0.3064241352879673,0,0,0.9694256473653471,2.1818134140866996,0.13761641188549767,0.3144029799314968,0,0,0.9713537812663461,2.109284119689159,0.06508711748795726,0.3144029799314968,0,0,0.9051807661049373,1.934646865781596,-0.10955013641960587,0.29178321945512214,13666.281698161732,43,0.8008083815489362,2.0332254161789804,-0.01097158602222148,0.27790139294523597,1866.0787148144063,20,0.8748468596443705
173,1.7882646159740427,0.0,0.40593657029106966,0,0,0.9650499151849755,1.9740922799105498,0.18582766393650707,0.43638629032933396,0,0,0.968339879226501,1.9176702219819484,0.12940560600790563,0.43638629032933396,0,0,0.9087434335716315,2.0719991836192206,0.2837345676451779,0.4044167757475719,14818.766341563849,42,0.7957236215184585,1.8425313612803988,0.05426674530635611,0.43638629032933396,0.0,20,0.8605321220455675
174,2.0032115152740344,0.0,0.3093163444119177,0,0,0.9688000994785365,2.162406536453201,0.1591950211791664,0.3121173246059292,0,0,0.9710938331171517,2.1084833165883947,0.10527180131436031,0.3121173246059292,0,0,0.9110728537888311,1.9370185304085357,-0.06619298486549874,0.2916961519697704,12102.111992297981,45,0.8092865631359123,2.0065647495311767,0.00335323425714229,0.2771189300834056,1182.9332591011892,20,0.8752498579770389
175,1.5558591617959494,0.0,0.3276848953401976,0,0,0.9598292689115541,1.6618580156638982,0.10599885386794883,0.3563204320098535,0,0,0.9623910178743575,1.6354677499140058,0.07960858811805638,0.3563204320098535,0,0,0.9006395641766684,1.5972078804413312,0.04134871864538181,0.3245297880311028,6167.920891575684,52,0.8029358784846755,1.581069945372425,0.02521078357647566,0.3179405654317367,1178.655012767193,20,0.8418112632464774
176,5.122627116021147,0.0,0.35072039955966494,0,0,0.9877992290704647,4.55875727147344,-0.5638698445477068,0.3598730097829927,0,0,0.9862901233213061,4.4064632493367455,-0.7161638666844015,0.3559211827287857,0,0,0.9432651571444219,3.7334728857500297,-1.3891542302711173,0.3309163275615456,65167.908262458084,45,0.8037938834127306,3.96014281758433,-1.162484298436817,0.32584660797428017,6041.405989090461,30,0.8722867839768721
177,2.220067238458911,0.0,0.31517999906510247,0,0,0.9718476995122971,2.288634204530384,0.06856696607147272,0.32485733828866564,0,0,0.9726911361036725,2.208825448702274,-0.011241789756637033,0.32485733828866564,0,0,0.9037950236743026,2.0005227393609033,-0.21954449909800777,0.30314176192256787,6642.672229698725,58,0.8097799015813648,2.10323404392585,-0.11683319453306096,0.2908843089038696,1379.5277152057695,20,0.8809685245862009
178,1.9936643276720747,0.0,0.24164124132613807,0,0,0.9686506905237258,2.144750708310369,0.1510863806382945,0.24447273316718918,0,0,0.9708590841080839,2.0541676802362723,0.06050335256419759,0.24447273316718918,0,0,0.8965517751814895,2.0475837263727352,0.05391939870066054,0.22081023720516155,11911.060066843442,51,0.7950392475233329,1.99953140863529,0.00586708096321531,0.21627824278138316,1554.515534435213,20,0.8750992370257731
179,1.7212097097819452,0.0,0.35981287805849627,0,0,0.9636883294087866,1.7655083932712508,0.044298683489305546,0.3682708270950072,0,0,0.96459896595612,1.7291500031783715,0.007940293396426323,0.3682708270950072,0,0,0.9024046427496843,1.6970245542040754,-0.02418515557786982,0.33758386354292336,4837.339781809784,58,0.8113736494812868,1.686364256743895,-0.0348454530380502,0.32840514673326915,1383.34170434224,20,0.852095926786036
180,1.7304620622586364,0.0,0.2797338659050685,0,0,0.9638824789267997,1.9086873865446712,0.17822532428603477,0.3027653627878031,0,0,0.9672522218007699,1.8489372434446238,0.11847518118598743,0.3027653627878031,0,0,0.9087285023953344,1.9037631518522182,0.17330108959358181,0.29460698595765333,15122.860856810006,43,0.8052856548383721,1.7820686103889665,0.051606548130330054,0.3027653627878031,0.0,20,0.8595620498516536
181,4.9705837916774485,0.0,0.32188195424083915,0,0,0.98742602426205,4.9486797505698785,-0.021904041107569938,0.33930199433635416,0,0,0.9873703688356874,4.7703907636962715,-0.200193027981177,0.33930199433635416,0,0,0.9240104180230464,2.670524826510223,-2.3000589651672256,0.3159206911112416,23379.768534631687,47,0.8060166633716778,4.167302899266126,-0.8032808924113226,0.3061522330654182,5370.420614886711,30,0.879930149057397
182,1.7389452782709551,0.0,0.34401621661872234,0,0,0.9640586735068833,1.763625177014773,0.02467989874381793,0.34933543499042125,0,0,0.9645598398450204,1.7403116499953575,0.0013663717244023488,0.34933543499042125,0,0,0.8994403464465248,1.6241772894240962,-0.1147679888468589,0.32416220241721977,10685.120551289492,47,0.8067923559128832,1.6791473197205595,-0.0597979585503956,0.34933543499042125,838.5059715361342,20,0.8502704461736607
183,2.4120595861519947,0.0,0.2775109118287309,0,0,0.9740885339819869,2.5426271951792994,0.1305676090273047,0.3070405491168277,0,0,0.9754191254940964,2.3960173330628076,-0.016042253089187053,0.3070405491168277,0,0,0.8982686825189129,2.4030597350619702,-0.008999851090024436,0.2844909468440452,20964.765716649054,43,0.7988215110708905,2.318551013894883,-0.09350857225711184,0.2763441915011084,1287.634741940969,20,0.8923781146420353
184,1.980834260020562,0.0,0.3200919699518408,0,0,0.9684476378153156,1.8218169479604973,-0.15901731206006464,0.32212625212125734,0,0,0.9656935895398449,1.7868906338707755,-0.19394362614978644,0.32212625212125734,0,0,0.9020645154869308,1.715007495065871,-0.26582676495469104,0.3000931313516793,9435.678363249857,46,0.8130129482118209,1.7296645749429285,-0.2511696850776335,0.32212625212125734,849.2510871551195,20,0.8529031845453766
185,2.1107023260333384,0.0,0.28802925032014065,0,0,0.9703890031156327,2.2711190396300585,0.16041671359672005,0.2963261877376948,0,0,0.9724780676036371,2.1586781645403184,0.04797583850697995,0.2963261877376948,0,0,0.9102447042358077,2.2951019864297963,0.18439966039645794,0.2739006045941915,22887.91862843892,44,0.8024811024956613,2.0888527402293886,-0.0218495858039498,0.262987254778741,1628.799871936561,20,0.8805210038906828
186,1.7467013319783902,0.0,0.31592077005785707,0,0,0.9642182673959435,2.0008265325203722,0.25412520054198207,0.3541288299282759,0,0,0.968762546666268,1.9105866696014815,0.16388533762309132,0.3541288299282759,0,0,0.8985912245496677,1.9007749550818063,0.1540736231034161,0.3285428860907597,13193.735087151288,50,0.7972086239535401,1.862253952453109,0.11555262047471881,0.31533482606328145,697.069234732214,20,0.8653536504148344
187,1.844987965606901,0.0,0.2946720614631311,0,0,0.9661244402862862,1.824412777005418,-0.020575188601483108,0.2987359761865432,0,0,0.9657424017263313,1.7873170669708982,-0.05767089863600283,0.29533821040669617,0,0,0.9020844744216039,1.7166862583873528,-0.12830170721954826,0.27249859214327116,7338.73304796441,50,0.8104187782336767,1.7276510429352159,-0.11733692267168516,0.27058947658241217,1053.764270318006,20,0.8545759382588429
188,2.3632906763547394,0.0,0.30699859509304944,0,0,0.9735538244933953,2.5272690323597655,0.16397835600502608,0.3280156844341309,0,0,0.9752697480166398,2.41573162589333,0.052440949538590687,0.3280156844341309,0,0,0.9016860989630116,2.2904812681702906,-0.07280940818444881,0.3010488367542776,13148.473376877431,51,0.8042036980456011,2.3167500769058957,-0.0465405994488437,0.29238907416796955,1621.4961759872674,20,0.8924191674896528
189,1.7928380244825959,0.0,0.32662134989513103,0,0,0.9651390704868404,1.9076630875919054,0.11482506310930951,0.336685240848857,0,0,0.9672317901662688,1.872526824017266,0.07968879953467001,0.3338729578201189,0,0,0.906542386043595,1.812289514499845,0.019451490017249107,0.306213604092038,9915.199616126214,52,0.805310876116795,1.8139313277753044,0.021093303292708532,0.3035028789536895,1797.18631203645,20,0.8601656420171611
190,2.208142560680624,0.0,0.3258019689238946,0,0,0.9716956680637796,2.3636653154636504,0.15552275478302624,0.32306204415198086,0,0,0.9735570332087158,2.283895465795994,0.0757529051153698,0.32306204415198086,0,0,0.9042198049263341,2.0548859993628388,-0.15325656131778542,0.2993614952090072,11363.514457415924,52,0.8085572152947789,2.1681450016801493,-0.03999755900047486,0.28594129036067595,1317.1516464279878,20,0.8840246345032261
191,4.025147976349166,0.0,0.3258470490010722,0,0,0.9844726205428384,4.206015173897252,0.18086719754808556,0.33090213846475613,0,0,0.9851387864451185,4.064073830034454,0.03892585368528767,0.32519550601108976,0,0,0.9292581749191395,2.8911810093977843,-1.133966966951382,0.3134492311820132,30634.112352373253,42,0.8124677145913802,3.7127392381715794,-0.3124087381775871,0.3013589405801153,7843.79873506347,30,0.8620907353096472
192,2.8104851805404123,0.0,0.2944795902078939,0,0,0.9777618468039806,2.6714190751803972,-0.13906610536001507,0.34152242849345715,0,0,0.976604194908738,2.564668285457256,-0.24581689508315652,0.34152242849345715,0,0,0.9025215068094362,2.3213936049254547,-0.48909157561495764,0.31841416970105174,18216.554044851127,47,0.8008890402347919,2.4033307905515744,-0.4071543899888379,0.34152242849345715,4459.419971791591,30,0.7930899406481067
193,2.117343453998746,0.0,0.3023901807784249,0,0,0.9704818791292624,2.235628279139503,0.11828482514075667,0.3125449085067323,0,0,0.9720425936088584,2.1639542717045046,0.04661081770575848,0.30938587560179426,0,0,0.9046862680097721,2.1082029848609225,-0.009140469137823626,0.285900261788246,12054.74292557922,49,0.8006233242150482,2.0772061451663895,-0.040137308832356666,0.2824276626940377,1745.1838544397388,20,0.8798619351647575
194,3.5429987343010843,0.0,0.2831233181532605,0,0,0.9823595759730551,3.707152992154514,0.16415425785342963,0.29400352349990894,0,0,0.9831407011978547,3.4574522392473286,-0.08554649505375567,0.29165936447062973,0,0,0.9222693528635683,2.8037910812194924,-0.7392076530815919,0.26686330079748943,43017.849308946934,46,0.7902423309447146,3.2452706048979736,-0.29772812940311066,0.26669609851833964,7983.709901151453,30,0.8445244340113404
195,1.7638291358890146,0.0,0.3215465670311724,0,0,0.9645657287725331,1.7704790026756352,0.006649866786620606,0.33440947735596843,0,0,0.9646959480493008,1.749665372047545,-0.014163763841469557,0.33440947735596843,0,0,0.8999808747456628,1.655419539857332,-0.10840959603168265,0.30721497845832396,5753.702574023726,58,0.8081603218240874,1.6841440920427624,-0.07968504384625219,0.2994472060898591,1676.253897982015,20,0.8509529127454108
196,3.8406887428009533,0.0,0.31043995124563645,0,0,0.983726877082359,3.9650238224900467,0.12433507968909341,0.3220353848702547,0,0,0.9842358772579376,3.822700273551144,-0.017988469249809125,0.31556438566249123,0,0,0.9296962929949144,2.696911956604894,-1.1437767861960593,0.30321935290791796,25014.461306189813,43,0.8044180809541899,3.5481753185714937,-0.2925134242294596,0.29077118201532215,5992.995049195847,30,0.8594288094805238
197,1.8552953832904586,0.0,0.34054198699071747,0,0,0.9663126418774605,1.9084022090162671,0.05310682572580849,0.33870824031537045,0,0,0.9672500903086791,1.8536717472272204,-0.0016236360632382318,0.33870824031537045,0,0,0.9055895701990695,1.8302635470109518,-0.02503183627950678,0.3091493711916673,11276.064613922794,45,0.8025194460557196,1.7925741125427646,-0.06272127074769407,0.3007865454086444,1393.4858198800173,20,0.8603164366400222
198,1.897552379058529,0.0,0.2782184404784994,0,0,0.9670628327893592,2.0632994618639993,0.16574708280547035,0.286482536001546,0,0,0.969708711141941,1.9889760535384033,0.09142367447987443,0.2835222407704001,0,0,0.9057303884245181,2.0421011396154998,0.14454876055697086,0.2637783375136781,15945.700773189365,55,0.8094310297568349,1.909818397907154,0.012266018848624993,0.2579700875703579,1048.442621626724,20,0.8693009726229082
199,1.4959651555945537,0.0,0.3219564417677993,0,0,0.9582209520280169,1.5485552113251706,0.052590055730616925,0.322884236973948,0,0,0.9596315325035962,1.5370517445000282,0.041086588905474564,0.322884236973948,0,0,0.9023996927048878,1.496233984427869,0.00026882883331524887,0.2985098059467804,4296.532760172165,48,0.8027466117273208,1.4890032398140836,-0.006961915780470118,0.28477387996825426,271.1124912017219,20,0.831499351142985
