symbol,group,bars,first,last,delisted,start_year
AAPL,survivor,11496,1980-12-12,2026-07-27,no,1980
ABBV,survivor,3411,2013-01-02,2026-07-27,no,2013
ABT,survivor,11684,1980-03-17,2026-07-27,no,1980
ADBE,survivor,10064,1986-08-13,2026-07-27,no,1986
ADI,old_guard,11684,1980-03-17,2026-07-27,no,1980
ADM,old_guard,11684,1980-03-17,2026-07-27,no,1980
ADP,old_guard,11684,1980-03-17,2026-07-27,no,1980
ADSK,old_guard,10347,1985-06-28,2026-07-27,no,1985
AEO,casualty,8124,1994-04-14,2026-07-27,no,1994
AEP,survivor,14262,1970-01-02,2026-07-27,no,1970
AET,delisted_candidate,5781,1995-12-14,2018-11-29,yes,1995
AIG,survivor,13504,1973-01-02,2026-07-27,no,1973
AKAM,survivor,6724,1999-10-29,2026-07-27,no,1999
ALK,old_guard,11684,1980-03-17,2026-07-27,no,1980
ALL,survivor,8343,1993-06-03,2026-07-27,no,1993
AMAT,old_guard,11684,1980-03-17,2026-07-27,no,1980
AMD,survivor,11684,1980-03-17,2026-07-27,no,1980
AMGN,survivor,10861,1983-06-17,2026-07-27,no,1983
AMT,survivor,7146,1998-02-27,2026-07-27,no,1998
AMZN,survivor,7344,1997-05-15,2026-07-27,no,1997
ANDV,delisted_candidate,11503,1972-07-13,2018-10-01,yes,1972
ANF,casualty,7504,1996-09-26,2026-07-27,no,1996
APA,survivor,11896,1979-05-15,2026-07-27,no,1979
APD,old_guard,11684,1980-03-17,2026-07-27,no,1980
ATHM,casualty,3173,2013-12-11,2026-07-27,no,2013
AVGO,survivor,4268,2009-08-06,2026-07-27,no,2009
AXP,survivor,13650,1972-06-01,2026-07-27,no,1972
BA,survivor,14262,1970-01-02,2026-07-27,no,1970
BAC,survivor,13470,1973-02-21,2026-07-27,no,1973
BAX,survivor,11276,1981-10-27,2026-07-27,no,1981
BBY,survivor,10397,1985-04-18,2026-07-27,no,1985
BDX,old_guard,13470,1973-02-21,2026-07-27,no,1973
BIIB,survivor,8776,1991-09-17,2026-07-27,no,1991
BKR,old_guard,9901,1987-04-06,2026-07-27,no,1987
BLK,survivor,6744,1999-10-01,2026-07-27,no,1999
BMY,survivor,13650,1972-06-01,2026-07-27,no,1972
BSX,survivor,8606,1992-05-19,2026-07-27,no,1992
C,survivor,12493,1977-01-03,2026-07-27,no,1977
CAG,old_guard,11684,1980-03-17,2026-07-27,no,1980
CAH,old_guard,10828,1983-08-04,2026-07-27,no,1983
CAT,survivor,14262,1970-01-02,2026-07-27,no,1970
CC,casualty,2791,2015-06-19,2026-07-27,no,2015
CCI,survivor,7027,1998-08-18,2026-07-27,no,1998
CDNS,old_guard,9856,1987-06-10,2026-07-27,no,1987
CI,survivor,11169,1982-03-31,2026-07-27,no,1982
CL,survivor,13421,1973-05-02,2026-07-27,no,1973
CLF,survivor,13470,1973-02-21,2026-07-27,no,1973
CLX,survivor,13470,1973-02-21,2026-07-27,no,1973
CMCSA,survivor,11684,1980-03-17,2026-07-27,no,1980
CME,old_guard,5945,2002-12-06,2026-07-27,no,2002
CMI,old_guard,13470,1973-02-21,2026-07-27,no,1973
COF,survivor,7974,1994-11-16,2026-07-27,no,1994
COP,survivor,11231,1981-12-31,2026-07-27,no,1981
COST,survivor,10089,1986-07-09,2026-07-27,no,1986
COTY,survivor,3299,2013-06-13,2026-07-27,no,2013
CPB,survivor,13470,1973-02-21,2026-07-27,no,1973
CRM,survivor,5558,2004-06-23,2026-07-27,no,2004
CSCO,survivor,9175,1990-02-16,2026-07-27,no,1990
CSX,survivor,11523,1980-11-03,2026-07-27,no,1980
CVS,survivor,13470,1973-02-21,2026-07-27,no,1973
CVX,survivor,14262,1970-01-02,2026-07-27,no,1970
D,survivor,11684,1980-03-17,2026-07-27,no,1980
DAL,survivor,4838,2007-05-03,2026-07-27,no,2007
DD,survivor,13650,1972-06-01,2026-07-27,no,1972
DDS,casualty,11684,1980-03-17,2026-07-27,no,1980
DE,survivor,13650,1972-06-01,2026-07-27,no,1972
DGX,old_guard,7447,1996-12-17,2026-07-27,no,1996
DIS,survivor,14262,1970-01-02,2026-07-27,no,1970
DOV,old_guard,11684,1980-03-17,2026-07-27,no,1980
DOW,old_guard,1848,2019-03-20,2026-07-27,no,2019
DSL,casualty,3332,2013-04-26,2026-07-27,no,2013
DUK,survivor,11684,1980-03-17,2026-07-27,no,1980
DVN,survivor,10332,1985-07-22,2026-07-27,no,1985
EBAY,survivor,7001,1998-09-24,2026-07-27,no,1998
ECL,old_guard,13470,1973-02-21,2026-07-27,no,1973
ED,old_guard,14262,1970-01-02,2026-07-27,no,1970
EL,old_guard,7720,1995-11-17,2026-07-27,no,1995
EMR,survivor,13650,1972-06-01,2026-07-27,no,1972
EOG,old_guard,9269,1989-10-04,2026-07-27,no,1989
ESRX,delisted_candidate,6676,1992-06-09,2018-12-21,yes,1992
ETN,survivor,13650,1972-06-01,2026-07-27,no,1972
EXC,survivor,13421,1973-05-02,2026-07-27,no,1973
F,survivor,13650,1972-06-01,2026-07-27,no,1972
FAST,old_guard,9806,1987-08-20,2026-07-27,no,1987
FCX,survivor,7813,1995-07-10,2026-07-27,no,1995
FDX,survivor,12172,1978-04-12,2026-07-27,no,1978
FOX,delisted_candidate,1853,2019-03-13,2026-07-27,no,2019
GD,survivor,14262,1970-01-02,2026-07-27,no,1970
GE,survivor,14262,1970-01-02,2026-07-27,no,1970
GILD,survivor,8688,1992-01-22,2026-07-27,no,1992
GIS,survivor,11684,1980-03-17,2026-07-27,no,1980
GM,survivor,3943,2010-11-18,2026-07-27,no,2010
GNW,casualty,5577,2004-05-25,2026-07-27,no,2004
GOOGL,survivor,5518,2004-08-19,2026-07-27,no,2004
GS,survivor,6849,1999-05-04,2026-07-27,no,1999
GWW,old_guard,13470,1973-02-21,2026-07-27,no,1973
HAL,survivor,13650,1972-06-01,2026-07-27,no,1972
HAS,old_guard,11684,1980-03-17,2026-07-27,no,1980
HD,survivor,11301,1981-09-22,2026-07-27,no,1981
HON,survivor,14262,1970-01-02,2026-07-27,no,1970
HPE,survivor,2707,2015-10-19,2026-07-27,no,2015
HPQ,survivor,14262,1970-01-02,2026-07-27,no,1970
HRL,old_guard,11684,1980-03-17,2026-07-27,no,1980
HSY,old_guard,11684,1980-03-17,2026-07-27,no,1980
HUM,survivor,11231,1981-12-31,2026-07-27,no,1981
IBM,survivor,14262,1970-01-02,2026-07-27,no,1970
ICE,old_guard,5203,2005-11-16,2026-07-27,no,2005
INTC,survivor,11684,1980-03-17,2026-07-27,no,1980
INTU,old_guard,8400,1993-03-12,2026-07-27,no,1993
IP,old_guard,14262,1970-01-02,2026-07-27,no,1970
ITW,survivor,13456,1973-03-13,2026-07-27,no,1973
JBLU,old_guard,6111,2002-04-12,2026-07-27,no,2002
JCI,old_guard,9780,1987-09-28,2026-07-27,no,1987
JNJ,survivor,14262,1970-01-02,2026-07-27,no,1970
JPM,survivor,11684,1980-03-17,2026-07-27,no,1980
KHC,survivor,2781,2015-07-06,2026-07-27,no,2015
KLAC,old_guard,11541,1980-10-08,2026-07-27,no,1980
KMB,survivor,11684,1980-03-17,2026-07-27,no,1980
KMI,survivor,3885,2011-02-11,2026-07-27,no,2011
KO,survivor,14262,1970-01-02,2026-07-27,no,1970
KSS,survivor,8606,1992-05-19,2026-07-27,no,1992
LEG,old_guard,11684,1980-03-17,2026-07-27,no,1980
LH,old_guard,9147,1990-03-29,2026-07-27,no,1990
LIN,old_guard,8586,1992-06-17,2026-07-27,no,1992
LLY,survivor,13650,1972-06-01,2026-07-27,no,1972
LMT,survivor,14261,1970-01-02,2026-07-27,no,1970
LOW,survivor,11684,1980-03-17,2026-07-27,no,1980
LRCX,old_guard,10638,1984-05-04,2026-07-27,no,1984
LU,casualty,1439,2020-10-30,2026-07-27,no,2020
LUV,survivor,11736,1980-01-02,2026-07-27,no,1980
M,survivor,8678,1992-02-05,2026-07-27,no,1992
MA,old_guard,5073,2006-05-25,2026-07-27,no,2006
MAT,old_guard,12630,1976-06-17,2026-07-27,no,1976
MBI,casualty,9841,1987-07-01,2026-07-27,no,1987
MCD,survivor,14262,1970-01-02,2026-07-27,no,1970
MCK,old_guard,7978,1994-11-10,2026-07-27,no,1994
MCO,old_guard,7986,1994-10-31,2026-07-27,no,1994
MDLZ,survivor,6316,2001-06-13,2026-07-27,no,2001
MDT,survivor,13421,1973-05-02,2026-07-27,no,1973
MET,survivor,6615,2000-04-05,2026-07-27,no,2000
META,survivor,3566,2012-05-18,2026-07-27,no,2012
MKC,old_guard,13470,1973-02-21,2026-07-27,no,1973
MLM,old_guard,8162,1994-02-17,2026-07-27,no,1994
MMM,survivor,14262,1970-01-02,2026-07-27,no,1970
MO,survivor,14262,1970-01-02,2026-07-27,no,1970
MOS,survivor,9697,1988-01-26,2026-07-27,no,1988
MPC,survivor,3793,2011-06-24,2026-07-27,no,2011
MRK,survivor,14262,1970-01-02,2026-07-27,no,1970
MS,survivor,8413,1993-02-23,2026-07-27,no,1993
MSFT,survivor,10170,1986-03-13,2026-07-27,no,1986
MSM,old_guard,7701,1995-12-15,2026-07-27,no,1995
MU,survivor,10619,1984-06-01,2026-07-27,no,1984
NDAQ,old_guard,6056,2002-07-01,2026-07-27,no,2002
NEE,survivor,13470,1973-02-21,2026-07-27,no,1973
NEM,survivor,11684,1980-03-17,2026-07-27,no,1980
NFLX,survivor,6082,2002-05-23,2026-07-27,no,2002
NKE,survivor,11504,1980-12-02,2026-07-27,no,1980
NOC,survivor,11231,1981-12-31,2026-07-27,no,1981
NSC,survivor,11126,1982-06-02,2026-07-27,no,1982
NTAP,survivor,7718,1995-11-21,2026-07-27,no,1995
NUE,survivor,11684,1980-03-17,2026-07-27,no,1980
NVDA,survivor,6919,1999-01-22,2026-07-27,no,1999
NWL,old_guard,11684,1980-03-17,2026-07-27,no,1980
O,survivor,7995,1994-10-18,2026-07-27,no,1994
ORCL,survivor,10171,1986-03-12,2026-07-27,no,1986
OXY,survivor,11231,1981-12-31,2026-07-27,no,1981
PAYX,old_guard,10812,1983-08-26,2026-07-27,no,1983
PCAR,old_guard,11684,1980-03-17,2026-07-27,no,1980
PEG,old_guard,11736,1980-01-02,2026-07-27,no,1980
PEP,survivor,13650,1972-06-01,2026-07-27,no,1972
PFE,survivor,13650,1972-06-01,2026-07-27,no,1972
PG,survivor,14262,1970-01-02,2026-07-27,no,1970
PGR,survivor,11684,1980-03-17,2026-07-27,no,1980
PH,old_guard,11684,1980-03-17,2026-07-27,no,1980
PKG,old_guard,6662,2000-01-28,2026-07-27,no,2000
PLD,survivor,7211,1997-11-21,2026-07-27,no,1997
PM,survivor,4619,2008-03-17,2026-07-27,no,2008
PNC,survivor,12777,1975-11-17,2026-07-27,no,1975
PNR,old_guard,13420,1973-05-03,2026-07-27,no,1973
PPG,old_guard,11684,1980-03-17,2026-07-27,no,1980
PPL,old_guard,11684,1980-03-17,2026-07-27,no,1980
PRU,survivor,6192,2001-12-13,2026-07-27,no,2001
PSX,survivor,3592,2012-04-12,2026-07-27,no,2012
PYPL,survivor,2781,2015-07-06,2026-07-27,no,2015
QCOM,survivor,8714,1991-12-13,2026-07-27,no,1991
ROK,old_guard,11231,1981-12-31,2026-07-27,no,1981
RSG,old_guard,7060,1998-07-01,2026-07-27,no,1998
RTX,survivor,14262,1970-01-02,2026-07-27,no,1970
SBUX,survivor,8579,1992-06-26,2026-07-27,no,1992
SCHW,survivor,9784,1987-09-22,2026-07-27,no,1987
SGI,casualty,5685,2003-12-18,2026-07-27,no,2003
SHW,old_guard,11684,1980-03-17,2026-07-27,no,1980
SLB,survivor,11231,1981-12-31,2026-07-27,no,1981
SNPS,old_guard,8664,1992-02-26,2026-07-27,no,1992
SO,survivor,11231,1981-12-31,2026-07-27,no,1981
SPG,survivor,8208,1993-12-14,2026-07-27,no,1993
SPGI,old_guard,13470,1973-02-21,2026-07-27,no,1973
STT,old_guard,11684,1980-03-17,2026-07-27,no,1980
STX,survivor,5942,2002-12-11,2026-07-27,no,2002
STZ,old_guard,8650,1992-03-17,2026-07-27,no,1992
SWK,old_guard,11684,1980-03-17,2026-07-27,no,1980
SYK,survivor,11684,1980-03-17,2026-07-27,no,1980
SYY,survivor,13417,1973-05-08,2026-07-27,no,1973
T,survivor,10752,1983-11-21,2026-07-27,no,1983
TGT,survivor,13470,1973-02-21,2026-07-27,no,1973
TMUS,survivor,4848,2007-04-19,2026-07-27,no,2007
TRV,survivor,12777,1975-11-17,2026-07-27,no,1975
TSN,old_guard,11684,1980-03-17,2026-07-27,no,1980
TT,old_guard,11684,1980-03-17,2026-07-27,no,1980
TWX,delisted_candidate,6598,1992-03-19,2018-06-15,yes,1992
TXN,survivor,13650,1972-06-01,2026-07-27,no,1972
UAL,survivor,5149,2006-02-06,2026-07-27,no,2006
UNH,survivor,10523,1984-10-17,2026-07-27,no,1984
UNP,survivor,11736,1980-01-02,2026-07-27,no,1980
UPS,survivor,6716,1999-11-10,2026-07-27,no,1999
URI,old_guard,7193,1997-12-18,2026-07-27,no,1997
USB,survivor,13420,1973-05-03,2026-07-27,no,1973
V,old_guard,4617,2008-03-19,2026-07-27,no,2008
VLO,survivor,11230,1982-01-04,2026-07-27,no,1982
VMC,old_guard,13470,1973-02-21,2026-07-27,no,1973
VZ,survivor,10752,1983-11-21,2026-07-27,no,1983
WB,casualty,3086,2014-04-17,2026-07-27,no,2014
WDC,survivor,12031,1978-10-31,2026-07-27,no,1978
WFC,survivor,13650,1972-06-01,2026-07-27,no,1972
WHR,old_guard,13470,1973-02-21,2026-07-27,no,1973
WM,old_guard,9594,1988-06-22,2026-07-27,no,1988
WMB,survivor,11231,1981-12-31,2026-07-27,no,1981
WMT,survivor,13590,1972-08-25,2026-07-27,no,1972
WY,old_guard,13420,1973-05-03,2026-07-27,no,1973
XEL,survivor,13470,1973-02-21,2026-07-27,no,1973
XOM,survivor,14262,1970-01-02,2026-07-27,no,1970
YUM,survivor,7258,1997-09-17,2026-07-27,no,1997
ZBH,old_guard,6287,2001-07-25,2026-07-27,no,2001
ZTS,survivor,3390,2013-02-01,2026-07-27,no,2013
